CrashNum,Street1,Street1Other,Street1Located,Street2,Street2Other,Street2Located,CrashDate,CrashTime,City,County,CountyLocated,X,Y
RPD23-6918,NORTH HILLS BLVD,,NORTH HILLS BLVD,E GOLDEN VALLEY RD,,E GOLDEN VALLEY RD,2023-04-19T00:00:00.000,1415,RENO,WASHOE,WASHOE,256127.4965,4387664.583
LVM190700007066,S BRUCE ST,,S BRUCE ST,E CHARLESTON BLVD,,E CHARLESTON BLVD,2019-07-02T00:00:00.000,1002,LAS VEGAS,CLARK,CLARK,668657.225499999,4003199.6732
CCSO21-7927,N STEWART ST,,N STEWART ST,E ROBINSON ST,,E ROBINSON ST,2021-12-03T00:00:00.000,1835,CARSON CITY,CARSON CITY,CARSON CITY,261167.4269,4338966.4383
LVM211100036560,W CRAIG RD,,W CRAIG RD,OTHER,RAINBOW,OTHER,2021-11-09T00:00:00.000,1701,LAS VEGAS,CLARK,CLARK,658062.329499999,4012036.0504
NHP220101574,SR372,,SR372,PAHRUMP VALLEY BLVD,,PAHRUMP VALLEY BLVD,2022-01-24T00:00:00.000,1546,PAHRUMP,NYE,NYE,590697.803999999,4007325.48139999
LVM201000002136,S EASTERN AVE,,S EASTERN AVE,E VIKING RD,,E VIKING RD,2020-10-05T00:00:00.000,1727,,CLARK,CLARK,669282.0953,3998723.22729999
HP22-19242,SR582S,,BOULDER HWY SB,S MAJOR AVE,,S MAJOR AVE,2022-10-02T00:00:00.000,1908,HENDERSON,CLARK,CLARK,682822.720999999,3989118.1248
SPPD21-2410,4TH ST,,4TH ST,YORK WY,,YORK WY,2021-03-25T00:00:00.000,2031,SPARKS,WASHOE,WASHOE,263858.485299999,4381729.69649999
NLPD2211030021073,LAS VEGAS BLVD,,LAS VEGAS BLVD,WILLIAMS AVE,,WILLIAMS AVE,2022-11-03T00:00:00.000,1540,NORTH LAS VEGAS,CLARK,CLARK,,
CCSO19-5982,E WILLIAM ST,,E WILLIAM ST,N SALIMAN RD,,N SALIMAN RD,2019-09-04T00:00:00.000,1730,CARSON CITY,CARSON CITY,CARSON CITY,260985.951299999,4339334.84129999
LVM210200097252,N MOJAVE RD,,N MOJAVE RD,STEWART AVE,,STEWART AVE,2021-02-22T00:00:00.000,1012,LAS VEGAS,CLARK,CLARK,670400.262099999,4003864.0598
LVM210300018339,BLUE DIAMOND RD,,BLUE DIAMOND RD,ARVILLE ST,,ARVILLE ST,2021-03-04T00:00:00.000,1846,LAS VEGAS,CLARK,CLARK,662243.0482,3989495.17439999
LVM201000005933,S RAINBOW BLVD,,S RAINBOW BLVD,W WIGWAM AVE,,W WIGWAM AVE,2020-10-02T00:00:00.000,706,,CLARK,CLARK,658256.1621,3989133.0007
LVM231100010044,E WARM SPRINGS RD,,WARM SPRINGS RD,OTHER,S LAS VEGAS BLVD,S LAS VEGAS BLVD,2023-11-03T00:00:00.000,1846,LAS VEGAS,CLARK,CLARK,664678.415599999,3991807.74489999
BCPD19BC0757,US93 S,,US93 S,NEVADA WAY,,NEVADA WAY,2019-06-20T00:00:00.000,855,BOULDER CITY,,,695482.9148,3984943.5817
LVM210100131146,W SAHARA AVE,,W SAHARA AVE,S FORT APACHE RD,,S FORT APACHE RD,2021-01-29T00:00:00.000,1730,LAS VEGAS,CLARK,CLARK,653151.9725,4001307.87329999
LVM201100095710,S DURANGO DR,,S DURANGO DR,W FLAMINGO RD,,W FLAMINGO RD,2020-11-22T00:00:00.000,2125,,CLARK,CLARK,654885.908599999,3998337.9406
LVM221200074660,VIA MIRABEL ST,,VIA MIRABEL ST,LAKE MEAD BLVD,,SR147E,2022-12-19T00:00:00.000,1433,LAS VEGAS,CLARK,CLARK,671333.9791,4007338.9056
LVM211000036981,PARADISE RD,,PARADISE RD,E SAHARA AVE,,E SAHARA AVE,2021-10-09T00:00:00.000,1505,LAS VEGAS,CLARK,CLARK,666014.0279,4001461.56039999
RPD19-24062,S VIRGINIA ST,,S VIRGINIA ST,E PECKHAM LN,,E PECKHAM LN,2019-12-03T00:00:00.000,1717,RENO,WASHOE,WASHOE,259567.8151,4374954.07239999
LVM211100054964,FRO AVE,,FRO AVE,MARION DR,,MARION DR,2021-11-13T00:00:00.000,2139,LAS VEGAS,CLARK,CLARK,673479.7055,4003916.18569999
LYSO20LY00137,US50,,US50,APACHE DR,,APACHE DR,2020-01-11T00:00:00.000,1840,,LYON,LYON,295384.315,4359553.2027
RPD21-16727,KIETZKE LN,,KIETZKE LN,E PLUMB LN,,E PLUMB LN,2021-09-08T00:00:00.000,1344,RENO,WASHOE,WASHOE,260196.9219,4376631.5
BCPD22BC1038,FAIRWAY DR,,FAIRWAY DR,SANDRA DR,,SANDRA DR,2022-09-25T00:00:00.000,1923,BOULDER CITY,CLARK,CLARK,694853.097099999,3981544.5961
LVM210200030906,N WALNUT RD,,N WALNUT RD,E LAKE MEAD BLVD,,E LAKE MEAD BLVD,2021-02-07T00:00:00.000,2105,,CLARK,CLARK,671800.6556,4007347.48719999
HP19-07529,S TEXAS AVE,,S TEXAS AVE,E ATLANTIC AVE,,E ATLANTIC AVE,2019-04-03T00:00:00.000,2309,HENDERSON,CLARK,CLARK,681855.981399999,3989429.2243
HP19-22489,LA MESA DR,,LA MESA DR,HIGH VISTA DR,,HIGH VISTA DR,2019-10-09T00:00:00.000,1600,HENDERSON,CLARK,CLARK,673291.718399999,3993080.01259999
LVM230700042231,N NELLIS BLVD,,NELLIS BLVD,OTHER,E WASHINGTON AVE,E WASHINGTON AVE,2023-07-10T00:00:00.000,212,LAS VEGAS,CLARK,CLARK,674261.4736,4005767.2999
LVM190800014124,ESCONDIDO ST,,ESCONDIDO ST,E RENO AVE,,E RENO AVE,2019-08-04T00:00:00.000,2237,LAS VEGAS,CLARK,CLARK,667929.869699999,3996121.7694
HP23-16821,PASEO VERDE PKWY,,PASEO VERDE PKWY,S ARROYO GRANDE BLVD,,S ARROYO GRANDE BLVD,2023-08-28T00:00:00.000,618,HENDERSON,CLARK,CLARK,675161.7005,3988607.72949999
LVM190500003139,PEBBLE RD,,PEBBLE RD,OTHER,LAS VEGAS BLVD,OTHER,2019-05-01T00:00:00.000,1607,LAS VEGAS,CLARK,CLARK,664702.5135,3988637.9679
RPD21-10110,LAKESIDE DR,,LAKESIDE DR,W PLUMB LN,,W PLUMB LN,2021-06-08T00:00:00.000,1735,RENO,WASHOE,WASHOE,258638.273199999,4376652.4524
RPD20-14623,N VIRGINIA ST,,N VIRGINIA ST,TALUS WAY,,TALUS WAY,2020-08-20T00:00:00.000,2025,RENO,WASHOE,WASHOE,257198.144999999,4382972.9383
SPPD22-5502,VICTORIAN AVE,,VICTORIAN AVE,22ND ST,,22ND ST,2022-07-13T00:00:00.000,1646,SPARKS,WASHOE,WASHOE,261652.180499999,4379851.55519999
LVM190400041767,W WASHINGTON AVE,,W WASHINGTON AVE,TWIN LAKES DR,,TWIN LAKES DR,2019-04-09T00:00:00.000,1055,LAS VEGAS,CLARK,CLARK,662945.541299999,4005571.3022
LVM201000010176,S SLOAN LN,,S SLOAN LN,E SAHARA AVE,,E SAHARA AVE,2020-10-03T00:00:00.000,331,,CLARK,CLARK,675683.865299999,4001747.88399999
LVM210400064023,S LAS VEGAS BLVD,,S LAS VEGAS BLVD,E WIGWAM AVE,,E WIGWAM AVE,2021-04-14T00:00:00.000,2353,LAS VEGAS,CLARK,CLARK,664654.269399999,3989582.34349999
LVM190400002977,BROADBENT BLVD,,BROADBENT BLVD,CHERRY ST,,CHERRY ST,2019-04-01T00:00:00.000,1548,LAS VEGAS,CLARK,CLARK,677436.384899999,3996558.46959999
RPD21-5841,E 7TH ST,,E 7TH ST,LAKE ST,,LAKE ST,2021-04-05T00:00:00.000,2035,RENO,WASHOE,WASHOE,258286.682599999,4379850.1971
HP22-10023,WIGWAM ST,,WIGWAM ST,N STEPHANIE ST,,N STEPHANIE ST,2022-05-23T00:00:00.000,1230,HENDERSON,CLARK,CLARK,,
LVM230800090425,E HARMON AVE,,E HARMON AVE,PARADISE RD,,PARADISE RD,2023-08-26T00:00:00.000,443,LAS VEGAS,CLARK,CLARK,665961.8687,3997503.23149999
LVM230700008498,S UNIVERSITY CENTER DR,,E TWAIN AVE,E TWAIN AVE,,S UNIVERSITY CENTER DR,2023-07-02T00:00:00.000,2112,LAS VEGAS,CLARK,CLARK,666922.0679,3999071.1664
LVM211000028970,E FLAMINGO RD,,E FLAMINGO RD,S MARYLAND PKWY,S MARYLAND PKWY,S MARYLAND PKWY,2021-10-07T00:00:00.000,1823,LAS VEGAS,CLARK,CLARK,667596.990199999,3998250.0481
LVM201100108614,E TROPICANA AVE,,E TROPICANA AVE,S PECOS RD,,S PECOS RD,2020-11-25T00:00:00.000,1743,,CLARK,CLARK,670940.174499999,3996714.3388
LVM220600049020,KAREN AVE,,KAREN AVE,S MARYLAND PKWY,,S MARYLAND PKWY,2022-06-13T00:00:00.000,1517,LAS VEGAS,CLARK,CLARK,667801.5394,4001177.0522
LVM190100145377,IRON CROW AVE,,IRON CROW AVE,S EL CAPITAN WAY,,S EL CAPITAN WAY,2019-01-31T00:00:00.000,1526,LAS VEGAS,CLARK,CLARK,654079.9806,3997718.458
LVM190100025400,E DESERT INN RD,,E DESERT INN RD,BOULDER HWY,,BOULDER HWY,2019-01-06T00:00:00.000,28,LAS VEGAS,CLARK,CLARK,672407.5125,4000072.9002
LVM220600073017,N CASINO CENTER BLVD,,N CASINO CENTER BLVD,STEWART AVE,,STEWART AVE,2022-06-19T00:00:00.000,1004,LAS VEGAS,CLARK,CLARK,667051.647099999,4004739.5105
LVM220700108380,E SAHARA AVE,,E SAHARA AVE,ATLANTIC ST,,ATLANTIC ST,2022-07-28T00:00:00.000,2332,LAS VEGAS,CLARK,CLARK,669645.957799999,4001604.89509999
LVM210500043597,N RAINBOW BLVD,,SR595,OTHER,RAINBOW RIDGE PLAZA,SILVERSTREAM AVE,2021-05-10T00:00:00.000,753,LAS VEGAS,CLARK,CLARK,658067.502299999,4005221.78419999
LVM210800036701,E FLAMINGO RD,,E FLAMINGO RD,S LAS VEGAS BLVD,,S LAS VEGAS BLVD,2021-08-09T00:00:00.000,1701,LAS VEGAS,CLARK,CLARK,664660.4548,3998213.67329999
LVM220200110386,E FLAMINGO RD,,E FLAMINGO RD,KOVAL LN,,KOVAL LN,2022-02-27T00:00:00.000,20,LAS VEGAS,CLARK,CLARK,665243.874599999,3998199.7214
NHP220301435,OTHER,US95 S/SUMMERLIN PARKWAY WB RAMP,US95S TO SUMMERLIN PKWY WB INT81A,OTHER,SUMMERLIN PARKWAY,SR613W,2022-03-20T00:00:00.000,2000,LAS VEGAS,CLARK,CLARK,657393.398599999,4005150.10539999
WASO19-50,W 2ND ST,,W 2ND ST,N SIERRA ST,,N SIERRA ST,2019-01-03T00:00:00.000,1227,RENO,WASHOE,WASHOE,258078.547299999,4379007.7309
LVM200800134771,S DECATUR BLVD,,S DECATUR BLVD,W SAHARA AVE,,W SAHARA AVE,2020-08-31T00:00:00.000,1413,,CLARK,CLARK,661211.993499999,4001359.89839999
LVM190200035047,N BUFFALO DR,,N BUFFALO DR,W WASHINGTON AVE,,W WASHINGTON AVE,2019-02-08T00:00:00.000,1531,LAS VEGAS,CLARK,CLARK,656476.111999999,4005466.84909999
LVM201200135638,E HARMON AVE,,E HARMON AVE,PARADISE RD,,PARADISE RD,2020-12-31T00:00:00.000,2344,LAS VEGAS,CLARK,CLARK,665854.7805,3997501.22189999
LVM220100065669,S LAS VEGAS BLVD,,S LAS VEGAS BLVD,W WYOMING AVE,,W WYOMING AVE,2022-01-17T00:00:00.000,948,LAS VEGAS,CLARK,CLARK,666236.408099999,4002486.68019999
NLPD2308300017401,E LAKE MEAD PKWY,,E LAKE MEAD PKWY,BRUCE ST,,BRUCE ST,2023-08-29T17:00:00.000,2015,NORTH LAS VEGAS,CLARK,CLARK,,
NLPD1902090002905,N LAS VEGAS BLVD,,N LAS VEGAS BLVD,CIVIC CENTER DR,,CIVIC CENTER DR,2019-02-09T00:00:00.000,1806,NORTH LAS VEGAS,CLARK,CLARK,669004.217299999,4007984.10799999
LVM221100002316,HAWKEN DR,,HAWKEN DR,FITZPATRICK DR,,FITZPATRICK DR,2022-11-01T00:00:00.000,1551,LAS VEGAS,CLARK,CLARK,671683.3727,4009341.52569999
LVM190900063031,BERMUDA RD,,BERMUDA RD,E WINDMILL LN,,E WINDMILL LN,2019-09-13T00:00:00.000,2147,LAS VEGAS,CLARK,CLARK,666260.008799999,3990213.53309999
LVM200800129114,N LAS VEGAS BLVD,,N LAS VEGAS BLVD,E MCWILLIAMS AVE,,E MCWILLIAMS AVE,2020-08-30T00:00:00.000,527,LAS VEGAS,CLARK,CLARK,667633.677199999,4005146.50489999
LVM220500049066,N DECATUR BLVD,,N DECATUR BLVD,W WASHINGTON AVE,,W WASHINGTON AVE,2022-05-12T00:00:00.000,1840,LAS VEGAS,CLARK,CLARK,661325.583999999,4005397.66349999
LVM211100019485,S DECATUR BLVD,,S DECATUR BLVD,DOE AVE,,DOE AVE,2021-11-05T00:00:00.000,1450,LAS VEGAS,CLARK,CLARK,661207.2279,4002430.6775
LVM210500033976,FREMONT ST,,SR582N,E OAKEY BLVD,,E OAKEY BLVD,2021-05-08T00:00:00.000,305,LAS VEGAS,CLARK,CLARK,670174.5617,4002463.3682
LVM230700034806,S MARYLAND PKWY,,S MARYLAND PKWY,E RENO AVE,,E RENO AVE,2023-07-08T00:00:00.000,1328,LAS VEGAS,CLARK,CLARK,667721.8864,3996348.4867
NHP211100429,IR15 N,,IR15 N,OTHER,PRIMM BOULEVARD OFF RAMP,OTHER,2021-11-05T00:00:00.000,2046,,CLARK,CLARK,645786.457399999,3941734.27539999
LVM221000055155,CHARLESTON BLVD,,CHARLESTON BLVD,OTHER,MERIALDO,MERIALDO LN,2022-10-14T00:00:00.000,2056,LAS VEGAS,CLARK,CLARK,654286.4461,4002955.1464
LVM221200021256,N RAINBOW BLVD,,N RAINBOW BLVD,W LONE MOUNTAIN RD,,W LONE MOUNTAIN RD,2022-12-06T00:00:00.000,931,LAS VEGAS,CLARK,CLARK,657941.195,4012872.9852
LVM210200039195,W WARM SPRINGS RD,,W WARM SPRINGS RD,S DURANGO DR,,S DURANGO DR,2021-02-09T00:00:00.000,1822,LAS VEGAS,CLARK,CLARK,654957.311099999,3991476.1369
LVM210400079992,S NELLIS BLVD,,S NELLIS BLVD,WELTER AVE,,WELTER AVE,2021-04-18T00:00:00.000,1403,LAS VEGAS,CLARK,CLARK,674046.2609,4001846.91499999
SPPD19-1845,VISTA BL,,VISTA BL,BRIERLEY WY,,BRIERLEY WY,2019-02-28T00:00:00.000,1235,SPARKS,WASHOE,WASHOE,267858.0935,4378877.05939999
LVM190800070803,E FLAMINGO RD,,E FLAMINGO RD,PARADISE RD,,PARADISE RD,2019-08-14T00:00:00.000,2042,LAS VEGAS,CLARK,CLARK,666144.7368,3998206.25
LVM210900052501,S DECATUR BLVD,,S DECATUR BLVD,W UNIVERSITY AVE,,W UNIVERSITY AVE,2021-09-12T00:00:00.000,2145,LAS VEGAS,CLARK,CLARK,661294.8447,3997632.1545
LVM230600116008,S DECATUR BLVD,,S DECATUR BLVD,W SAHARA AVE,,W SAHARA AVE,2023-06-25T00:00:00.000,1443,LAS VEGAS,CLARK,CLARK,661210.243999999,4001439.1544
HP23-07834,MAGNESIUM ST,,MAGNESIUM ST,W ATLANTIC AVE,,W ATLANTIC AVE,2023-04-27T00:00:00.000,1400,HENDERSON,CLARK,CLARK,681012.370299999,3989509.31959999
LVM221100085061,W LAKE MEAD BLVD,,W LAKE MEAD BLVD,HALLSTON ST,,HALLSTON ST,2022-11-23T00:00:00.000,325,LAS VEGAS,CLARK,CLARK,650616.7493,4007991.8123
NLPD2106160010098,SIMMONS ST,,SIMMONS ST,W LAKE MEAD BLVD,,W LAKE MEAD BLVD,2021-06-16T00:00:00.000,720,NORTH LAS VEGAS,CLARK,CLARK,663734.9384,4007386.02019999
LVM191000140614,STEWART AVE,,STEWART AVE,N BRUCE ST,,N BRUCE ST,2019-10-30T00:00:00.000,819,LAS VEGAS,CLARK,CLARK,668635.546699999,4004039.78099999
NHP220400109,OTHER,US95,OTHER,OTHER,SR147 SB ON RAMP,OTHER,2022-04-02T00:00:00.000,1038,LAS VEGAS,CLARK,CLARK,,
LVM230400087627,LAS VEGAS BLVD,LAS VEGAS BLVD,SR604N,N WALNUT RD,WALNUT RD,N WALNUT RD,2023-04-19T00:00:00.000,2309,LAS VEGAS,CLARK,CLARK,672124.429299999,4010334.4173
LVM190900045153,PAIUTE DR,,PAIUTE DR,N MAIN ST,,N MAIN ST,2019-09-10T00:00:00.000,654,LAS VEGAS,CLARK,CLARK,667450.7492,4006051.7869
LVM221100078624,OTHER,N RANCHO DR,OTHER,OTHER,N DECATUR BLVD,OTHER,2022-11-21T00:00:00.000,1515,LAS VEGAS,CLARK,CLARK,661320.969999999,4008723.72839999
NHP230101685,US95N TO DECATUR BLVD INT79,,US95N TO DECATUR BLVD INT79,DECATUR BLVD,,DECATUR BLVD,2023-01-20T00:00:00.000,1352,LAS VEGAS,CLARK,CLARK,661346.5625,4004727.25
LVM211100029010,W TROPICANA AVE,,W TROPICANA AVE,DUNEVILLE ST,,DUNEVILLE ST,2021-11-07T00:00:00.000,2201,LAS VEGAS,CLARK,CLARK,660159.809399999,3996519.09019999
LVM190500025346,W TROPICANA AVE,,W TROPICANA AVE,RED ROCK ST,,RED ROCK ST,2019-05-06T00:00:00.000,610,LAS VEGAS,CLARK,CLARK,659967.6748,3996501.72509999
LVM210500142587,S LAS VEGAS BLVD,,S LAS VEGAS BLVD,W SERENE AVE,,W SERENE AVE,2021-05-30T00:00:00.000,2146,LAS VEGAS,CLARK,CLARK,664687.9671,3987830.17329999
DCSO22SO11824,KITTYHAWK AVE,,KITTYHAWK AVE,ELGES AVE,,ELGES AVE,2022-05-10T00:00:00.000,1510,GARDNERVILLE,DOUGLAS,DOUGLAS,263122.5787,4313543.6095
NLPD2006130009633,W CHEYENNE AVE,,W CHEYENNE AVE,SIMMONS ST,,SIMMONS ST,2020-06-13T00:00:00.000,2345,NORTH LAS VEGAS,CLARK,CLARK,663638.290199999,4009621.17549999
NHP190301769,SR160,,SR160,OTHER,IR15 N/B OFF RAMP,OTHER,2019-03-23T00:00:00.000,1254,RENO,CLARK,CLARK,663960.074199999,3990304.14839999
RPD20-19432,SILVERADA BLVD,,SILVERADA BLVD,FANTASTIC DR,,FANTASTIC DR,2020-10-31T00:00:00.000,1515,RENO,WASHOE,WASHOE,260897.0082,4381238.55639999
LVM231100099122,S MARYLAND PKWY,,S MARYLAND PKWY,CENTURY GARDEN DR,,CENTURY GARDEN DR,2023-11-28T00:00:00.000,1551,LAS VEGAS,CLARK,CLARK,667726.4137,3996168.57579999
RPD22-101308,EVANS AVE,,EVANS AVE,ENTERPRISE RD,,ENTERPRISE RD,2022-02-10T00:00:00.000,1500,RENO,WASHOE,WASHOE,258412.8113,4381622.2158
NLPD2108180014107,CAMINO AL NORTE,,CAMINO AL NORTE,W CRAIG RD,,W CRAIG RD,2021-08-18T00:00:00.000,959,NORTH LAS VEGAS,CLARK,CLARK,665164.696,4012208.6596
NLPD22052600009697,E OWENS AVE,,E OWENS AVE,N LAS VEGAS BLVD,,N LAS VEGAS BLVD,2022-05-26T00:00:00.000,2140,NORTH LAS VEGAS,CLARK,CLARK,667783.7631,4006462.6499
LVM190100019000,N DECATUR BLVD,,N DECATUR BLVD,W WASHINGTON AVE,,W WASHINGTON AVE,2019-01-04T00:00:00.000,1611,LAS VEGAS,CLARK,CLARK,661322.378899999,4005507.7061
LVM200300035462,S LAS VEGAS BLVD,,S LAS VEGAS BLVD,SIRENS COVE BLVD,,SIRENS COVE BLVD,2020-03-08T00:00:00.000,1839,LAS VEGAS,CLARK,CLARK,664555.050499999,3999045.2211
SPPD22-9751,E PRATER WAY WB,,E PRATER WAY WB,MARIAN WAY,,MARIAN WAY,2022-12-11T00:00:00.000,1210,SPARKS,WASHOE,WASHOE,,
LVM211000129528,S EASTERN AVE,,S EASTERN AVE,OTHER,FLAMINGO,OTHER,2021-10-30T00:00:00.000,1935,LAS VEGAS,CLARK,CLARK,669525.2867,3989158.04849999
LVM190700043336,N EASTERN AVE,,N EASTERN AVE,E WASHINGTON AVE,,E WASHINGTON AVE,2019-07-09T00:00:00.000,1045,LAS VEGAS,CLARK,CLARK,669416.3925,4005538.39289999
LVM200200119516,N LAMB BLVD,,N LAMB BLVD,STEWART AVE,,STEWART AVE,2020-02-25T00:00:00.000,846,LAS VEGAS,CLARK,CLARK,672648.419099999,4004047.74789999
LVM220300085026,E WASHINGTON ST,,A ST,OTHER,A ST,SR578,2022-03-21T00:00:00.000,438,LAS VEGAS,CLARK,CLARK,666973.395399999,4006099.6061
LVM191200032108,MAPLE AVE,,MAPLE AVE,S MOJAVE RD,,S MOJAVE RD,2019-12-07T00:00:00.000,1600,LAS VEGAS,CLARK,CLARK,670420.639499999,4003088.96309999
LVM191000135128,W FORD AVE,,W FORD AVE,S CHIEFTAIN ST,,S CHIEFTAIN ST,2019-10-29T00:00:00.000,620,LAS VEGAS,CLARK,CLARK,653179.995299999,3988606.73579999
LVM231200090801,E TROPICANA AVE,,SR593,OTHER,S PECOS,S PECOS RD,2023-12-27T00:00:00.000,2112,LAS VEGAS,CLARK,CLARK,670799.404699999,3996711.0
LVM230500049478,S LAS VEGAS BLVD,,S LAS VEGAS BLVD,OTHER,MGM RD,RUE DE MONTE CARLO,2023-05-10T00:00:00.000,2226,LAS VEGAS,CLARK,CLARK,664459.0378,3997026.39169999
RPD23-4835,E GROVE ST,,WRONDEL WAY,WRONDEL WAY,,E GROVE ST,2023-03-17T00:00:00.000,2135,RENO,WASHOE,WASHOE,259563.735,4376099.2936
CLSD23050808,S CIMARRON RD,,S CIMARRON RD,W ROBINDALE RD,,W ROBINDALE RD,2023-03-04T00:00:00.000,645,LAS VEGAS,CLARK,CLARK,655824.213499999,3990684.4395
LVM191000095707,E CHARLESTON BLVD,,E CHARLESTON BLVD,S MARYLAND PKWY,,S MARYLAND PKWY,2019-10-20T00:00:00.000,2106,LAS VEGAS,CLARK,CLARK,667586.830199999,4003181.54099999
NLPD1904040007025,N LAS VEGAS BLVD,,N LAS VEGAS BLVD,VAN DER MEER ST,,VAN DER MEER ST,2019-04-04T00:00:00.000,1924,NORTH LAS VEGAS,CLARK,CLARK,670403.557199999,4009037.4242
NLPD1910180021094,E LAKE MEAD BLVD,,E LAKE MEAD BLVD,N BRUCE ST,,N BRUCE ST,2019-10-18T00:00:00.000,1845,NORTH LAS VEGAS,CLARK,CLARK,668570.693599999,4007291.23069999
LVM221000039355,S RANCHO DR,,SR599S,OTHER,ERNEST MAY LN,ERNEST MAY LN,2022-10-10T00:00:00.000,1909,LAS VEGAS,CLARK,CLARK,663864.3442,4005383.64049999
NHP210301149,OTHER,US95 NB,OTHER,OTHER,MILE MARKER 57 NYE,OTHER,2021-03-17T00:00:00.000,2138,,NYE,NYE,521794.547699999,4080336.54499999
RPD22-6735,E PLUMB LN,,PLUMB LN,HARVARD WAY,,HARVARD WAY,2022-04-10T00:00:00.000,1022,RENO,WASHOE,WASHOE,260403.3907,4376625.5
RPD21-23143,S VIRGINIA ST,,S VIRGINIA ST,PEPPERMILL LN,,PEPPERMILL LN,2021-12-09T00:00:00.000,219,RENO,WASHOE,WASHOE,259250.662399999,4375880.5164
HP20-18464,E HORIZON DR,,E HORIZON DR,COLLEGE DR,,COLLEGE DR,2020-10-19T00:00:00.000,1956,HENDERSON,CLARK,CLARK,683399.9192,3987266.5225
NHP230501511,IR15N,,IR15N,SPEEDWAY BLVD,,SPEEDWAY BLVD,2023-05-22T00:00:00.000,338,LAS VEGAS,CLARK,CLARK,677147.765399999,4017020.7091
LVM191200056088,S MARYLAND PKWY,,S MARYLAND PKWY,E TROPICANA AVE,,E TROPICANA AVE,2019-12-12T00:00:00.000,1653,LAS VEGAS,CLARK,CLARK,667711.689299999,3996753.2999
LVM200200114683,SPRING MOUNTAIN RD,,SPRING MOUNTAIN RD,ARVILLE ST,,ARVILLE ST,2020-02-24T00:00:00.000,921,LAS VEGAS,CLARK,CLARK,662056.346499999,3999462.56
RPD23-21296,E PLUMB LN,,SR653,MATLEY LN,,MATLEY LN,2023-11-18T16:00:00.000,904,RENO,WASHOE,WASHOE,260906.781299999,4376615.0
LVM191000114707,N LAS VEGAS BLVD,,N LAS VEGAS BLVD,N LAMB BLVD,,N LAMB BLVD,2019-10-24T00:00:00.000,1803,LAS VEGAS,CLARK,CLARK,,
HP21-02651,ST ALBANS DR,,ST ALBANS DR,NEWPORT DR,,NEWPORT DR,2021-02-12T00:00:00.000,1455,HENDERSON,CLARK,CLARK,683605.8539,3988895.88059999
NHP210101248,US95,,US95,OTHER,SR374,OTHER,2021-01-20T00:00:00.000,1805,,NYE,NYE,521443.5,4084739.0
NLPD2308240016971,LAS VEGAS BLVD,,LAS VEGAS BLVD,WILLIAMS AVE,,WILLIAMS AVE,2023-08-24T00:00:00.000,2015,NORTH LAS VEGAS,CLARK,CLARK,668107.178399999,4007155.4721
LVM220600045825,S FORT APACHE RD,,S FORT APACHE RD,W MARTIN AVE,,W MARTIN AVE,2022-06-12T00:00:00.000,2025,LAS VEGAS,CLARK,CLARK,653301.3945,3992697.1457
LVM221200003207,N LAS VEGAS BLVD,,N LAS VEGAS BLVD,WASHINGTON AVE,,WASHINGTON AVE,2022-12-01T00:00:00.000,1804,LAS VEGAS,CLARK,CLARK,667795.7328,4005731.6497
RPD22-6066,E 4TH ST,,E 4TH ST,EVANS AVE,,EVANS AVE,2022-03-31T00:00:00.000,1755,RENO,WASHOE,WASHOE,258490.674899999,4379445.15049999
LVM230800017833,E HARMON AVE,,E HARMON AVE,KOVAL LN,,KOVAL LN,2023-08-05T00:00:00.000,1527,LAS VEGAS,CLARK,CLARK,665427.167,3997493.72269999
RPD22-21010,N VIRGINIA ST,,N VIRGINIA ST,E 15TH ST,,E 15TH ST,2022-11-09T00:00:00.000,900,RENO,WASHOE,WASHOE,257838.189199999,4380881.46829999
NLPD2207180013272,N BRUCE ST,,N BRUCE ST,E LAKE MEAD BLVD,,E LAKE MEAD BLVD,2022-07-18T00:00:00.000,1427,NORTH LAS VEGAS,CLARK,CLARK,668569.1697,4007291.1936
RPD22-21018,W 5TH ST,,W 5TH ST,KEYSTONE AVE,,KEYSTONE AVE,2022-11-09T00:00:00.000,1557,RENO,WASHOE,WASHOE,256949.643199999,4379272.1467
NHP190801105,OTHER,IR15 SB CD,OTHER,OTHER,RUSSELL RD,OTHER,2019-08-14T00:00:00.000,331,RENO,CLARK,CLARK,663773.7807,3994305.36649999
LVM191100020180,SUNNY SPRINGS LN,,SUNNY SPRINGS LN,N BUFFALO DR,,N BUFFALO DR,2019-11-05T00:00:00.000,702,LAS VEGAS,CLARK,CLARK,656232.2603,4018142.14299999
RPD19-16869,ODDIE BLVD,,ODDIE BLVD,MONTELLO ST,,MONTELLO ST,2019-08-23T00:00:00.000,1451,RENO,WASHOE,WASHOE,259833.781399999,4381031.75929999
LVM210800022431,N DECATUR BLVD,,N DECATUR BLVD,VEGAS DR,,VEGAS DR,2021-08-06T00:00:00.000,1007,LAS VEGAS,CLARK,CLARK,661300.9341,4006258.57609999
LVM210400007020,W WASHINGTON AVE,,W WASHINGTON AVE,RANCHO DR S,,RANCHO DR S,2021-04-02T00:00:00.000,1531,LAS VEGAS,CLARK,CLARK,663826.474499999,4005569.5098
LVM191200013839,OTHER,CACTUS AVE,OTHER,OTHER,TAMARUS ST,OTHER,2019-12-03T00:00:00.000,1922,LAS VEGAS,CLARK,CLARK,668332.0877,3985450.7201
LVM191000110515,N BUFFALO DR,,N BUFFALO DR,TRINITY PEAK AVE,,TRINITY PEAK AVE,2019-10-23T00:00:00.000,2007,LAS VEGAS,CLARK,CLARK,656358.6989,4008421.64049999
LVM231200001461,W CHEYENNE AVE,,W CHEYENNE AVE,N MICHAEL WAY,,N MICHAEL WAY,2023-12-01T00:00:00.000,1144,LAS VEGAS,CLARK,CLARK,660284.0728,4009489.6151
LVM191200113460,SPRING MOUNTAIN RD,,SPRING MOUNTAIN RD,S BUFFALO DR,,S BUFFALO DR,2019-12-24T00:00:00.000,2046,LAS VEGAS,CLARK,CLARK,656488.862099999,3999272.6369
LVM220500081235,S BUFFALO DR,,S BUFFALO DR,OTHER,W CHARLESTON BLVD,OTHER,2022-05-20T00:00:00.000,1502,LAS VEGAS,CLARK,CLARK,656300.691599999,4002995.619
NLPD2302190003470,E LAKE MEAD BLVD,,E LAKE MEAD BLVD,BRAND ST,,BRAND ST,2023-02-19T00:00:00.000,1620,NORTH LAS VEGAS,CLARK,CLARK,670478.7969,4007339.3297
LVM190700155959,E CACTUS AVE,,E CACTUS AVE,S MARYLAND PKWY,,S MARYLAND PKWY,2019-07-31T00:00:00.000,2213,LAS VEGAS,CLARK,CLARK,667927.543999999,3985450.4338
LVM190600125244,E CARSON AVE,,E CARSON AVE,OTHER,S 1ST ST,OTHER,2019-06-26T00:00:00.000,2039,LAS VEGAS,CLARK,CLARK,666748.1116,4004400.8296
SPPD21-1803,GREENBRAE DR,,GREENBRAE DR,PYRAMID WAY,,PYRAMID WAY,2021-03-06T00:00:00.000,1855,SPARKS,WASHOE,WASHOE,263472.313099999,4381139.9176
NLPD2002190003475,WILLIS ST,,WILLIS ST,W LA MADRE WAY,,W LA MADRE WAY,2020-02-19T00:00:00.000,1533,NORTH LAS VEGAS,CLARK,CLARK,662285.719899999,4013257.26579999
NLPD2112030021058,N COMMERCE ST,,N COMMERCE ST,E TROPICAL PKWY,,E TROPICAL PKWY,2021-12-03T00:00:00.000,1719,NORTH LAS VEGAS,CLARK,CLARK,666715.8572,4015385.27309999
LVM220300117733,S MARYLAND PKWY,,S MARYLAND PKWY,E FLAMINGO RD,E FLAMINGO RD,E FLAMINGO RD,2022-03-28T00:00:00.000,2115,LAS VEGAS,CLARK,CLARK,667596.5124,3998261.5
RPD21-17552,E 2ND ST,,E 2ND ST,EVANS AVE,,EVANS AVE,2021-09-19T00:00:00.000,926,RENO,WASHOE,WASHOE,258539.5455,4379106.03889999
LVM220700106809,OTHER,N ROCK SPRINGS RD,ROCK SPRINGS DR,OTHER,W SMOKE RANCH RD,SMOKE RANCH RD,2022-07-27T00:00:00.000,1552,LAS VEGAS,CLARK,CLARK,657611.3819,4007936.37769999
NLPD2107240012546,ROYAL ST,,ROYAL ST,KINGS AVE,,KINGS AVE,2021-07-24T00:00:00.000,1743,NORTH LAS VEGAS,CLARK,CLARK,666236.546,4008598.7576
LVM220600016038,W ARBY AVE,,W ARBY AVE,OTHER,HIGHLAND PONY,OTHER,2022-06-04T00:00:00.000,2146,LAS VEGAS,CLARK,CLARK,667235.0618,4004317.2365
LVM231100032195,14TH ST,,CARSON AV ALY,OTHER,FREMONT ST,S 15TH ST,2023-11-10T00:00:00.000,841,LAS VEGAS,CLARK,CLARK,668219.493999999,4003756.5097
HP23-23852,LANDRA LN,,COLLEGE DR,COLLEGE DR,,LANDRA LN,2023-12-03T00:00:00.000,1113,HENDERSON,CLARK,CLARK,683545.5158,3987594.2869
LVM200600123317,E FLAMINGO RD,,E FLAMINGO RD,BURNHAM AVE,,BURNHAM AVE,2020-06-30T00:00:00.000,1225,LAS VEGAS,CLARK,CLARK,668856.0021,3998295.4638
LVM211200003843,E CRAIG RD,,E CRAIG RD,AVIATION ST,AVIATION ST,AVIATION ST,2021-12-01T00:00:00.000,2051,LAS VEGAS,CLARK,CLARK,674541.349399999,4012387.14519999
LVM200400032145,S NELLIS BLVD,,S NELLIS BLVD,E CHARLESTON BLVD,,E CHARLESTON BLVD,2020-04-07T00:00:00.000,1306,LAS VEGAS,CLARK,CLARK,674300.458499999,4003294.7178
LVM211000054105,N RAINBOW BLVD,,N RAINBOW BLVD,W CHEYENNE AVE,,W CHEYENNE AVE,2021-10-13T00:00:00.000,1646,LAS VEGAS,CLARK,CLARK,667236.204099999,4004316.66019999
LVM221000037070,PARADISE RD,,PARADISE RD,CONVENTION CENTER DR,,CONVENTION CENTER DR,2022-10-10T00:00:00.000,635,LAS VEGAS,CLARK,CLARK,666033.458599999,4000222.29629999
NLPD2312040024057,E LAKE MEAD BLVD,,E LAKE MEAD BLVD,N LAS VEGAS BLVD,,N LAS VEGAS BLVD,2023-12-04T00:00:00.000,909,NORTH LAS VEGAS,CLARK,CLARK,668213.601999999,4007285.9458
LVM221000117072,W FLAMINGO RD,,W FLAMINGO RD,OTHER,HUGH HEFNER,OTHER,2022-10-30T00:00:00.000,1945,LAS VEGAS,CLARK,CLARK,662674.926799999,3998269.0665
LVM230300115188,E TROPICANA AVE,,E TROPICANA AVE,WILBUR ST,,WILBUR ST,2023-03-26T00:00:00.000,2340,LAS VEGAS,CLARK,CLARK,667305.7768,3996744.4539
RPD21-22523,SUTRO ST,,SUTRO ST,E 8TH ST,,E 8TH ST,2021-11-30T00:00:00.000,1736,RENO,WASHOE,WASHOE,259494.5963,4380143.75219999
NHP230200051,SR160N,SR160N,SR160N,CALVADA BLVD,CALVADA,CALVADA BLVD,2023-02-01T00:00:00.000,1748,PAHRUMP,NYE,NYE,592829.826899999,4005892.84789999
NLPD2305200010152,W CENTENNIAL PKWY,,W CENTENNIAL PKWY,SNOW CACTUS ST,,SNOW CACTUS ST,2023-05-20T00:00:00.000,2031,NORTH LAS VEGAS,CLARK,CLARK,665553.470399999,4016211.95749999
SPPD23-9175,EL RANCHO DR,,EL RANCHO DR,G ST,,G ST,2023-11-29T00:00:00.000,2127,SPARKS,WASHOE,WASHOE,261440.2406,4380270.4879
HP22-04346,W BASIC RD,,W BASIC RD,W PACIFIC AVE,,W PACIFIC AVE,2022-03-07T00:00:00.000,1607,HENDERSON,CLARK,CLARK,681345.236499999,3989139.8023
HP22-09898,PINEWOOD AVE,,PINEWOOD AVE,OTHER,,,2022-05-21T00:00:00.000,0,HENDERSON,CLARK,CLARK,,
NHP231100773,OTHER,SR828E,SR828E,OTHER,VILLA WAY,VILLA WAY,2023-11-10T00:00:00.000,1948,,LYON,LYON,308795.2785,4385803.4491
LVM210700100101,E CHARLESTON BLVD,,E CHARLESTON BLVD,S EASTERN AVE,,S EASTERN AVE,2021-07-22T00:00:00.000,1457,LAS VEGAS,CLARK,CLARK,669209.313,4003207.73479999
SPPD19-6984,VICTORIAN AV,,VICTORIAN AV,16TH ST,,16TH ST,2019-08-08T00:00:00.000,2034,SPARKS,WASHOE,WASHOE,262485.960799999,4379817.16479999
NHP190501499,IR80 W,,IR80 W,OTHER,MILE MARKER IR80 88EL,OTHER,2019-05-19T00:00:00.000,2203,,ELKO,ELKO,693453.080799999,4550803.39269999
NLPD2012220021028,E CHEYENNE AVE,,E CHEYENNE AVE,CARROLL ST,,CARROLL ST,2020-12-22T00:00:00.000,1345,NORTH LAS VEGAS,CLARK,CLARK,669295.525299999,4009734.9471
NHP221000595,OTHER,BOULDER HIGHWAY WB NB ON RAMP,SR582 TO IR515N INT70,OTHER,US95,SR582N,2022-10-08T00:00:00.000,2142,LAS VEGAS,CLARK,CLARK,671988.007399999,4000562.76259999
LVM230700020044,OTHER,ESSEX DR,ESSEX EAST DR,OTHER,ALPINE PL,ALPINE PL,2023-07-05T00:00:00.000,718,LAS VEGAS,CLARK,CLARK,661795.1403,4003149.24499999
LVM230500009501,CAMBRIDGE ST,,CAMBRIDGE ST,FLAMINGO RD,,SR592,2023-05-02T00:00:00.000,2247,LAS VEGAS,CLARK,CLARK,667202.488199999,3998261.38829999
LYSO19LY04078,ESMERALDA AVE,,ESMERALDA AVE,WINNEMUCCA ST,,WINNEMUCCA ST,2019-08-09T00:00:00.000,1902,,LYON,LYON,309031.422399999,4364446.48689999
CCSO2020-3425,COLORADO ST,,COLORADO ST,KANSAS ST,,KANSAS ST,2020-06-24T00:00:00.000,757,CARSON CITY,CARSON CITY,CARSON CITY,261586.268199999,4336663.39519999
LVM230900036811,LINQ LN,,LINQ LN,E FLAMINGO RD,,E FLAMINGO RD,2023-09-11T00:00:00.000,848,,CLARK,CLARK,664890.5514,3998315.6183
NLPD2311300023793,E OWENS AVE,,E OWENS AVE,N LAS VEGAS BLVD,,N LAS VEGAS BLVD,2023-11-30T00:00:00.000,1755,NORTH LAS VEGAS,CLARK,CLARK,667783.7631,4006462.6499
LVM200900110437,RANCHO DR N,,RANCHO DR N,W CRAIG RD,,W CRAIG RD,2020-09-25T00:00:00.000,1504,LAS VEGAS,CLARK,CLARK,658800.107599999,4011978.39079999
LVM221000080700,CORDOBA LN,,CORDOBA LN,VEGAS DR,,VEGAS DR,2022-10-21T00:00:00.000,1334,LAS VEGAS,CLARK,CLARK,661655.7542,4006327.85999999
NHP190701391,OTHER,US95/AUTO SHOW NORTHBOUND ON RAMP,OTHER,OTHER,AUTO SHOW DR,OTHER,2019-07-17T00:00:00.000,1147,RENO,CLARK,CLARK,678156.203599999,3990922.6983
LVM21120073468,FREMONT ST,,FREMONT ST,OTHER,6 TH,OTHER,2021-12-18T00:00:00.000,1415,LAS VEGAS,CLARK,CLARK,667390.0266,4004238.94199999
HP22-23960,SR582S,,BOULDER HWY SB,S RACETRACK RD,,HORIZON DR,2022-12-09T00:00:00.000,1425,HENDERSON,CLARK,CLARK,684423.319799999,3987441.1773
LVM190500067639,N RAINBOW BLVD,,N RAINBOW BLVD,W CRAIG RD,,W CRAIG RD,2019-05-14T00:00:00.000,1654,LAS VEGAS,CLARK,CLARK,657949.0854,4012045.27199999
LVM220200102774,ABELS LN,,ABELS LN,OTHER,E LAKE MEAD,OTHER,2022-02-25T00:00:00.000,723,,CLARK,CLARK,672825.945899999,4007366.28399999
LVM220800061824,N PECOS RD,,N PECOS RD,LAS VEGAS BLVD,,SR604N,2022-08-15T00:00:00.000,2117,LAS VEGAS,CLARK,CLARK,670918.4983,4009426.70399999
LVM220400125411,W FLAMINGO RD,,W FLAMINGO RD,S GRAND CANYON DR,,S GRAND CANYON DR,2022-04-29T00:00:00.000,2312,,CLARK,CLARK,652456.850899999,3998044.52419999
LVM190200083926,S 1ST ST,,S 1ST ST,E BRIDGER AVE,,E BRIDGER AVE,2019-02-19T00:00:00.000,541,LAS VEGAS,CLARK,CLARK,666683.557599999,4004268.03559999
LVM220100012693,E SAHARA AVE,,E SAHARA AVE,SANTA RITA DR,,SANTA RITA DR,2022-01-03T00:00:00.000,1848,LAS VEGAS,CLARK,CLARK,666253.508399999,4001468.742
LVM211100032906,W DESERT INN RD,,W DESERT INN RD,S VALLEY VIEW BLVD,,S VALLEY VIEW BLVD,2021-11-08T00:00:00.000,2032,LAS VEGAS,CLARK,CLARK,662849.5333,3999899.9306
NLPD2009130015146,CLAYTON ST,,CLAYTON ST,W CRAIG RD,,W CRAIG RD,2020-09-13T00:00:00.000,1555,NORTH LAS VEGAS,CLARK,CLARK,664344.8036,4012148.6016
LVM220100095159,E CHARLESTON BLVD,,E CHARLESTON BLVD,TREE LINE DR,,TREE LINE DR,2022-01-24T00:00:00.000,1522,LAS VEGAS,CLARK,CLARK,676324.827999999,4003413.2717
LVM231000029123,N NELLIS BLVD,,SR612,OTHER,E BONANZA RD,E BONANZA RD,2023-10-09T00:00:00.000,1435,LAS VEGAS,CLARK,CLARK,674278.787399999,4004990.6102
LVM220800034578,HARRIS AVE,,HARRIS AVE,20TH ST,,N 20TH ST,2022-08-09T00:00:00.000,747,LAS VEGAS,CLARK,CLARK,668916.573499999,4005274.57469999
LVM230500091674,PARADISE RD,,PARADISE RD,ELVIS PRESLEY BLVD,,ELVIS PRESLEY BLVD,2023-05-19T00:00:00.000,418,LAS VEGAS,CLARK,CLARK,666027.050999999,4000620.63099999
WASO20-3110,DANDINI BLVD,,DANDINI BLVD,W LEONESIO DR,,W LEONESIO DR,2020-07-28T00:00:00.000,2322,SPARKS,WASHOE,WASHOE,260849.679499999,4383785.3275
LVM220900062630,N MAIN ST,,N MAIN ST,WASHINGTON AVE,,WASHINGTON AVE,2022-09-16T00:00:00.000,153,LAS VEGAS,CLARK,CLARK,667248.864699999,4005647.21089999
RPDRP22-8544,S VIRGINIA ST,,S VIRGINIA ST,HUBBARD WAY,,HUBBARD WAY,2022-05-08T00:00:00.000,2249,RENO,WASHOE,WASHOE,259250.662399999,4375880.5164
LVM220800058555,E TROPICANA AVE,,SR593,OTHER,S PECOS RD,S PECOS RD,2022-08-15T00:00:00.000,131,LAS VEGAS,CLARK,CLARK,670935.303,3996714.12109999
LVM191100080381,S NELLIS BLVD,,S NELLIS BLVD,E CHARLESTON BLVD,,E CHARLESTON BLVD,2019-11-18T00:00:00.000,2313,LAS VEGAS,CLARK,CLARK,,
HP22-12574,VIA CONTESSA,,VIA CONTESSA,OTHER,,,2022-06-30T00:00:00.000,646,HENDERSON,CLARK,CLARK,,
NLPD1901080000563,BELMONT ST,,BELMONT ST,E CAREY AVE,,E CAREY AVE,2019-01-08T00:00:00.000,1830,NORTH LAS VEGAS,CLARK,CLARK,670184.9669,4008154.66899999
LVM230700089657,FLAMINGO RD,,SR592,S UNIVERSITY CENTER DR,UNIVERSITY CENTER DR,SWENSON ST,2023-07-20T17:00:00.000,46,LAS VEGAS,CLARK,CLARK,666852.2746,3998261.16119999
STSO21-817,C ST,,C ST,SUTTON ST,,SUTTON ST,2021-09-25T00:00:00.000,1345,,STOREY,STOREY,271610.086799999,4354761.1708
HP23-16104,N ARROYO GRANDE BLVD,,N ARROYO GRANDE BLVD,WHITNEY RANCH DR,,WHITNEY RANCH DR,2023-08-18T00:00:00.000,710,HENDERSON,CLARK,CLARK,674905.727099999,3992153.03429999
LVM220100037056,FREMONT ST,,FREMONT ST,OTHER,LAS VEGAS BLVD,S LAS VEGAS BLVD,2022-01-10T00:00:00.000,119,LAS VEGAS,CLARK,CLARK,667282.768699999,4004293.1708
LVM190300091150,E TROPICANA AVE,,E TROPICANA AVE,BOULDER HWY,,BOULDER HWY,2019-03-19T00:00:00.000,1403,LAS VEGAS,CLARK,CLARK,675461.491899999,3996908.31369999
LVM230700070481,E SAHARA AVE,,E SAHARA AVE,PARADISE RD,,PARADISE RD,2023-07-16T00:00:00.000,1509,LAS VEGAS,CLARK,CLARK,665932.4082,4001456.8583
LVM211000041154,S MARYLAND PKWY,,S MARYLAND PKWY,E ROCHELLE AVE,,E ROCHELLE AVE,2021-10-10T00:00:00.000,1456,LAS VEGAS,CLARK,CLARK,667634.458899999,3997882.0833
LVM200500132203,W LAKE MEAD BLVD,,W LAKE MEAD BLVD,H ST,,H ST,2020-05-27T00:00:00.000,1213,LAS VEGAS,CLARK,CLARK,666164.8562,4007236.28839999
NLPD2309230019057,W CRAIG RD,,W CRAIG RD,CLAYTON ST,,CLAYTON ST,2023-09-23T00:00:00.000,714,NORTH LAS VEGAS,CLARK,CLARK,664343.8606,4012057.14299999
LVM200200101222,W SAHARA AVE,,W SAHARA AVE,LINDELL RD,,LINDELL RD,2020-02-21T00:00:00.000,1302,LAS VEGAS,CLARK,CLARK,660491.522199999,4001438.84559999
LVM201200093720,N TENAYA WAY,,N TENAYA WAY,BELLE GROVE AVE,,BELLE GROVE AVE,2020-12-22T00:00:00.000,1321,LAS VEGAS,CLARK,CLARK,657034.8232,4016336.79549999
LVM231100012250,SIRIUS AVE,,SIRIUS AVE,S VALLEY VIEW BLVD,,S VALLEY VIEW BLVD,2023-11-04T00:00:00.000,1237,LAS VEGAS,CLARK,CLARK,662830.803799999,4000305.0182
HP20-02250,N ARROYO GRANDE BLVD,,N ARROYO GRANDE BLVD,AMERICAN PACIFIC DR,,AMERICAN PACIFIC DR,2020-02-01T00:00:00.000,1155,HENDERSON,CLARK,CLARK,675155.211,3990520.4942
RPD19-19545,SUTRO ST,,SUTRO ST,E 9TH ST,,E 9TH ST,2019-09-28T00:00:00.000,738,RENO,WASHOE,WASHOE,259495.1677,4380277.71839999
RPD19-637,N SIERRA ST,,N SIERRA ST,W 6TH ST,,W 6TH ST,2019-01-10T00:00:00.000,1033,RENO,WASHOE,WASHOE,257946.666899999,4379617.6171
LVM190200040187,W LAKE MEAD BLVD,,W LAKE MEAD BLVD,REVERE ST,,REVERE ST,2019-02-09T00:00:00.000,1857,LAS VEGAS,CLARK,CLARK,666149.037499999,4007235.2365
LVM230500099807,SAGMAN ST ALY,,SAGMAN ST ALY,PASTEL PL,,PASTEL PL,2023-05-20T00:00:00.000,1710,LAS VEGAS,CLARK,CLARK,668470.9566,4005474.11639999
LVM200700049523,S DECATUR BLVD,,S DECATUR BLVD,W FLAMINGO RD,,W FLAMINGO RD,2020-07-11T00:00:00.000,2211,LAS VEGAS,CLARK,CLARK,661273.1516,3998346.5625
LVM231100069253,W FLAMINGO RD,,FLAMINGO RD,OTHER,LINDELL RD,LINDELL RD,2023-11-18T16:00:00.000,2000,LAS VEGAS,CLARK,CLARK,660533.3655,3998176.86769999
LVM210700142530,E RENO AVE,,E RENO AVE,TAMARUS ST,,TAMARUS ST,2021-07-31T00:00:00.000,2316,,CLARK,CLARK,668150.2625,3996350.89149999
LVM201100017694,S LAMB BLVD,,S LAMB BLVD,E CHARLESTON BLVD,,E CHARLESTON BLVD,2020-11-05T00:00:00.000,441,LAS VEGAS,CLARK,CLARK,672689.206899999,4003291.6063
LVM230400040394,RIVERSIDE DR,,RIVERSIDE DR,RANCHO DR,,RANCHO DR,2023-04-09T00:00:00.000,2143,LAS VEGAS,CLARK,CLARK,663386.751,4006014.34429999
LVM231100012263,W LAKE MEAD BLVD,,W LAKE MEAD BLVD,N DECATUR BLVD,,N DECATUR BLVD,2023-11-03T17:00:00.000,1244,LAS VEGAS,CLARK,CLARK,661187.8672,4007120.6859
LVM200300149211,W LAKE MEAD BLVD,,W LAKE MEAD BLVD,SPRINGFIELD ST,,SPRINGFIELD ST,2020-03-31T00:00:00.000,1826,LAS VEGAS,CLARK,CLARK,654108.689199999,4007721.46529999
LVM200900022557,W OWENS AVE,,W OWENS AVE,DAVIS PL,,DAVIS PL,2020-09-05T00:00:00.000,1941,NORTH LAS VEGAS,CLARK,CLARK,667441.482599999,4006455.15909999
LVM201200003132,W WASHINGTON AVE,,W WASHINGTON AVE,A ST,,A ST,2020-12-01T00:00:00.000,1626,LAS VEGAS,CLARK,CLARK,666987.4429,4005642.6248
HP21-18013,SPINNAKER DR,,SPINNAKER DR,ANCHOR DR,,ANCHOR DR,2021-09-29T00:00:00.000,700,HENDERSON,CLARK,CLARK,684457.7867,3990873.69449999
LVM210100062140,S BUFFALO DR,,S BUFFALO DR,W FLAMINGO RD,,W FLAMINGO RD,2021-01-14T00:00:00.000,1242,LAS VEGAS,CLARK,CLARK,656512.426099999,3998069.27989999
NLPD2011220019376,W CRAIG RD,,W CRAIG RD,N COMMERCE ST,,N COMMERCE ST,2020-11-22T00:00:00.000,2043,NORTH LAS VEGAS,CLARK,CLARK,666791.981399999,4012110.52449999
RPD23-16286,MILL ST,,MILL ST,KIRMAN AVE,,KIRMAN AVE,2023-09-06T00:00:00.000,2002,RENO,WASHOE,WASHOE,259545.4735,4378782.64389999
NLPD2202110002592,W TROPICAL PKWY,,W TROPICAL PKWY,W CENTENNIAL PKWY,,W CENTENNIAL PKWY,2022-02-11T00:00:00.000,1811,NORTH LAS VEGAS,CLARK,CLARK,661467.869599999,4015283.3395
RPD20-2629,N WELLS AVE,,N WELLS AVE,KUENZLI ST,,KUENZLI ST,2020-02-08T00:00:00.000,1334,RENO,WASHOE,WASHOE,259075.5442,4379163.98709999
LVM231000081141,S RANCHO DR,,S RANCHO DR,OTHER,W CHARLESTON BLVD,W CHARLESTON BLVD,2023-10-23T17:00:00.000,945,LAS VEGAS,CLARK,CLARK,664354.886099999,4002842.721
LVM191100055272,W TROPICANA AVE,,W TROPICANA AVE,S JONES BLVD,,S JONES BLVD,2019-11-12T00:00:00.000,1522,LAS VEGAS,CLARK,CLARK,659778.3935,3996484.92449999
LVM230600067465,E TWAIN AVE,,E TWAIN AVE,S SANDHILL RD,,S SANDHILL RD,2023-06-15T00:00:00.000,752,LAS VEGAS,CLARK,CLARK,671715.911899999,3999205.38319999
LVM220300074034,LAKE MEAD BLVD,,LAKE MEAD BLVD,OTHER,PECOS,OTHER,2022-03-18T00:00:00.000,1404,LAS VEGAS,CLARK,CLARK,679488.9292,4007883.2576
RPD19-17859,NORTH HILLS BLVD,,NORTH HILLS BLVD,BECKWOURTH DR,,BECKWOURTH DR,2019-09-05T00:00:00.000,1309,RENO,,,255889.948499999,4387998.8637
LVM221000064826,W LAKE MEAD BLVD,,W LAKE MEAD BLVD,WINWOOD ST,,WINWOOD ST,2022-10-17T00:00:00.000,1352,LAS VEGAS,CLARK,CLARK,659948.5761,4007120.72279999
NLPD2109270016623,SIMMONS ST,,SIMMONS ST,W CHEYENNE AVE,,W CHEYENNE AVE,2021-09-27T00:00:00.000,605,NORTH LAS VEGAS,CLARK,CLARK,,
LVM190400073792,N RAINBOW BLVD,,N RAINBOW BLVD,PEAK DR,,PEAK DR,2019-04-15T00:00:00.000,1953,LAS VEGAS,CLARK,CLARK,658004.609899999,4008763.40159999
NLPD2312080024362,N 5TH ST,,N 5TH ST,E DORRELL LN,,E DORRELL LN,2023-12-08T00:00:00.000,1334,NORTH LAS VEGAS,CLARK,CLARK,667492.7289,4017230.09979999
LVM221200003918,OTHER,E LAKE MEAD BLVD,SR147E,OTHER,SHATZ,SHATZ ST,2022-12-01T00:00:00.000,2213,LAS VEGAS,CLARK,CLARK,677057.076899999,4007460.5798
LVM231100091591,S PECOS RD,,S PECOS RD,TROPICANA AVE,,SR593,2023-11-26T00:00:00.000,1257,LAS VEGAS,CLARK,CLARK,670942.160099999,3996726.6115
RPD19-3216,N CENTER ST,,N CENTER ST,STATE ST,,STATE ST,2019-02-15T00:00:00.000,849,RENO,WASHOE,WASHOE,258397.4007,4378719.4842
LVM221000064256,CHEROKEE LN,,CHEROKEE LN,MARICOPA WAY,,MARICOPA WAY,2022-10-17T00:00:00.000,1024,,CLARK,CLARK,668228.731399999,3999379.20539999
NLPD2106140009980,LOSEE RD,,LOSEE RD,MILLER AVE,,MILLER AVE,2021-06-14T00:00:00.000,1143,NORTH LAS VEGAS,CLARK,CLARK,667127.116999999,4007592.41999999
CLSD23013473,W COUGAR AVE,,W COUGAR AVE,,,,2023-02-02T00:00:00.000,748,LAS VEGAS,CLARK,CLARK,,
RPD19-5327,S VIRGINIA ST,,S VIRGINIA ST,PEPPERMILL LN,,PEPPERMILL LN,2019-03-18T00:00:00.000,1805,RENO,WASHOE,WASHOE,259250.662399999,4375880.5164
LVM190600140926,BOULDER HWY,,BOULDER HWY,E DESERT INN RD,,E DESERT INN RD,2019-06-30T00:00:00.000,6,LAS VEGAS,CLARK,CLARK,672807.083499999,3999653.50589999
LVM191000122195,E BONANZA RD,,E BONANZA RD,N EASTERN AVE,,N EASTERN AVE,2019-10-26T00:00:00.000,947,LAS VEGAS,CLARK,CLARK,669420.636099999,4004885.34249999
LVM210600089241,W CHARLESTON BLVD,,W CHARLESTON BLVD,HEAVENLY HILLS CT,,HEAVENLY HILLS CT,2021-06-19T00:00:00.000,2253,LAS VEGAS,CLARK,CLARK,654885.381099999,4002967.66
LVM220600117617,SPRING MOUNTAIN RD,,SPRING MOUNTAIN RD,PROCYON ST,,PROCYON ST,2022-06-30T00:00:00.000,1654,LAS VEGAS,CLARK,CLARK,663011.310899999,3999493.17669999
LVM220100101593,S LAS VEGAS BLVD,,S LAS VEGAS BLVD,SPRING MOUNTAIN RD,,SPRING MOUNTAIN RD,2022-01-26T00:00:00.000,532,LAS VEGAS,CLARK,CLARK,664745.3649,3999418.52439999
LVM190900019046,S NELLIS BLVD,,S NELLIS BLVD,E TROPICANA AVE,,E TROPICANA AVE,2019-09-04T00:00:00.000,2005,LAS VEGAS,CLARK,CLARK,,
LVM220500090871,E RUSSELL RD,,E RUSSELL RD,SPENCER ST,,SPENCER ST,2022-05-22T00:00:00.000,2211,LAS VEGAS,CLARK,CLARK,668497.680999999,3995325.3133
LVM220500025342,S EASTERN AVE,,S EASTERN AVE,E SUNSET RD,SUNSET,SR562,2022-05-07T00:00:00.000,113,LAS VEGAS,CLARK,CLARK,669405.1183,3993911.119
LVM220300108770,S TORREY PINES DR,,S TORREY PINES DR,W FLAMINGO RD,W FLAMINGO RD,SR592,2022-03-26T00:00:00.000,1745,LAS VEGAS,CLARK,CLARK,658951.701899999,3998088.7104
RPD20-6061,N WELLS AVE,,N WELLS AVE,E 6TH ST,,E 6TH ST,2020-03-29T00:00:00.000,1300,RENO,WASHOE,WASHOE,259087.342899999,4379884.09119999
LVM230100025259,KOVAL LN,,KOVAL LN,E HARMON AVE,,E HARMON AVE,2023-01-08T00:00:00.000,101,LAS VEGAS,CLARK,CLARK,665261.570799999,3997535.91919999
LVM231100032991,E FLAMINGO RD,,SR592,OTHER,S HILDEBRAND ST,HILDEBRAND LN,2023-11-09T16:00:00.000,1356,LAS VEGAS,CLARK,CLARK,670374.956899999,3998372.40039999
HP21-04506,BOULDER HWY N,,BOULDER HWY N,E SUNSET RD,,E SUNSET RD,2021-03-13T00:00:00.000,1917,HENDERSON,CLARK,CLARK,679090.569799999,3993087.24259999
NHP211000523,MCCARRAN BLVD,,MCCARRAN BLVD,OTHER,E LINCOLN,OTHER,2021-10-06T17:00:00.000,2002,,WASHOE,WASHOE,,
LVM221100059952,OTHER,S BOULDER HWY,SR582N,OTHER,E RUSSELL RD,E RUSSELL RD,2022-11-16T00:00:00.000,1807,LAS VEGAS,CLARK,CLARK,677194.7049,3995085.5488
LVM210100032101,PRINCETON ST,,PRINCETON ST,VERMONT AVE,,VERMONT AVE,2021-01-07T00:00:00.000,1704,LAS VEGAS,CLARK,CLARK,661108.899,4005298.67679999
NHP231201995,CHARLESTON BLVD,,SR159,CHARLESTON BLVD WB TO US95N INT72,,SR159 TO IR11N INT72,2023-12-30T16:00:00.000,335,LAS VEGAS,CLARK,CLARK,671769.833899999,4003249.97159999
HP22-00726,BOULDER HWY S,,BOULDER HWY NB,N GIBSON RD,,BROADBENT BLVD,2022-01-12T00:00:00.000,1428,,CLARK,CLARK,678069.8876,3994161.44079999
WNPD22-0058,HANSON ST,,HANSON ST,W WINNEMUCCA BLVD,,US95N,2022-01-08T00:00:00.000,1805,WINNEMUCCA,HUMBOLDT,HUMBOLDT,437644.174899999,4535528.20299999
RPD19-4586,S WELLS AVE,,S WELLS AVE,CRAMPTON ST,,CRAMPTON ST,2019-03-08T00:00:00.000,1650,RENO,,,259024.048499999,4377827.17469999
LVM190300038788,S NELLIS BLVD,,S NELLIS BLVD,E SAHARA AVE,,E SAHARA AVE,2019-03-08T00:00:00.000,2344,LAS VEGAS,CLARK,CLARK,674048.930399999,4001724.1302
RPD19-22619,E 2ND ST,,E 2ND ST,GOLDEN LN,,GOLDEN LN,2019-11-11T00:00:00.000,1943,RENO,WASHOE,WASHOE,260475.414599999,4379021.35029999
RPD19-23803,RECORD ST,,RECORD ST,E 4TH ST,,E 4TH ST,2019-11-29T00:00:00.000,2040,RENO,WASHOE,WASHOE,258580.1309,4379433.63849999
RPD20-10337,WEST ST,,WEST ST,W 2ND ST,,W 2ND ST,2020-06-19T00:00:00.000,1127,RENO,WASHOE,WASHOE,257964.944,4378984.10089999
LVM220100084802,W HARMON AVE,,W HARMON AVE,POLARIS AVE,,POLARIS AVE,2022-01-21T00:00:00.000,2337,LAS VEGAS,CLARK,CLARK,663333.3662,3997471.41789999
LVM230500021219,WYATT AVE,,WYATT AVE,MARTIN L KING BLVD,,MARTIN L KING BLVD,2023-05-05T00:00:00.000,1059,LAS VEGAS,CLARK,CLARK,665374.7355,4006679.5817
LVM211000091497,RANCHO DR,,RANCHO DR,CRAIG RD,,CRAIG RD,2021-10-22T00:00:00.000,931,LAS VEGAS,CLARK,CLARK,658934.9433,4011834.1762
HP19-08318,BOULDER HWY N,,BOULDER HWY N,W SUNSET RD,,W SUNSET RD,2019-04-12T00:00:00.000,1851,HENDERSON,CLARK,CLARK,,
LVM220800089753,DEAN MARTIN DR,,DEAN MARTIN DR,HOTEL RIO DR,,HOTEL RIO DR,2022-08-22T00:00:00.000,1437,LAS VEGAS,CLARK,CLARK,663495.1615,3998156.40029999
CLSD23043433,E KATIE AVE,,E KATIE AVE,SPENCER ST,,SPENCER ST,2023-04-17T00:00:00.000,705,LAS VEGAS,CLARK,CLARK,668511.3245,3998917.89399999
LVM230100066024,E SAHARA AVE,,E SAHARA AVE,COMMERCIAL CENTER DR LOT,,COMMERCIAL CENTER DR LOT,2023-01-17T00:00:00.000,404,LAS VEGAS,CLARK,CLARK,667121.899899999,4001523.20509999
LVM211000109634,OTHER,VEGAS WASH TRAIL,VEGAS WASH,N LAMB BLVD,N LAMB BLVD,LAMB BLVD,2021-10-26T00:00:00.000,924,LAS VEGAS,CLARK,CLARK,672458.014299999,4000063.65049999
LVM220700087443,N WALNUT RD,,N WALNUT RD,E GOWAN RD,,E GOWAN RD,2022-07-22T00:00:00.000,1618,LAS VEGAS,CLARK,CLARK,671715.6096,4010641.8441
LVM200100061134,N MARTIN L KING BLVD,,N MARTIN L KING BLVD,WYATT AVE,,WYATT AVE,2020-01-13T00:00:00.000,1730,LAS VEGAS,CLARK,CLARK,665372.2971,4006679.5733
RPD21-1226,NEWPORT LN,,NEWPORT LN,LINK LN,,LINK LN,2021-01-21T00:00:00.000,1935,RENO,WASHOE,WASHOE,257902.6195,4385837.69989999
LVM210900117460,S JONES BLVD,,S JONES BLVD,W OAKEY BLVD,W OAKEY BLVD,W OAKEY BLVD,2021-09-27T00:00:00.000,2225,LAS VEGAS,CLARK,CLARK,659624.1555,4002235.8374
HP22-20045,SR564E,,SR564E,SR582N,,SR582N,2022-10-14T00:00:00.000,1008,HENDERSON,CLARK,CLARK,,
WASO22-4420,KLONDIKE DR,,KLONDIKE DR,E 9TH AVE,,E 9TH AVE,2022-08-24T00:00:00.000,1415,SUN VALLEY,WASHOE,WASHOE,262902.291699999,4387802.2714
LVM211000068239,BOULDER HWY S,BOULDER HIGHWAY,BOULDER HWY S,E DESERT INN RD,E DESERT INN RD,E DESERT INN RD,2021-10-16T00:00:00.000,2004,LAS VEGAS,CLARK,CLARK,672818.332899999,3999641.65289999
LVM191200116277,S 17TH ST,,S 17TH ST,E CHARLESTON BLVD,,E CHARLESTON BLVD,2019-12-25T00:00:00.000,1729,LAS VEGAS,CLARK,CLARK,668328.343799999,4003187.6456
NLPD2010250017718,N MARTIN L KING BLVD,,N MARTIN L KING BLVD,W CAREY AVE,,W CAREY AVE,2020-10-25T00:00:00.000,1235,NORTH LAS VEGAS,CLARK,CLARK,665346.457999999,4008037.15269999
LVM220500003052,W CHEYENNE AVE,,SR574,RANCHO DR N,RANCHO,SR599S/RANCHO DR,2022-05-01T00:00:00.000,1929,LAS VEGAS,CLARK,CLARK,660399.707399999,4009496.139
RPD19-24353,S WELLS AVE,,S WELLS AVE,KUENZLI ST,,KUENZLI ST,2019-12-07T00:00:00.000,2212,RENO,WASHOE,WASHOE,259075.5442,4379163.98709999
LVM220800093835,N DURANGO DR,,N DURANGO DR,GRAND TETON DR,,GRAND TETON DR,2022-08-23T00:00:00.000,1349,LAS VEGAS,CLARK,CLARK,654548.048499999,4019320.64149999
LVM211200078780,N JONES BLVD,,N JONES BLVD,VEGAS DR,VEGAS,VEGAS DR,2021-12-19T00:00:00.000,2101,LAS VEGAS,CLARK,CLARK,659679.2702,4008016.9703
WASO22-4340,LAKESHORE BLVD,,LAKESHORE BLVD,,,,2022-08-20T17:00:00.000,958,INCLINE VILLAGE,WASHOE,WASHOE,,
LVM190200045069,W CINCINNATI AVE,,W CINCINNATI AVE,S LAS VEGAS BLVD,,S LAS VEGAS BLVD,2019-02-10T00:00:00.000,2038,LAS VEGAS,CLARK,CLARK,665829.780399999,4001554.9798
NHP230100634,US95S,,US95S,OTHER,SR157,SR157E,2023-01-07T00:00:00.000,939,LAS VEGAS,CLARK,CLARK,650995.707499999,4022183.41939999
LVM210900023425,OTHER,BOULDER HIGHWAY,OTHER,OTHER,S INDIOS AVE,OTHER,2021-09-06T00:00:00.000,658,LAS VEGAS,CLARK,CLARK,673325.329199999,3999492.3276
RPD19-22365,LYMBERY ST,,LYMBERY ST,CADILLAC PL,,CADILLAC PL,2019-11-08T00:00:00.000,846,RENO,WASHOE,WASHOE,258918.490899999,4376124.8922
LVM220400073200,SR612,,SR612,STEWART AVE,,STEWART AVE,2022-04-17T00:00:00.000,2258,LAS VEGAS,CLARK,CLARK,674293.3994,4004459.51329999
LVM200200052421,E VIKING RD,,E VIKING RD,S SANDHILL RD,,S SANDHILL RD,2020-02-11T00:00:00.000,1528,LAS VEGAS,CLARK,CLARK,671719.378299999,3998811.0284
HP21-12113,S EASTERN AVE,,S EASTERN AVE,SUN CITY ANTHEM DR,,SUN CITY ANTHEM DR,2021-07-04T00:00:00.000,1051,HENDERSON,CLARK,CLARK,671200.9981,3982151.7561
LVM220900109084,E DESERT INN RD,,E DESERT INN RD,CAMBRIDGE ST,,CAMBRIDGE ST,2022-09-27T00:00:00.000,1536,LAS VEGAS,CLARK,CLARK,667284.305999999,3999941.77429999
RPD22-21995,N VIRGINIA ST,,N VIRGINIA ST,TALUS WY,,TALUS WAY,2022-11-25T16:00:00.000,231,RENO,WASHOE,WASHOE,257175.055499999,4382745.8385
LVM231100028030,KAREN AVE,,KAREN AVE,PARADISE RD,,PARADISE RD,2023-11-09T00:00:00.000,411,LAS VEGAS,CLARK,CLARK,666018.6231,4001076.03309999
HP22-12946,BOULDER,,BOULDER,,,,2022-07-05T00:00:00.000,517,HENDERSON,CLARK,CLARK,,
LVM210400042217,W CHARLESTON BLVD,,W CHARLESTON BLVD,S FORT APACHE RD,,S FORT APACHE RD,2021-04-10T00:00:00.000,748,LAS VEGAS,CLARK,CLARK,653579.6232,4002938.8047
NLPD2307300015221,W TROPICAL PKWY,,W TROPICAL PKWY,N DECATUR BLVD,,N DECATUR BLVD,2023-07-30T00:00:00.000,1351,NORTH LAS VEGAS,CLARK,CLARK,661070.446399999,4015281.5064
HP21-00038,N ARROYO GRANDE BLVD,,N ARROYO GRANDE BLVD,SANTIAGO DR,,SANTIAGO DR,2021-01-01T00:00:00.000,1625,HENDERSON,CLARK,CLARK,675173.475899999,3991126.31469999
NLPD2003150005183,STATZ ST,,STATZ ST,E CAREY AVE,,E CAREY AVE,2020-03-15T00:00:00.000,1538,NORTH LAS VEGAS,CLARK,CLARK,670095.998399999,4008040.8857
NLPD2002140003153,AVIARY WAY,,AVIARY WAY,COMMON LOON LN,,COMMON LOON LN,2020-02-14T00:00:00.000,1823,NORTH LAS VEGAS,CLARK,CLARK,662331.3733,4016813.22499999
LVM210300135333,S LAS VEGAS BLVD,,S LAS VEGAS BLVD,SIRENS COVE BLVD,,SIRENS COVE BLVD,2021-03-29T00:00:00.000,1715,LAS VEGAS,CLARK,CLARK,664619.797,3999172.695
ELPD2021-02692,12TH ST,,12TH ST,SILVER ST,,SILVER ST,2021-02-10T00:00:00.000,1105,ELKO,ELKO,ELKO,604996.7662,4521368.88529999
NLPD2107190012209,N COMMERCE ST,,N COMMERCE ST,E TROPICAL PKWY,,E TROPICAL PKWY,2021-07-19T00:00:00.000,1124,NORTH LAS VEGAS,CLARK,CLARK,666715.8572,4015385.27309999
LVM230100062927,E HARMON AVE,,E HARMON AVE,MOUNTAIN VISTA ST,,MOUNTAIN VISTA ST,2023-01-16T00:00:00.000,921,LAS VEGAS,CLARK,CLARK,673409.5453,3997603.2594
LVM231100076835,W FLAMINGO RD,,W FLAMINGO RD,S BUFFALO DR,,S BUFFALO DR,2023-11-20T16:00:00.000,2242,LAS VEGAS,CLARK,CLARK,656516.4203,3998067.39509999
RPD23-22966,E PLUMB LN,,E PLUMB LN,KIETZKE LN,,KIETZKE LN,2023-12-15T00:00:00.000,449,RENO,WASHOE,WASHOE,260196.9219,4376631.5
NLPD2306180012358,W GOWAN RD,,W GOWAN RD,ALLEN LN,,ALLEN LN,2023-06-18T00:00:00.000,1742,NORTH LAS VEGAS,CLARK,CLARK,662775.600399999,4010403.8635
RPD19-101823,S VIRGINIA ST,,S VIRGINIA ST,GREEN ACRES DR,,GREEN ACRES DR,2019-02-23T00:00:00.000,1030,RENO,WASHOE,WASHOE,260687.963499999,4371698.1972
LVM230900053307,ALTA DR,,ALTA DR,ALTAMIRA RD,,ALTAMIRA RD,2023-09-15T00:00:00.000,1958,LAS VEGAS,CLARK,CLARK,656853.1567,4003824.96529999
NHP190801308,OTHER,DECATUR,OTHER,OTHER,US95/DECATUR NB ON RAMP,OTHER,2019-08-16T00:00:00.000,224,RENO,CLARK,CLARK,661346.5625,4004727.25
BCPD19BC0388,COTTONWOOD ST,,COTTONWOOD ST,MONTERA LN,,MONTERA LN,2019-04-06T00:00:00.000,2359,BOULDER CITY,CLARK,CLARK,694636.409599999,3982667.23179999
LVM201000069028,OTHER,W EMPRESS,OTHER,OTHER,S HONEYDEW,OTHER,2020-10-16T00:00:00.000,1024,,CLARK,CLARK,657414.2586,3997407.7166
LVM211100022659,S RAINBOW BLVD,,S RAINBOW BLVD,W ROBINDALE RD,,W ROBINDALE RD,2021-11-06T00:00:00.000,850,LAS VEGAS,CLARK,CLARK,658244.766499999,3990536.52009999
LVM230800036717,E DESERT INN RD WB,,E DESERT INN RD,OTHER,S NELLIS BLVD,SR612,2023-08-10T00:00:00.000,1846,LAS VEGAS,CLARK,CLARK,674093.263899999,4000058.9701
LVM201000056656,S MARYLAND PKWY,,S MARYLAND PKWY,E WIGWAM AVE,,E WIGWAM AVE,2020-10-13T00:00:00.000,1636,,CLARK,CLARK,667916.205299999,3989471.72509999
LVM220600025285,SUN VALLEY DR,,SUN VALLEY DR,OTHER,BOULDER HWY,OTHER,2022-06-07T00:00:00.000,1137,LAS VEGAS,CLARK,CLARK,674878.049599999,3997472.88489999
NHP200301392,OTHER,SR160,OTHER,OTHER,GRAVEL PIT ROAD,OTHER,2020-03-18T00:00:00.000,2242,,NYE,NYE,595806.1538,4004145.19649999
LVM220100051666,W WASHINGTON AVE,,W WASHINGTON AVE,DOWN WAY,,DOWN WAY,2022-01-13T00:00:00.000,1805,LAS VEGAS,CLARK,CLARK,665624.8322,4005579.5251
LVM191100126763,S LAS VEGAS BLVD,,S LAS VEGAS BLVD,OTHER,BOB STUPAK AVE,OTHER,2019-11-27T00:00:00.000,1041,LAS VEGAS,CLARK,CLARK,665923.329499999,4001740.31519999
LVM200600010538,N NELLIS BLVD,,N NELLIS BLVD,E LAKE MEAD BLVD,,E LAKE MEAD BLVD,2020-06-03T00:00:00.000,2225,LAS VEGAS,CLARK,CLARK,674230.261599999,4007482.93349999
LVM230600074325,E FLAMINGO RD,,E FLAMINGO RD,OTHER,S UNIVERSITY CENTER DR,S UNIVERSITY CENTER DR,2023-06-16T00:00:00.000,1604,LAS VEGAS,CLARK,CLARK,666867.7241,3998261.4285
LVM200300113779,SILVER DOLLAR AVE,,SILVER DOLLAR AVE,FOOT ST,,FOOT ST,2020-03-24T00:00:00.000,2038,LAS VEGAS,CLARK,CLARK,662385.5272,4000787.9375
RPD22-19767,E 2ND ST,,E 2ND ST,EVANS AVE,,EVANS AVE,2022-10-20T00:00:00.000,1922,RENO,WASHOE,WASHOE,258530.5968,4379104.1501
LVM210500069264,W SAHARA AVE,,W SAHARA AVE,S RANCHO DR,,S RANCHO DR,2021-05-15T00:00:00.000,1225,LAS VEGAS,CLARK,CLARK,664278.2691,4001497.27979999
LVM220500100553,N PAVILION CENTER DR,,N PAVILION CENTER DR,REGAL MESA AVE,,REGAL MESA AVE,2022-05-25T00:00:00.000,913,LAS VEGAS,CLARK,CLARK,649894.277099999,4004763.01479999
NLPD1901310002199,W CHEYENNE AVE,,W CHEYENNE AVE,SIMMONS ST,,SIMMONS ST,2019-01-29T00:00:00.000,900,NORTH LAS VEGAS,CLARK,CLARK,663638.290199999,4009621.17549999
NLPD2003100004806,N MARTIN L KING BLVD,,N MARTIN L KING BLVD,W CRAIG RD,,W CRAIG RD,2020-03-10T00:00:00.000,2343,NORTH LAS VEGAS,CLARK,CLARK,665274.4685,4012442.2763
LVM190400024616,FREMONT ST,,FREMONT ST,S 14TH ST,,S 14TH ST,2019-04-06T00:00:00.000,2031,LAS VEGAS,CLARK,CLARK,668161.7362,4003849.64499999
NLPD1909200019168,W CRAIG RD,,W CRAIG RD,SIMMONS ST,,SIMMONS ST,2019-09-20T00:00:00.000,459,NORTH LAS VEGAS,CLARK,CLARK,663532.653699999,4012040.57269999
LVM190700089775,CAMBRIDGE ST,,CAMBRIDGE ST,E TWAIN AVE,,E TWAIN AVE,2019-07-18T00:00:00.000,1722,LAS VEGAS,CLARK,CLARK,667228.9291,3999112.87539999
SPPD20-7944,HOWARD DR,,HOWARD DR,E LINCOLN WAY,,E LINCOLN WAY,2020-10-22T00:00:00.000,1524,SPARKS,WASHOE,WASHOE,265174.563,4379908.1556
LVM231100002682,OTHER,ARVILLE ST,ARVILLE ST,OTHER,W FLAMINGO RD,W FLAMINGO RD,2023-11-01T00:00:00.000,1828,LAS VEGAS,CLARK,CLARK,662056.277999999,3998176.16389999
NLPD2310150020687,BASSLER ST,,BASSLER ST,,,,2023-10-15T00:00:00.000,2034,NORTH LAS VEGAS,CLARK,CLARK,,
RPD22-13518,W 5TH ST,,W 5TH ST,WASHINGTON ST,,WASHINGTON ST,2022-07-22T00:00:00.000,1045,RENO,WASHOE,WASHOE,257295.9654,4379346.09339999
LVM230800109213,S MARYLAND PKWY,,S MARYLAND PKWY,FREMONT ST,,FREMONT ST,2023-08-31T00:00:00.000,959,LAS VEGAS,CLARK,CLARK,667952.411799999,4003946.9351
LVM210400076949,W CHARLESTON BLVD,,W CHARLESTON BLVD,S GRAND CENTRAL PKWY,,S GRAND CENTRAL PKWY,2021-04-17T00:00:00.000,2043,LAS VEGAS,CLARK,CLARK,665659.696999999,4003150.2429
LVM200200029754,S EASTERN AVE,,S EASTERN AVE,WENGERT AVE,,WENGERT AVE,2020-02-06T00:00:00.000,2339,LAS VEGAS,CLARK,CLARK,669221.5798,4002717.13849999
LVM231100037281,N DECATUR BLVD,,N DECATUR BLVD,W WASHINGTON AVE,,W WASHINGTON AVE,2023-11-10T16:00:00.000,1818,LAS VEGAS,CLARK,CLARK,661322.3168,4005509.83929999
LVM211000075501,BURNHAM AVE,,BURNHAM AVE,E ST LOUIS AVE,,E ST LOUIS AVE,2021-10-18T00:00:00.000,1556,LAS VEGAS,CLARK,CLARK,668837.6972,4002023.8441
LVM230700080493,E DESERT INN RD,,E DESERT INN RD,S SANDHILL RD,,S SANDHILL RD,2023-07-18T00:00:00.000,2123,LAS VEGAS,CLARK,CLARK,671706.362499999,4000009.3366
NHP191100735,SR443,,SR443,OTHER,7TH ST,OTHER,2019-11-08T00:00:00.000,1629,RENO,WASHOE,WASHOE,261255.5354,4387056.0777
LVM190600135202,N LAMB BLVD,,N LAMB BLVD,ALTO AVE,,ALTO AVE,2019-06-28T00:00:00.000,2129,LAS VEGAS,CLARK,CLARK,672578.312699999,4008983.16889999
LVM220900066181,W TROPICANA AVE,,W TROPICANA AVE,S JONES BLVD,,S JONES BLVD,2022-09-16T00:00:00.000,2242,LAS VEGAS,CLARK,CLARK,659523.6891,3996477.4898
HP23-07796,SR564W TO SR582N,,BOULDER HWY NB,OTHER,LOWRY ST,LOWERY ST,2023-04-27T00:00:00.000,337,HENDERSON,CLARK,CLARK,681385.4768,3990675.99259999
LVM211100073816,E TROPICANA AVE,,E TROPICANA AVE,S MARYLAND PKWY,,S MARYLAND PKWY,2021-11-18T00:00:00.000,812,LAS VEGAS,CLARK,CLARK,667704.331799999,3996753.07489999
ELPD23EP-11035,WILSON AVE,,WILSON AVE,S 5TH ST,,SR227,2023-07-15T00:00:00.000,6,ELKO,ELKO,ELKO,604938.9375,4520348.5
RPD21-7025,E 6TH ST,,E 6TH ST,SPOKANE ST,,SPOKANE ST,2021-04-22T00:00:00.000,2004,RENO,WASHOE,WASHOE,259307.710799999,4379861.3758
LVM190100053951,S LAS VEGAS BLVD,,S LAS VEGAS BLVD,CIRCUS CIRCUS DR,,CIRCUS CIRCUS DR,2019-10-12T00:00:00.000,327,LAS VEGAS,CLARK,CLARK,665432.4083,4000771.95859999
LVM230900028466,CHARLESTON BLVD,W CHARLESTON BLVD,CHARLESTON BLVD,OTHER,ROCKAWAY ST,ROCKAWAY ST,2023-09-08T00:00:00.000,1943,LAS VEGAS,CLARK,CLARK,657736.223799999,4003020.59149999
LVM210300089789,OBANNON DR,,OBANNON DR,LINDELL RD,,LINDELL RD,2021-03-19T00:00:00.000,1931,LAS VEGAS,CLARK,CLARK,660425.785699999,4001850.17339999
LVM221200035934,E TROPICANA AVE,,E TROPICANA AVE,OTHER,S EASTERN AVE,OTHER,2022-12-09T00:00:00.000,1916,LAS VEGAS,CLARK,CLARK,669384.787299999,3996673.81399999
LVM190800016006,E CHARLESTON BLVD,,E CHARLESTON BLVD,,,,2019-08-04T00:00:00.000,855,LAS VEGAS,CLARK,CLARK,,
LVM201100050493,ABELS LN,,ABELS LN,E LAKE MEAD BLVD,,E LAKE MEAD BLVD,2020-11-12T00:00:00.000,1725,,CLARK,CLARK,672820.149799999,4007535.34109999
LVM201200098760,S NELLIS BLVD,,S NELLIS BLVD,E SAHARA AVE,,E SAHARA AVE,2020-12-23T00:00:00.000,1714,LAS VEGAS,CLARK,CLARK,674046.7219,4001824.10559999
NLPD2301220001443,CARLSBAD HEIGHTS ST,,CARLSBAD HEIGHTS ST,CHULA VISTA HILLS DR,,CHULA VISTA HILLS DR,2023-01-22T00:00:00.000,1318,NORTH LAS VEGAS,CLARK,CLARK,667886.016699999,4013950.5284
NLPD2205190009121,COLONNADE ROW DR,,COLONNADE ROW DR,MAUNA KING ST,,MAUNA KING ST,2022-05-19T00:00:00.000,659,NORTH LAS VEGAS,CLARK,CLARK,666114.284099999,4011528.5854
CLSD23047521,N TENAYA WAY,,N TENAYA WAY,GATES MILL RD,,GATES MILL RD,2023-04-26T00:00:00.000,825,LAS VEGAS,CLARK,CLARK,657202.419099999,4007746.92919999
NLPD2004170006699,N LAS VEGAS BLVD,,N LAS VEGAS BLVD,N HOLLYWOOD BLVD,,N HOLLYWOOD BLVD,2020-04-17T00:00:00.000,554,NORTH LAS VEGAS,CLARK,CLARK,677433.809399999,4014490.43119999
LVM200200087575,E WASHINGTON AVE,,E WASHINGTON AVE,LENA ST,,LENA ST,2020-02-18T00:00:00.000,1659,LAS VEGAS,CLARK,CLARK,670719.4197,4005689.2772
HP19-20244,PASEO VERDE PKWY,,PASEO VERDE PKWY,CARNEGIE ST,,CARNEGIE ST,2019-09-11T00:00:00.000,1934,HENDERSON,CLARK,CLARK,671991.602199999,3987635.4241
NLPD2203240005330,OTHER,LAKE MEAD,LAKE MEAD BLVD,LAS VEGAS BLVD,,LAS VEGAS BLVD,2022-03-24T00:00:00.000,1945,NORTH LAS VEGAS,CLARK,CLARK,668184.6642,4007284.91559999
LVM200100144576,SIERRA VISTA DR,,SIERRA VISTA DR,CAMBRIDGE ST,,CAMBRIDGE ST,2020-01-30T00:00:00.000,1433,LAS VEGAS,CLARK,CLARK,667207.8172,3999624.26879999
NHP210701109,IR15 S,,IR15 S,OTHER,IR15/SPEEDWAY BOULEVARD SOUTHBOUND OFFRAMP,OTHER,2021-07-14T00:00:00.000,1140,,CLARK,CLARK,,
LVM191100138616,S LAS VEGAS BLVD,,S LAS VEGAS BLVD,,,,2019-11-29T00:00:00.000,2328,LAS VEGAS,CLARK,CLARK,,
NLPD2303290006199,CAMARILLO DR,,CAMARILLO DR,CAMINO SOMBRERO,,CAMINO SOMBRERO,2023-03-29T00:00:00.000,915,NORTH LAS VEGAS,CLARK,CLARK,665139.2969,4012939.4034
LVM231200071541,OTHER,BOULDER HWY,BOULDER HWY,OTHER,S NELLIS BLVD,S NELLIS BLVD,2023-12-20T16:00:00.000,1705,LAS VEGAS,CLARK,CLARK,674192.8452,3998196.50899999
LVM190800132583,N RAINBOW BLVD,,N RAINBOW BLVD,VEGAS DR,,VEGAS DR,2019-08-27T00:00:00.000,1214,LAS VEGAS,CLARK,CLARK,658047.041699999,4006298.86769999
NLPD2106070009512,W CRAIG RD,W CRAIG,W CRAIG RD,SCOTT ROBINSON BLVD,,SCOTT ROBINSON BLVD,2021-06-07T00:00:00.000,1002,NORTH LAS VEGAS,CLARK,CLARK,664753.335599999,4012063.388
LVM210700028893,WYNN RD,,WYNN RD,SPRING MOUNTAIN RD,,SPRING MOUNTAIN RD,2021-07-06T00:00:00.000,1900,LAS VEGAS,CLARK,CLARK,662458.2344,3999479.5471
CCSO19-6496,E LONG ST,,E LONG ST,RAND AV,,RAND AV,2019-09-24T00:00:00.000,906,CARSON CITY,CARSON CITY,CARSON CITY,262469.4116,4339687.67049999
RPD21-11955,HALEY ST,,HALEY ST,BELDON WAY,,BELDON WAY,2021-07-05T00:00:00.000,2125,RENO,WASHOE,WASHOE,254570.565,4379768.3068
LVM210800081467,BOULDER HWY,,BOULDER HWY,INDIOS AVE,,INDIOS AVE,2021-08-19T00:00:00.000,1953,LAS VEGAS,CLARK,CLARK,673299.714499999,3999133.04059999
LVM191200041031,W SUNSET RD,,W SUNSET RD,S FORT APACHE RD,,S FORT APACHE RD,2019-12-09T00:00:00.000,1414,LAS VEGAS,CLARK,CLARK,653241.370099999,3993076.0775
LVM210200079738,SPRING MOUNTAIN RD,,SPRING MOUNTAIN RD,LINDELL RD,,LINDELL RD,2021-02-18T00:00:00.000,1800,LAS VEGAS,CLARK,CLARK,660495.241299999,3999380.84479999
LVM211100013488,S TORREY PINES DR,,S TORREY PINES DR,BRISTOL WAY,,BRISTOL WAY,2021-11-04T00:00:00.000,541,LAS VEGAS,CLARK,CLARK,658922.983599999,4003465.52989999
LVM210400111183,E FLAMINGO RD,,E FLAMINGO RD,BOULDER HWY,,BOULDER HWY,2021-04-25T00:00:00.000,344,LAS VEGAS,CLARK,CLARK,673971.8125,3998427.75
LVM221000021849,PARADISE RD,,PARADISE RD,E FLAMINGO RD,,E FLAMINGO RD,2022-10-06T00:00:00.000,1223,LAS VEGAS,CLARK,CLARK,666199.960099999,3998003.31809999
LVM200100107700,E LAKE MEAD BLVD,,E LAKE MEAD BLVD,N NELLIS BLVD,,N NELLIS BLVD,2020-01-23T00:00:00.000,1339,LAS VEGAS,CLARK,CLARK,674383.2088,4007458.80399999
LVM210900059899,FREMONT ST,,FREMONT ST,OTHER,EASTERN AVE,N EASTERN AVE,2021-09-14T00:00:00.000,1521,LAS VEGAS,CLARK,CLARK,669216.712299999,4003314.82919999
NLPD2304050006708,MCDANIEL ST,,MCDANIEL ST,LAKE MEAD BLVD,,LAKE MEAD BLVD,2023-04-05T00:00:00.000,1509,NORTH LAS VEGAS,CLARK,CLARK,668967.5486,4007302.53849999
HP22-21982,S EASTERN AVE SB,,S EASTERN AVE SB,E HORIZON DR,,E HORIZON DR,2022-11-16T00:00:00.000,900,HENDERSON,CLARK,CLARK,,
HP23-11580,ANTHEM PKWY,,ANTHEM PKWY,REUNION DR,,REUNION DR,2023-06-17T00:00:00.000,915,HENDERSON,CLARK,CLARK,671702.743099999,3982636.1763
LVM190800044976,W SUNSET RD,,W SUNSET RD,S JONES BLVD,,S JONES BLVD,2019-08-09T00:00:00.000,2247,LAS VEGAS,CLARK,CLARK,659881.3765,3993270.83589999
LVM220600082292,GILES ST,,GILES ST,E MESA VERDE LN,,E MESA VERDE LN,2022-06-21T00:00:00.000,2104,LAS VEGAS,CLARK,CLARK,664840.0849,3990533.08589999
LVM210900098426,LEON AVE,,LEON AVE,PRIVATE DR,,PRIVATE DR,2021-09-23T00:00:00.000,1107,LAS VEGAS,CLARK,CLARK,659838.1935,4018829.6094
NHP201101151,SR582,,SR582,OTHER,US95/SR582 SB ON RAMP,OTHER,2020-11-16T00:00:00.000,1112,,CLARK,CLARK,671746.724999999,4000812.9097
LVM220700114854,OTHER,W SIREN'S COVE BLVD,SIRENS COVE BLVD,OTHER,S LAS VEGAS BLVD,S LAS VEGAS BLVD,2022-07-29T00:00:00.000,1325,LAS VEGAS,CLARK,CLARK,664602.2379,3999182.3275
LVM210800103213,E DESERT INN RD,,E DESERT INN RD,S MARYLAND PKWY,,S MARYLAND PKWY,2021-08-24T00:00:00.000,1813,LAS VEGAS,CLARK,CLARK,667621.641099999,3999948.8078
RPD23-10143,N VIRGINIA ST,,N VIRGINIA ST,W 5TH ST,,W 5TH ST,2023-06-10T00:00:00.000,1758,RENO,WASHOE,WASHOE,258085.9504,4379529.4998
LVM230700087240,S RANCHO DR,,S RANCHO DR,OTHER,CORPORATE CENTER DR,CORPORATE CENTER DR,2023-07-20T00:00:00.000,1312,LAS VEGAS,CLARK,CLARK,664354.030399999,4002296.67589999
LVM200200105637,S CASINO CENTER BLVD,,S CASINO CENTER BLVD,E BRIDGER AVE,,E BRIDGER AVE,2020-02-22T00:00:00.000,1046,LAS VEGAS,CLARK,CLARK,666785.9626,4004214.37659999
LVM200200009398,W SILVERADO RANCH BLVD,,W SILVERADO RANCH BLVD,S VALLEY VIEW BLVD,,S VALLEY VIEW BLVD,2020-02-03T00:00:00.000,1946,LAS VEGAS,CLARK,CLARK,663040.6798,3986959.16999999
LVM220100020735,S DECATUR BLVD,,S DECATUR BLVD,SPRING MOUNTAIN RD,,SPRING MOUNTAIN RD,2022-01-05T00:00:00.000,1844,LAS VEGAS,CLARK,CLARK,661248.429899999,3999454.0259
LVM220500007020,HAZELWOOD ST,,HAZELWOOD ST,NORTHROP AVE,,NORTHROP AVE,2022-05-02T00:00:00.000,1853,LAS VEGAS,CLARK,CLARK,666653.797299999,3998814.61879999
LVMLLV200900119011,S CASINO DR,,S CASINO DR,BRUCE WOODBURY DR,,BRUCE WOODBURY DR,2020-09-27T00:00:00.000,1714,,CLARK,CLARK,720894.076899999,3893595.846
HP23-04775,HIGH VIEW DR,,HIGH VIEW DR,KILMARON CIR,,KILMARON CIR,2023-03-13T00:00:00.000,940,HENDERSON,CLARK,CLARK,673009.9153,3993105.44339999
LVM211200068587,S RAINBOW BLVD,,S RAINBOW BLVD,W BADURA AVE,,W BADURA AVE,2021-12-17T00:00:00.000,921,LAS VEGAS,CLARK,CLARK,658282.099499999,3992248.47519999
LVM190900085050,E BONANZA RD,,E BONANZA RD,N 21ST ST,,N 21ST ST,2019-09-18T00:00:00.000,1453,LAS VEGAS,CLARK,CLARK,669014.817499999,4004880.7872
LVM221100113738,OTHER,S BOULDER HWY,OTHER,OTHER,E DESERT HORIZONS DR,OTHER,2022-11-30T00:00:00.000,1455,LAS VEGAS,CLARK,CLARK,676658.7127,3995599.4909
LVM190800123796,S JONES BLVD,,S JONES BLVD,EVERGREEN AVE,,EVERGREEN AVE,2019-08-25T00:00:00.000,1512,LAS VEGAS,CLARK,CLARK,659757.682,4003505.03959999
HP19-24686,N GREEN VALLEY PKWY,,N GREEN VALLEY PKWY,SUNSET RD,,SUNSET RD,2019-11-07T00:00:00.000,1307,HENDERSON,CLARK,CLARK,672685.8989,3993449.6556
ELPD2020-20899,MOUNTAIN CITY HWY,,MOUNTAIN CITY HWY,ASPEN WAY,,ASPEN WAY,2020-10-19T00:00:00.000,1902,ELKO,ELKO,ELKO,602418.1176,4520860.9941
HP21-21007,BOULDER HWY N,,BOULDER HWY N,S RACETRACK RD,,S RACETRACK RD,2021-11-10T00:00:00.000,1120,HENDERSON,CLARK,CLARK,,
LVM200100071091,E DESERT INN RD,,E DESERT INN RD,S MARYLAND PKWY,,S MARYLAND PKWY,2020-01-15T00:00:00.000,1801,LAS VEGAS,CLARK,CLARK,667681.6951,3999949.4469
RPD23-1373,SILVER LAKE RD,,SILVER LAKE RD,STEAD BLVD,,STEAD BLVD,2023-01-23T00:00:00.000,840,RENO,WASHOE,WASHOE,252627.7466,4390159.8723
NLPD2105080007646,N LAS VEGAS BLVD,,N LAS VEGAS BLVD,N MAIN ST,,N MAIN ST,2021-05-08T00:00:00.000,2333,NORTH LAS VEGAS,CLARK,CLARK,667821.664699999,4006651.09229999
LVM231100051785,SEARLES AVE,,SEARLES AVE,N BRUCE ST,,N BRUCE ST,2023-11-14T16:00:00.000,756,LAS VEGAS,CLARK,CLARK,668518.673,4006075.90149999
LVM220900058713,E FLAMINGO RD,,E FLAMINGO RD,OTHER,S MARYLAND PKWY,OTHER,2022-09-15T00:00:00.000,508,LAS VEGAS,CLARK,CLARK,667596.8355,3998252.01239999
LVM220900063107,SPENCER ST,,SPENCER ST,E PEBBLE RD,,E PEBBLE RD,2022-09-16T00:00:00.000,701,LAS VEGAS,CLARK,CLARK,668733.5656,3988650.1873
NLPD1908060016038,W CRAIG RD,,W CRAIG RD,KINGS HILL RD,,KINGS HILL RD,2019-08-06T00:00:00.000,740,NORTH LAS VEGAS,CLARK,CLARK,666339.356999999,4012094.89499999
LVM221000108046,S DURANGO DR,,S DURANGO DR,W FLAMINGO RD,,W FLAMINGO RD,2022-10-28T00:00:00.000,1056,,CLARK,CLARK,654889.189799999,3998030.0401
LVM191200003662,W CHARLESTON BLVD,,W CHARLESTON BLVD,REDWOOD ST,,REDWOOD ST,2019-12-01T00:00:00.000,1954,LAS VEGAS,CLARK,CLARK,658473.2936,4003036.87189999
LVM200300009565,E KATIE AVE,,E KATIE AVE,S MARYLAND PKWY,,S MARYLAND PKWY,2020-03-03T00:00:00.000,503,LAS VEGAS,CLARK,CLARK,667615.958399999,3998892.2881
RPD20-1081,AIRWAY DR,,AIRWAY DR,E PECKHAM LN,,E PECKHAM LN,2020-01-17T00:00:00.000,825,RENO,WASHOE,WASHOE,261492.059999999,4373922.0098
LVM210800060249,S LAS VEGAS BLVD,,S LAS VEGAS BLVD,E ARBY AVE,,E ARBY AVE,2021-08-14T00:00:00.000,2227,LAS VEGAS,CLARK,CLARK,664604.850399999,3992199.58489999
LVM190200063296,N RAINBOW BLVD,,N RAINBOW BLVD,OTHER,RAINBOW RIDGE PLAZA,OTHER,2019-02-14T00:00:00.000,1608,LAS VEGAS,CLARK,CLARK,657993.531499999,4009379.5642
CCSO20-5206,IMPERIAL WAY,,IMPERIAL WAY,W NYE LN,,W NYE LN,2020-09-06T00:00:00.000,1949,CARSON CITY,CARSON CITY,CARSON CITY,260916.878899999,4341244.95189999
SPPD20-167,E PRATER WY,,E PRATER WY,E I ST,,E I ST,2020-01-06T00:00:00.000,1422,SPARKS,WASHOE,WASHOE,264740.0267,4380493.69439999
NHP190300217,IR580,,IR580,OTHER,WA8,OTHER,2019-03-04T00:00:00.000,514,RENO,WASHOE,WASHOE,257292.614099999,4356751.9867
LVM201100012407,S LAS VEGAS BLVD,,S LAS VEGAS BLVD,E FLAMINGO RD,,E FLAMINGO RD,2020-11-03T00:00:00.000,2357,,CLARK,CLARK,664447.781,3998134.1325
LVM230800009518,W TROPICANA AVE,,W TROPICANA AVE,,,,2023-08-03T00:00:00.000,1026,LAS VEGAS,CLARK,CLARK,653871.082799999,3996399.2078
RPD23-20928,N VIRGINIA ST,,N VIRGINIA ST,W GOLDEN VALLEY,,W GOLDEN VALLEY RD,2023-11-13T00:00:00.000,1614,RENO,WASHOE,WASHOE,256240.916299999,4386918.07689999
LVM221000066938,W SAHARA AVE,,SAHARA AVE,TEDDY DR,,TEDDY DR,2022-10-18T00:00:00.000,155,LAS VEGAS,CLARK,CLARK,663917.704199999,4001494.13639999
CLSD21103138,W DEER SPRINGS WAY,,W DEER SPRINGS WAY,CLAYTON ST,,CLAYTON ST,2021-09-10T00:00:00.000,730,NORTH LAS VEGAS,CLARK,CLARK,664252.440799999,4017023.6455
LVM200200058655,W WASHINGTON AVE,,W WASHINGTON AVE,N BUFFALO DR,,N BUFFALO DR,2020-02-12T00:00:00.000,1855,LAS VEGAS,CLARK,CLARK,656476.0882,4005469.8978
LVM220200104284,N TENAYA WAY,,N TENAYA WAY,EUGENE AVE,,EUGENE AVE,2022-02-25T00:00:00.000,1446,LAS VEGAS,CLARK,CLARK,657210.4669,4007520.5567
LVM190800097409,S LAS VEGAS BLVD,,S LAS VEGAS BLVD,CAESARS FORUM SHOPS DR,,CAESARS FORUM SHOPS DR,2019-08-20T00:00:00.000,632,LAS VEGAS,CLARK,CLARK,664473.0278,3998808.61879999
LVM191000114056,VEGAS VALLEY DR,,VEGAS VALLEY DR,S EASTERN AVE,,S EASTERN AVE,2019-10-24T00:00:00.000,1525,LAS VEGAS,CLARK,CLARK,669280.4323,4000786.26769999
NLPD1902200003700,N 5TH ST,,N 5TH ST,E HAMMER LN,,E HAMMER LN,2019-02-20T00:00:00.000,1830,NORTH LAS VEGAS,CLARK,CLARK,667570.2082,4014150.3342
LVM190500098059,S 13TH ST,,S 13TH ST,E CLARK AVE,,E CLARK AVE,2019-05-20T00:00:00.000,1706,LAS VEGAS,CLARK,CLARK,667770.4198,4003332.1948
LVM220600000254,E FLAMINGO RD,,FLAMINGO RD,LINQ LN,,LINQ LN,2022-06-01T00:00:00.000,149,LAS VEGAS,CLARK,CLARK,665083.693599999,3998206.86629999
LVM201200119661,W DEWEY DR,,W DEWEY DR,ROLLINS ST,,ROLLINS ST,2020-12-28T00:00:00.000,2027,,CLARK,CLARK,660331.7466,3995125.7894
SPPD20-1097,SPARKS BL,,SPARKS BL,E PRATER WY,,E PRATER WY,2020-02-04T00:00:00.000,1834,SPARKS,WASHOE,WASHOE,266662.036899999,4380130.50469999
NHP220500593,OTHER,TROPICANA EB,SR593,OTHER,SANTA BARBARA ST,SANTA BARBARA ST,2022-05-10T00:00:00.000,4,LAS VEGAS,CLARK,CLARK,672363.8693,3996768.3223
RPD19-23785,CLEAR ACRE LN,,CLEAR ACRE LN,SELMI DR,,SELMI DR,2019-11-29T00:00:00.000,1526,RENO,WASHOE,WASHOE,260161.4866,4382406.7518
RPD20-19704,W 5TH ST,,W 5TH ST,WEST ST,,WEST ST,2020-11-04T00:00:00.000,1733,RENO,WASHOE,WASHOE,257832.826299999,4379460.75029999
RPD21-23254,HARVARD WAY,,HARVARD WAY,E PLUMB LN,,SR653,2021-12-10T00:00:00.000,1435,RENO,WASHOE,WASHOE,260480.289499999,4376656.4942
LVM220800065903,BERMUDA RD,,BERMUDA RD,FRIAS AVE,,E FRIAS AVE,2022-08-16T00:00:00.000,2047,LAS VEGAS,CLARK,CLARK,666294.433299999,3985828.38609999
LVM230800063214,N MOJAVE RD,,N MOJAVE RD,SUNRISE AVE,,SUNRISE AVE,2023-08-18T00:00:00.000,726,LAS VEGAS,CLARK,CLARK,670405.726499999,4003657.33259999
NHP190702177,OTHER,SR604S/IR215E ONRAMP,OTHER,OTHER,IR215E,OTHER,2019-07-26T00:00:00.000,2307,RENO,CLARK,CLARK,665214.360999999,3992545.01319999
LVM210400107962,S LAS VEGAS BLVD,,S LAS VEGAS BLVD,OTHER,LISET WAY,OTHER,2021-04-24T00:00:00.000,1253,LAS VEGAS,CLARK,CLARK,665759.503499999,4001418.8934
LVM201000115258,LEWIS AVE,,LEWIS AVE,S 3RD ST,,S 3RD ST,2020-10-27T00:00:00.000,835,LAS VEGAS,CLARK,CLARK,666800.134499999,4004046.481
LVM200600009118,N LAMB BLVD,,N LAMB BLVD,E ALEXANDER RD,,E ALEXANDER RD,2020-06-03T00:00:00.000,1425,LAS VEGAS,CLARK,CLARK,672538.537999999,4011204.0282
LVM221200014847,E FLAMINGO RD,,SR592,OTHER,MARYLAND PKWY,MARYLAND PKWY,2022-12-04T00:00:00.000,1726,LAS VEGAS,CLARK,CLARK,667646.498599999,3998261.78639999
RPD19-15770,LEAR BLVD,,LEAR BLVD,KERNITE ST,,KERNITE ST,2019-08-09T00:00:00.000,2055,RENO,WASHOE,WASHOE,253024.7916,4392008.1325
LVM221100051297,S LAS VEGAS BLVD,,S LAS VEGAS BLVD,FOUR SEASONS DR,,FOUR SEASONS DR,2022-11-14T00:00:00.000,1459,LAS VEGAS,CLARK,CLARK,664499.1473,3995449.1885
NLPD2002230003757,W CRAIG RD,,W CRAIG RD,OTHER,PROVANCE EAST DR,OTHER,2020-02-23T00:00:00.000,1644,NORTH LAS VEGAS,CLARK,CLARK,663736.8864,4012044.7418
LVM231200048874,S EASTERN AVE,,S EASTERN AVE,EXLEY AVE,,EXLEY AVE,2023-12-15T00:00:00.000,640,LAS VEGAS,CLARK,CLARK,669246.7911,4001813.99909999
CLSD22028196,RAVENWOOD DR,,RAVENWOOD DR,N SPRING VALLEY PKWY,,N SPRING VALLEY PKWY,2022-03-10T00:00:00.000,1456,LAS VEGAS,CLARK,CLARK,657721.3349,3997603.7354
LVM201100094388,E CHARLESTON BLVD,,E CHARLESTON BLVD,SHILOAH DR,,SHILOAH DR,2020-11-22T00:00:00.000,1457,LAS VEGAS,CLARK,CLARK,671381.9325,4003247.36669999
LVM191200020561,N 28TH ST,,N 28TH ST,CEDAR AVE,,CEDAR AVE,2019-12-05T00:00:00.000,623,LAS VEGAS,CLARK,CLARK,669831.5673,4004461.69199999
HP21-12924,MARKET ST,,MARKET ST,W ARMY ST,,W ARMY ST,2021-07-16T00:00:00.000,1835,HENDERSON,CLARK,CLARK,681614.974799999,3989458.03199999
HP22-22418,W HORIZON RIDGE PKWY,,W HORIZON RIDGE PKWY,S ARROYO GRANDE BLVD,,S ARROYO GRANDE BLVD,2022-11-16T00:00:00.000,1824,HENDERSON,CLARK,CLARK,675522.1233,3987856.33269999
NLPD230202002289,W CRAIG RD,,W CRAIG RD,ALLEN LN,,ALLEN LN,2023-02-02T00:00:00.000,1736,NORTH LAS VEGAS,CLARK,CLARK,662688.017799999,4012023.17229999
LVM210500104520,E FLAMINGO RD,,E FLAMINGO RD,S MARYLAND PKWY,,S MARYLAND PKWY,2021-05-22T00:00:00.000,2135,LAS VEGAS,CLARK,CLARK,667602.609899999,3998261.5193
LVM210100047825,WAYNE NEWTON BLVD,,WAYNE NEWTON BLVD,FLIGHT PATH AVE,,FLIGHT PATH AVE,2021-01-11T00:00:00.000,904,LAS VEGAS,CLARK,CLARK,666954.5772,3994989.32899999
LVM2211000010712,W POST RD,,W POST RD,S FORT APACHE RD,,S FORT APACHE RD,2022-11-03T00:00:00.000,1719,LAS VEGAS,CLARK,CLARK,653284.9845,3993490.65279999
LVM221100030842,S NELLIS BLVD,,SR593,OTHER,E TROPICANA,SR612,2022-11-09T00:00:00.000,515,LAS VEGAS,CLARK,CLARK,674272.384499999,3996802.52639999
NLPD2203230005274,RUNNING HORSE DR,,RUNNING HORSE DR,STERLING SPUR AVE,,STERLING SPUR AVE,2022-03-23T00:00:00.000,2300,NORTH LAS VEGAS,CLARK,CLARK,667894.621399999,4015108.28339999
LVM220200065588,S LAMB BLVD,,S LAMB BLVD,PATTERSON AVE,,PATTERSON AVE,2022-02-16T00:00:00.000,1256,LAS VEGAS,CLARK,CLARK,672455.8398,4002036.38289999
CCSO22-5656,S CARSON ST,,S CARSON ST,FAIRVIEW DR,,FAIRVIEW DR,2022-09-12T00:00:00.000,1650,CARSON CITY,CARSON CITY,CARSON CITY,260886.5968,4337202.56799999
RPD19-22695,KEYSTONE AVE,,KEYSTONE AVE,,,,2019-11-12T00:00:00.000,1824,RENO,WASHOE,WASHOE,257176.7615,4378509.61659999
NHP230200965,W SAHARA AVE,,W SAHARA AVE,SOUTHBRIDGE LN,,SOUTHBRIDGE LN,2023-02-14T00:00:00.000,1729,LAS VEGAS,CLARK,CLARK,665368.147199999,4001465.2158
RPD19-1904,E 6TH ST,,E 6TH ST,VALLEY RD,,VALLEY RD,2019-01-28T00:00:00.000,648,RENO,WASHOE,WASHOE,258696.3956,4379788.48159999
LVM221000024541,SPENCER ST,,SPENCER ST,TROPICANA AVE,,SR593,2022-10-07T00:00:00.000,504,LAS VEGAS,CLARK,CLARK,668521.598399999,3996605.1202
NLPD2105120007913,AMBERDALE AVE,,AMBERDALE AVE,WINTERDALE ST,,WINTERDALE ST,2021-05-12T00:00:00.000,1106,NORTH LAS VEGAS,CLARK,CLARK,662217.9857,4014437.2279
LVM2205000122804,H ST,,H ST,OTHER,W OWENS AVE,W OWENS AVE,2022-05-30T00:00:00.000,1912,LAS VEGAS,CLARK,CLARK,666176.8388,4006458.1585
LVM190100065713,LAKE NORTH DR,,LAKE NORTH DR,SWAN RIVER WAY,,SWAN RIVER WAY,2019-01-14T00:00:00.000,1713,LAS VEGAS,CLARK,CLARK,653280.109,4000907.64519999
LVM220800048528,WESTCLIFF DR,,WESTCLIFF DR,N TENAYA WAY,,N TENAYA WAY,2022-08-12T00:00:00.000,1438,LAS VEGAS,CLARK,CLARK,657303.287499999,4004660.90729999
LVM230400001765,W CENTENNIAL PKWY,,W CENTENNIAL PKWY,N FORT APACHE RD,,N FORT APACHE RD,2023-04-01T00:00:00.000,1219,LAS VEGAS,CLARK,CLARK,653020.2674,4016047.93579999
RPD23-12122,MCCARRAN BLVD,,SR659,S VIRGINIA ST,,SR430,2023-07-11T00:00:00.000,1529,RENO,WASHOE,WASHOE,257322.3125,4381704.0151
NLPD2109220016356,E AZURE AVE,,E AZURE AVE,UPPINGHAM ST,,UPPINGHAM ST,2021-09-22T00:00:00.000,1731,NORTH LAS VEGAS,CLARK,CLARK,671305.5771,4015902.86779999
NHP200300761,OTHER,SUMMERLIN PARKWAY,OTHER,OTHER,RAMPART OFF RAMP,OTHER,2020-03-10T00:00:00.000,1436,,CLARK,CLARK,653808.157899999,4005037.1664
NLPD2006060009293,ANN RD,,ANN RD,OTHER,WHITESTONE DR,OTHER,2020-06-06T00:00:00.000,2250,NORTH LAS VEGAS,CLARK,CLARK,664714.9972,4014538.0939
LVM201000099581,N DECATUR BLVD,,N DECATUR BLVD,VEGAS DR,,VEGAS DR,2020-10-23T00:00:00.000,1528,LAS VEGAS,CLARK,CLARK,661298.875599999,4006596.9677
LVM211000050906,E OGDEN AVE,,E OGDEN AVE,N 1ST ST,,N 1ST ST,2021-10-12T00:00:00.000,2245,LAS VEGAS,CLARK,CLARK,666878.9873,4004662.17249999
LVM230300011162,E SAHARA AVE,,E SAHARA AVE,S EASTERN AVE,,S EASTERN AVE,2023-03-03T00:00:00.000,1726,LAS VEGAS,CLARK,CLARK,669338.4072,4001597.34769999
LVM200300055454,S DECATUR BLVD,,S DECATUR BLVD,W UNIVERSITY AVE,,W UNIVERSITY AVE,2020-03-12T00:00:00.000,2023,LAS VEGAS,CLARK,CLARK,661290.622299999,3997632.1267
LVM210400033802,S MAIN ST,,S MAIN ST,E CHARLESTON BLVD,,E CHARLESTON BLVD,2021-04-08T00:00:00.000,1212,LAS VEGAS,CLARK,CLARK,666092.017799999,4003147.44129999
FAPDTA22-0110,W WILLIAMS AVE,,W WILLIAMS AVE,TEDFORD LN,,TEDFORD LN,2022-10-16T00:00:00.000,1905,FALLON,CHURCHILL,CHURCHILL,,
LVM221000041674,N DURANGO DR,,N DURANGO DR,ELKHORN RD,,ELKHORN RD,2022-10-11T00:00:00.000,1017,LAS VEGAS,CLARK,CLARK,653759.4671,4017671.89049999
LVM221000065257,SPANISH DR,,SPANISH DR,SUNRISE AVE,,SUNRISE AVE,2022-10-17T00:00:00.000,1601,LAS VEGAS,CLARK,CLARK,677143.910899999,4003686.8814
LVM210100053151,STEWART AVE,,STEWART AVE,RONALD LN,RONALD LN,RONALD LN,2021-01-12T00:00:00.000,1158,LAS VEGAS,CLARK,CLARK,672106.1381,4004082.87109999
LVM210300093846,S DECATUR BLVD,,S DECATUR BLVD,ACC FAIRCENTER,,ACC FAIRCENTER,2021-03-20T00:00:00.000,1658,LAS VEGAS,CLARK,CLARK,661353.4685,4002891.0883
LVM220400028106,SUNRISE AVE,,SUNRISE AVE,N 21ST ST,,N 21ST ST,2022-04-07T00:00:00.000,1201,LAS VEGAS,CLARK,CLARK,669065.2038,4003575.89919999
NLPD23051900100045,N MARTIN L KING BLVD,,CORALIE AVE,CORALIE AVE,,N MARTIN L KING BLVD,2023-05-19T00:00:00.000,1330,NORTH LAS VEGAS,CLARK,CLARK,665167.394899999,4011458.22479999
NLPD2106130009942,W CHEYENNE AVE,,W CHEYENNE AVE,ALLEN LN,,ALLEN LN,2021-06-13T00:00:00.000,2027,NORTH LAS VEGAS,CLARK,CLARK,662778.9221,4009593.03199999
LVM230500090473,E DESERT INN RD,,E DESERT INN RD,S MOJAVE RD,,S MOJAVE RD,2023-05-18T00:00:00.000,2118,LAS VEGAS,CLARK,CLARK,670489.5367,4000000.2782
LVM210900007883,N JONES BLVD,,N JONES BLVD,OTHER,W CRAIG,OTHER,2021-09-02T00:00:00.000,1816,LAS VEGAS,CLARK,CLARK,659450.690899999,4012130.60789999
LVM210800091497,W WASHINGTON AVE,,W WASHINGTON AVE,SAYLOR WAY,,SAYLOR WAY,2021-08-22T00:00:00.000,2321,LAS VEGAS,CLARK,CLARK,660077.3578,4005475.30389999
LVM231000062386,E CHARLESTON BLVD,,E CHARLESTON BLVD,8TH ST,,8TH ST,2023-10-18T00:00:00.000,1950,LAS VEGAS,CLARK,CLARK,667105.1138,4003168.16559999
LVM190900115160,W LONE MOUNTAIN RD,,W LONE MOUNTAIN RD,N TORREY PINES DR,,N TORREY PINES DR,2019-09-24T00:00:00.000,1249,LAS VEGAS,CLARK,CLARK,658684.355399999,4012804.81059999
LVM230200094149,E FLAMINGO RD,,SR592,OTHER,MARYLAND PARKWAY,MARYLAND PKWY,2023-02-23T00:00:00.000,1308,LAS VEGAS,CLARK,CLARK,667409.0842,3998261.33049999
LVM200600073487,W FLAMINGO RD,,W FLAMINGO RD,S JONES BLVD,,S JONES BLVD,2020-06-18T00:00:00.000,2246,LAS VEGAS,CLARK,CLARK,659761.6875,3998107.75
LVM210900060241,AIRPORT CONNECTOR NB,,AIRPORT CONNECTOR NB,OTHER,E SUNSET RD,SR171N,2021-09-14T00:00:00.000,1645,LAS VEGAS,CLARK,CLARK,667081.760599999,3993858.2433
LVM221000077784,E TWAIN AVE,,W TWAIN AVE,OTHER,S DECATUR BLVD,S DECATUR BLVD,2022-10-20T00:00:00.000,1859,LAS VEGAS,CLARK,CLARK,661251.4846,3999028.09009999
LVM220200019457,FRANK SINATRA DR,,FRANK SINATRA DR,OTHER,ARENA DR,OTHER,2022-02-05T00:00:00.000,1554,,CLARK,CLARK,663894.2278,3996752.9195
CLSD22006328,N LAMB BLVD,,N LAMB BLVD,ELM AVE,,ELM AVE,2022-01-20T00:00:00.000,831,LAS VEGAS,CLARK,CLARK,672643.1922,4004305.7265
SPPD20-3273,SULLIVAN LN,,SULLIVAN LN,H ST,,H ST,2020-05-08T00:00:00.000,2143,,WASHOE,WASHOE,261835.752299999,4380450.1961
LVM220100092092,BOULDER HWY S,S BOULDER HWY,SR582S,S NELLIS BLVD,S NELLIS BLVD,SR612,2022-01-23T00:00:00.000,2025,LAS VEGAS,CLARK,CLARK,674195.3584,3998191.3669
LVM200800032468,N HUALAPAI WAY,,N HUALAPAI WAY,W GOWAN RD,,W GOWAN RD,2020-08-08T00:00:00.000,1158,LAS VEGAS,CLARK,CLARK,651389.0564,4010147.30269999
LVM190900128242,E CHARLESTON BLVD,,E CHARLESTON BLVD,PALM ST,,PALM ST,2019-09-27T00:00:00.000,203,LAS VEGAS,CLARK,CLARK,670810.3585,4003234.68439999
LVM230300043900,S LAS VEGAS BLVD,LAS VEGAS BLVD,S LAS VEGAS BLVD,CINCINNATI AVE,CINCINATTI,CINCINNATI AVE,2023-03-10T00:00:00.000,2204,LAS VEGAS,CLARK,CLARK,665829.780399999,4001554.9798
LVM201000001978,SPRING MOUNTAIN RD,,SPRING MOUNTAIN RD,S FORT APACHE RD,,S FORT APACHE RD,2020-10-01T00:00:00.000,1114,,CLARK,CLARK,653246.905,3999278.31039999
LVM221100062590,E TROPICANA AVE,,TROPICANA AVE,OTHER,MOJAVE,MOJAVE RD,2022-11-17T00:00:00.000,1126,LAS VEGAS,CLARK,CLARK,670536.0234,3996704.51799999
LVM220500073879,S EASTERN AVE,,S EASTERN AVE,E DESERT INN RD,,E DESERT INN RD,2022-05-18T00:00:00.000,2105,LAS VEGAS,CLARK,CLARK,669301.8618,3999988.35759999
LVM220800094250,E FLAMINGO RD,,SR592,OTHER,S SPENCER ST,SPENCER ST,2022-08-23T00:00:00.000,1540,LAS VEGAS,CLARK,CLARK,668434.979,3998283.49919999
RPD21-20441,MILL ST,,MILL ST,TERMINAL WAY,,TERMINAL WAY,2021-10-30T00:00:00.000,545,RENO,WASHOE,WASHOE,261243.2291,4377899.30529999
LVM221000100886,W SAHARA AVE,,W SAHARA AVE,S JONES BLVD,,S JONES BLVD,2022-10-26T00:00:00.000,1451,LAS VEGAS,CLARK,CLARK,659604.7739,4001403.1937
LVM220300016769,N LAMB BLVD,,N LAMB BLVD,OTHER,E SAHARA AVE,OTHER,2022-03-04T00:00:00.000,2043,LAS VEGAS,CLARK,CLARK,672473.996399999,4001671.0259
LVM220500085429,N DURANGO DR,,N DURANGO DR,W CHEYENNE AVE,,W CHEYENNE AVE,2022-05-21T00:00:00.000,1456,LAS VEGAS,CLARK,CLARK,654705.8973,4009622.76779999
LVM220300092503,S MARYLAND PKWY,,S MARYLAND PKWY,E KATIE AVE,,E KATIE AVE,2022-03-22T00:00:00.000,2144,LAS VEGAS,CLARK,CLARK,667615.958399999,3998892.2881
SPPD19-10760,VICTORIAN AV,,VICTORIAN AV,EL RANCHO DR,,EL RANCHO DR,2019-12-05T00:00:00.000,1742,SPARKS,WASHOE,WASHOE,261516.8589,4379865.98
LVM220900087818,E TROPICANA AVE,,E TROPICANA AVE,OTHER,HARRISON DR,OTHER,2022-09-22T00:00:00.000,940,,CLARK,CLARK,669953.1469,3996689.38619999
LVM190100094520,S LAS VEGAS BLVD,,S LAS VEGAS BLVD,W CLEVELAND AVE,,W CLEVELAND AVE,2019-01-20T00:00:00.000,2036,LAS VEGAS,CLARK,CLARK,665870.247499999,4001635.266
LVM210400101744,E FLAMINGO RD,,E FLAMINGO RD,ESCONDIDO ST,,ESCONDIDO ST,2021-04-23T00:00:00.000,157,LAS VEGAS,CLARK,CLARK,667797.826899999,3998266.80849999
LVM190600003851,S DURANGO DR,,S DURANGO DR,PEACE WAY,,PEACE WAY,2019-06-01T00:00:00.000,2019,LAS VEGAS,CLARK,CLARK,654894.189899999,3997243.2071
HP19-23570,W HORIZON RIDGE PKWY,,W HORIZON RIDGE PKWY,S VALLE VERDE DR,,S VALLE VERDE DR,2019-10-23T00:00:00.000,1433,HENDERSON,CLARK,CLARK,674641.3722,3986978.55739999
HP22-07951,PASEO VERDE PKWY,,PASEO VERDE PKWY,CARNEGIE ST,,CARNEGIE ST,2022-04-26T00:00:00.000,723,HENDERSON,CLARK,CLARK,671991.602199999,3987635.4241
SPPD20-8088,GREENBRAE DR,,GREENBRAE DR,4TH ST,,4TH ST,2020-10-27T00:00:00.000,1706,SPARKS,WASHOE,WASHOE,263975.3627,4381125.9647
SPPD22-8228,G STREET,,G STREET,FIELD STREET,,FIELD STREET,2022-10-14T00:00:00.000,2105,SPARKS,WASHOE,WASHOE,,
HP20-11523,BOULDER HWY S,,BOULDER HWY S,E HORIZON DR,,E HORIZON DR,2020-07-01T00:00:00.000,1738,HENDERSON,CLARK,CLARK,684423.319799999,3987441.1773
NLPD2308140016254,CIVIC CENTER DR,,CIVIC CENTER DR,LAKE MEAD BLVD,,LAKE MEAD BLVD,2023-08-14T00:00:00.000,1354,NORTH LAS VEGAS,CLARK,CLARK,669359.589999999,4007315.53119999
LVM200100143887,S RANCHO DR,,S RANCHO DR,ALTA DR,,ALTA DR,2020-01-30T00:00:00.000,1322,LAS VEGAS,CLARK,CLARK,664345.9548,4003918.92769999
WASD19W-00302,BARTLEY RANCH RD,,BARTLEY RANCH RD,WHEATLAND RD,,WHEATLAND RD,2019-03-04T00:00:00.000,915,RENO,WASHOE,WASHOE,258528.3558,4372656.78659999
LVM220300045765,W FLAMINGO RD,,W FLAMINGO RD,S BUFFALO DR,,S BUFFALO DR,2022-03-11T00:00:00.000,1844,LAS VEGAS,CLARK,CLARK,656515.2012,3998067.41229999
NYSO21NY-3516,S DANDELION ST,S DANDELION,DANDELION ST,S UNICORN AVE,S UNICORN,UNICORN AVE,2021-08-30T00:00:00.000,944,,NYE,NYE,592241.227199999,4003896.51099999
LVM220100093643,S EASTERN AVE,,S EASTERN AVE,E ST LOUIS AVE,,E ST LOUIS AVE,2022-01-24T00:00:00.000,722,LAS VEGAS,CLARK,CLARK,669238.6369,4002028.64399999
NHP190801415,SR28,,SR28,,,,2019-08-17T00:00:00.000,1120,RENO,WASHOE,WASHOE,247421.773099999,4340513.08889999
CCSO21-624,S ROOP ST,,S ROOP ST,LITTLE LN,,LITTLE LN,2021-01-30T00:00:00.000,1629,CARSON CITY,CARSON CITY,CARSON CITY,261415.331199999,4337961.64739999
LVM190500043068,ALTA DR,,ALTA DR,VINCENT WAY,,VINCENT WAY,2019-05-09T00:00:00.000,1730,LAS VEGAS,CLARK,CLARK,657485.2478,4003832.5598
RPD22-20026,S MCCARRAN BLVD,,SR659,MIRA LOMA DR,,MIRA LOMA DR,2022-10-23T17:00:00.000,1833,RENO,WASHOE,WASHOE,263663.188099999,4374326.2191
NLPD1905080009545,BELMONT ST,,BELMONT ST,E CAREY AVE,,E CAREY AVE,2019-05-08T00:00:00.000,948,NORTH LAS VEGAS,CLARK,CLARK,670185.0085,4008153.4502
LVM220200081469,W FLAMINGO RD,,W FLAMINGO RD,S LAS VEGAS BLVD,,S LAS VEGAS BLVD,2022-02-20T00:00:00.000,421,LAS VEGAS,CLARK,CLARK,664445.802,3998080.9326
LVM230500126735,PECOS MCLEOD INT,,PECOS MCLEOD INT,S MOJAVE RD,,S MOJAVE RD,2023-05-25T00:00:00.000,1936,LAS VEGAS,CLARK,CLARK,670467.638,3999222.43989999
SPPD23-733,LOS ALTOS PKWY,,LOS ALTOS PKWY,SANTA ANITA DR,,SANTA ANITA DR,2023-01-27T00:00:00.000,1846,SPARKS,WASHOE,WASHOE,266640.470499999,4385438.48819999
LVM200700012978,N NELLIS BLVD,,N NELLIS BLVD,E BONANZA RD,,E BONANZA RD,2020-07-03T00:00:00.000,1945,LAS VEGAS,CLARK,CLARK,674278.4948,4005002.19109999
CCSO19-5149,S ROOP ST,,S ROOP ST,E 2ND ST,,E 2ND ST,2019-07-31T00:00:00.000,1500,,,,261437.010099999,4338429.78089999
RPD21-8931,W 5TH ST,,W 5TH ST,WEST ST,,WEST ST,2021-05-23T00:00:00.000,903,RENO,WASHOE,WASHOE,257878.1653,4379463.30189999
NYSO21NY-0426,E FONTANA ST,,E FONTANA ST,S RODEO AVE,,S RODEO AVE,2021-02-02T00:00:00.000,1751,,NYE,NYE,589043.9559,4004441.44969999
LVM231000013314,E WIGWAM AVE,,E WIGWAM AVE,S LAS VEGAS BLVD,,S LAS VEGAS BLVD,2023-10-04T00:00:00.000,2253,LAS VEGAS,CLARK,CLARK,664661.6697,3989414.2509
NLPD2309140018475,W EL CAMPO GRANDE AVE,,W EL CAMPO GRANDE AVE,CLAYTON ST,,CLAYTON ST,2023-09-14T00:00:00.000,2030,NORTH LAS VEGAS,CLARK,CLARK,664197.3551,4014946.49939999
LVM221200103846,SR604N,,SR604N,N LAMB BLVD,,N LAMB BLVD,2022-12-27T00:00:00.000,631,,CLARK,CLARK,672859.728299999,4010886.94109999
RPD22-15430,LOVERS LN,,LOVERS LN,E 2ND ST,,E 2ND ST,2022-08-18T00:00:00.000,2214,RENO,WASHOE,WASHOE,258363.3112,4379061.28289999
NLPD230208002720,E CHEYENNE AVE,,CHEYENNE AVE,CARROLL ST,,CARROLL ST,2023-02-08T00:00:00.000,1218,NORTH LAS VEGAS,CLARK,CLARK,669283.0332,4009735.0
HP19-30449,WIGWAM PKWY,,WIGWAM PKWY,N ARROYO GRANDE BLVD,,N ARROYO GRANDE BLVD,2019-11-18T00:00:00.000,702,HENDERSON,CLARK,CLARK,674777.166799999,3989487.7959
LVM211100109427,E BRIDGER AVE,,E BRIDGER AVE,S MAIN ST,,S MAIN ST,2021-11-26T00:00:00.000,1033,LAS VEGAS,CLARK,CLARK,666588.516999999,4004317.8209
LVM210400076996,E OWENS AVE,,E OWENS AVE,RINGE LN,,RINGE LN,2021-04-17T00:00:00.000,2052,LAS VEGAS,CLARK,CLARK,674455.1765,4006637.48819999
SPPD19-11055,HOWARD DR,,HOWARD DR,E LINCOLN WY,,E LINCOLN WY,2019-12-15T00:00:00.000,106,SPARKS,WASHOE,WASHOE,265174.563,4379908.1556
LVM221200029836,N VALLEY VIEW BLVD,,S VALLEY VIEW BLVD,OTHER,FULTON PL,FULTON PL,2022-12-08T00:00:00.000,927,LAS VEGAS,CLARK,CLARK,662576.019399999,4003528.423
NHP221001601,OTHER,IR15,IR15S,OTHER,SR160,PAHRUMP VALLEY RD,2022-10-22T00:00:00.000,28,LAS VEGAS,CLARK,CLARK,663840.3278,3991675.1478
LVM200100019168,S NELLIS BLVD,,S NELLIS BLVD,E FLAMINGO RD,,E FLAMINGO RD,2020-01-04T00:00:00.000,2140,LAS VEGAS,CLARK,CLARK,674181.9698,3998421.0894
NHP230501429,SR443,SR443 S,SR443,2ND AVE,SECOND AVE,2ND AVE,2023-05-20T00:00:00.000,2152,SPARKS,WASHOE,WASHOE,261215.067999999,4385050.312
LVM230800073882,N 28TH ST,,N 28TH ST,STEWART AVE,,STEWART AVE,2023-08-21T00:00:00.000,1010,LAS VEGAS,CLARK,CLARK,669841.300599999,4004063.072
RPD23-19125,E 6TH ST,,E 6TH ST,VALLEY RD,,VALLEY RD,2023-10-18T00:00:00.000,1301,RENO,WASHOE,WASHOE,258702.376299999,4379789.66119999
LVM230400124603,S LAS VEGAS BLVD,,S LAS VEGAS BLVD,FLAMINGO RD,,FLAMINGO RD,2023-04-27T00:00:00.000,2148,LAS VEGAS,CLARK,CLARK,664444.6683,3998017.76769999
LVM201100103133,S MARYLAND PKWY,,S MARYLAND PKWY,E WIGWAM AVE,,E WIGWAM AVE,2020-11-24T00:00:00.000,1402,,CLARK,CLARK,667916.205299999,3989471.72509999
NLPD1912230025407,N LAS VEGAS BLVD,,N LAS VEGAS BLVD,E LAKE MEAD BLVD,,E LAKE MEAD BLVD,2019-12-23T00:00:00.000,243,NORTH LAS VEGAS,CLARK,CLARK,668296.021599999,4007377.16139999
LVM220400127991,SANDS AVE,,SANDS AVE,S LAS VEGAS BLVD,,S LAS VEGAS BLVD,2022-04-30T00:00:00.000,1443,LAS VEGAS,CLARK,CLARK,664769.4072,3999411.4282
RPD21-5905,LINDEN ST,,LINDEN ST,KIETZKE LN,,KIETZKE LN,2021-04-06T00:00:00.000,1639,RENO,WASHOE,WASHOE,260180.6297,4375934.3716
HP23-08186,PALO VERDE DR,,PALO VERDE DR,BURKHOLDER BLVD,,BURKHOLDER BLVD,2023-05-02T00:00:00.000,1401,HENDERSON,CLARK,CLARK,683501.8843,3989970.49379999
LVM211100119076,S LAS VEGAS BLVD,,S LAS VEGAS BLVD,E AGATE AVE,,E AGATE AVE,2021-11-28T00:00:00.000,1701,LAS VEGAS,CLARK,CLARK,664682.853199999,3988232.06729999
LVM190500067401,N RAINBOW BLVD,,N RAINBOW BLVD,SMOKE RANCH RD,,SMOKE RANCH RD,2019-05-14T00:00:00.000,1603,LAS VEGAS,CLARK,CLARK,658015.8651,4008180.93989999
LVM201000122517,BOULDER HWY,,BOULDER HWY,E DESERT INN RD,,E DESERT INN RD,2020-10-28T00:00:00.000,2304,,CLARK,CLARK,672961.3386,3999488.87079999
LVM200400101781,STEWART AVE,,STEWART AVE,N LAS VEGAS BLVD,,N LAS VEGAS BLVD,2020-04-21T00:00:00.000,1710,LAS VEGAS,CLARK,CLARK,667350.581299999,4004587.20759999
LVM190400147522,S LAS VEGAS BLVD,,S LAS VEGAS BLVD,PARK PASEO,,PARK PASEO,2019-04-30T00:00:00.000,955,LAS VEGAS,CLARK,CLARK,666492.002899999,4002865.0153
LVM230400134956,S DURANGO DR,,S DURANGO DR,W DESERT INN RD,,W DESERT INN RD,2023-04-30T00:00:00.000,15,LAS VEGAS,CLARK,CLARK,654867.882899999,3999690.1442
NYSO23NY-1821,RADAR RD,,RADAR RD,OTHER,GLOBEMALLLOW LN,SMOKY VALLEY RD,2023-05-26T00:00:00.000,204,TONOPAH,NYE,NYE,,
HP23-05792,EQUESTRIAN DR,,BOULDER HWY NB,S BOULDER HWY,,EQUESTRIAN DR,2023-03-29T00:00:00.000,200,HENDERSON,CLARK,CLARK,684746.6594,3987141.013
RPD23-6543,OTHER,NAUTICAL MILE RD,NAUTICAL MILE RD,OTHER,WINDJAMMER WAY,WINDJAMMER WAY,2023-04-13T00:00:00.000,1729,RENO,WASHOE,WASHOE,253056.0721,4389421.6816
LVM221000007973,MT RAINIER AVE,,MT RAINIER AVE,MT HOOD ST,,MT HOOD ST,2022-10-02T00:00:00.000,2358,LAS VEGAS,CLARK,CLARK,676618.310399999,4007631.187
LVM190900097508,S DURANGO DR,,S DURANGO DR,W SAHARA AVE,,W SAHARA AVE,2019-09-20T00:00:00.000,2323,LAS VEGAS,CLARK,CLARK,654840.204699999,4001158.85689999
LVM200300117874,N PECOS RD,,N PECOS RD,E BONANZA RD,,E BONANZA RD,2020-03-25T00:00:00.000,1609,LAS VEGAS,CLARK,CLARK,671035.193699999,4004863.37329999
SPPD19-10684,EL RANCHO DR,,EL RANCHO DR,ODDIE BL,,ODDIE BL,2019-12-02T00:00:00.000,1759,SPARKS,WASHOE,WASHOE,261454.564699999,4380992.6291
LVM230800038999,VEGAS DR,,VEGAS DR,LAURELHURST DR,,LAURELHURST DR,2023-08-11T00:00:00.000,1126,LAS VEGAS,CLARK,CLARK,660999.428399999,4006308.73039999
LVM231000076031,ATLANTIC ST,,ATLANTIC ST,FREMONT ST,,FREMONT ST,2023-10-22T00:00:00.000,2036,LAS VEGAS,CLARK,CLARK,669616.0442,4002961.3317
RPD22-23831,E PATRIOT BLVD,,E PATRIOT BLVD,S VIRGINIA ST,,S VIRGINIA ST,2022-12-27T00:00:00.000,1741,RENO,WASHOE,WASHOE,,
NHP200800562,OTHER,IR15 NORTHBOUND,OTHER,OTHER,US95 NORTHBOUND RAMP,OTHER,2020-08-09T00:00:00.000,2121,,CLARK,CLARK,665537.592899999,4004040.97279999
NHP201000564,OTHER,SR 604,SR604N,OTHER,MM 18,,2020-10-09T00:00:00.000,755,,CLARK,CLARK,,
LVM220700005704,N LAMB BLVD,,N LAMB BLVD,E CARTIER AVE,,E CARTIER AVE,2022-07-02T00:00:00.000,919,LAS VEGAS,CLARK,CLARK,672587.481499999,4008556.53419999
LVM190900098718,W DESERT INN RD,,W DESERT INN RD,S FORT APACHE RD,,S FORT APACHE RD,2019-09-21T00:00:00.000,555,LAS VEGAS,CLARK,CLARK,653242.694299999,3999691.73249999
RPD23-2950,N VIRGINIA ST,,N VIRGINIA ST,15TH ST,,15TH ST,2023-02-16T00:00:00.000,1144,RENO,WASHOE,WASHOE,257800.094899999,4380929.0504
LVM220700006186,OTHER,W VEGAS,OTHER,OTHER,CREST HAVEN,OTHER,2022-07-02T00:00:00.000,1227,LAS VEGAS,CLARK,CLARK,654763.9089,4006245.73479999
LVM230300117821,AMERICAN BEAUTY AVE,,AMERICAN BEAUTY AVE,GRASS MEADOWS DR,,GRASS MEADOWS DR,2023-03-27T00:00:00.000,1517,LAS VEGAS,CLARK,CLARK,677040.3448,4002643.67549999
NHP190102241,OTHER,IR-580 S,OTHER,OTHER,MILE MARKER WA 22.18,OTHER,2019-01-27T00:00:00.000,440,RENO,WASHOE,WASHOE,260330.046699999,4374133.36649999
LVM190100066088,E BONANZA RD,,E BONANZA RD,N BRUCE ST,,N BRUCE ST,2019-01-14T00:00:00.000,1920,LAS VEGAS,CLARK,CLARK,668614.321499999,4004876.61859999
CLSD22052657,ROSE TREE LN,,ROSE TREE LN,GRAND CLOVER LN,,GRAND CLOVER LN,2022-05-09T00:00:00.000,901,LAS VEGAS,CLARK,CLARK,677065.3645,4007955.08589999
NLPD2007300012324,W CAREY AVE,,W CAREY AVE,N MARTIN L KING BLVD,,N MARTIN L KING BLVD,2020-07-30T00:00:00.000,602,NORTH LAS VEGAS,CLARK,CLARK,665337.5086,4008032.3857
NLPD2211010020905,ALEXANDER,,ALEXANDER,FERRELL,,FERRELL,2022-11-01T00:00:00.000,1418,NORTH LAS VEGAS,CLARK,CLARK,,
RPD21-24431,REDFIELD PKWY,,REDFIELD PKWY,BRITTANY AVE,,BRITTANY AVE,2021-12-29T00:00:00.000,1218,RENO,WASHOE,WASHOE,259157.091699999,4373902.28949999
NHP230202005,OTHER,IR80 E.,IR80E,OTHER,WELLS AVENUE,WELLS AVE,2023-02-27T00:00:00.000,1957,RENO,WASHOE,WASHOE,259239.498999999,4380064.4097
NHP200102214,SR160,,SR160,S CIMARRON RD,,S CIMARRON RD,2020-01-31T00:00:00.000,512,,CLARK,CLARK,656023.0552,3987570.88739999
LVM210800096777,N LAMONT ST,,N LAMONT ST,E OWENS AVE,,E OWENS AVE,2021-08-23T00:00:00.000,823,,CLARK,CLARK,673856.974,4006604.60579999
LVM190800077173,E BONANZA RD,,E BONANZA RD,N LAS VEGAS BLVD,,N LAS VEGAS BLVD,2019-08-16T00:00:00.000,101,LAS VEGAS,CLARK,CLARK,667561.0875,4004943.23499999
LVM221200123859,BOULDER HWY,BOULDER HWY,SR582N,S. BROADBENT BLVD,S BROADBENT BLVD,BOULDER RANCH AVE,2022-12-31T00:00:00.000,1833,LAS VEGAS,CLARK,CLARK,677792.472099999,3994450.30299999
RPD23-23003,S ARLINGTON AVE,,S ARLINGTON AVE,W PLUMB LN,,W PLUMB LN,2023-12-15T00:00:00.000,1749,RENO,WASHOE,WASHOE,257782.157499999,4376596.0073
LVM211200059004,E FLAMINGO RD,,E FLAMINGO RD,OTHER,MARYLAND,OTHER,2021-12-15T00:00:00.000,121,LAS VEGAS,CLARK,CLARK,666811.3344,3998260.75
LVM200900071596,E CHARLESTON BLVD,,E CHARLESTON BLVD,S BRUCE ST,,S BRUCE ST,2020-09-16T00:00:00.000,1655,LAS VEGAS,CLARK,CLARK,668658.7498,4003199.68859999
HP22-08475,N STEPHANIE ST,,WARM SPRINGS RD,E WARM SPRINGS RD,,N STEPHANIE ST,2022-05-02T00:00:00.000,1428,HENDERSON,CLARK,CLARK,675896.6562,3991947.04419999
NLPD2005080007722,E CHEYENNE AVE,,E CHEYENNE AVE,BASSLER ST,,BASSLER ST,2020-05-08T00:00:00.000,520,NORTH LAS VEGAS,CLARK,CLARK,669766.411799999,4009742.5646
RPDRP20-10923,N SIERRA ST,,N SIERRA ST,W 4TH ST,,W 4TH ST,2020-06-27T00:00:00.000,901,RENO,WASHOE,WASHOE,258006.864799999,4379342.6925
RPD22-20305,TALBOT LN,,TALBOT LN,S MCCARRAN BLVD,,S MCCARRAN BLVD,2022-10-29T00:00:00.000,1007,RENO,WASHOE,WASHOE,,
LVM190900064385,D ST,,D ST,JEFFERSON AVE,,JEFFERSON AVE,2019-09-14T00:00:00.000,521,LAS VEGAS,CLARK,CLARK,666628.4023,4005828.75329999
LVM230100106627,BRENT THURMAN WAY,,BRENT THURMAN WAY,W HACIENDA AVE,,W HACIENDA AVE,2023-01-27T00:00:00.000,914,LAS VEGAS,CLARK,CLARK,654071.779099999,3995658.4646
RPD20-1382,S VIRGINIA ST,,S VIRGINIA ST,VASSAR ST,,VASSAR ST,2020-01-21T00:00:00.000,1801,RENO,WASHOE,WASHOE,258712.239699999,4377456.06699999
LVM230200003084,S DURANGO DR,,S DURANGO DR,BOSECK DR,,BOSECK DR,2023-02-01T00:00:00.000,1733,LAS VEGAS,CLARK,CLARK,654891.486899999,4003499.0043
NHP200100672,US50,,US50,OTHER,15CH,OTHER,2020-01-09T00:00:00.000,1744,,CHURCHILL,CHURCHILL,337872.870099999,4372753.29509999
LVM210600010053,BOULDER HWY,,BOULDER HWY,DALHART AVE,,DALHART AVE,2021-06-03T00:00:00.000,439,,CLARK,CLARK,671298.793999999,4001285.35899999
NHP231200194,W CRAIG RD,,SR573,OTHER,US95N ON RAMP,SR573 TO IR11N INT85,2023-12-04T00:00:00.000,941,LAS VEGAS,CLARK,CLARK,657646.3125,4012049.0
HP20-06944,BOULDER HWY,,BOULDER HWY,GREENWAY RD,,GREENWAY RD,2020-04-17T00:00:00.000,1452,HENDERSON,CLARK,CLARK,683363.7279,3988554.06589999
NHP231201156,OTHER,US95 SB,US95 SB,OTHER,EASTERN AVE OFF RAMP,EASTERN AVE OFF RAMP,2023-12-18T00:00:00.000,833,LAS VEGAS,CLARK,CLARK,,
LVM200500013673,S RAINBOW BLVD,,S RAINBOW BLVD,RAVEN AVE,,RAVEN AVE,2020-05-03T00:00:00.000,1829,LAS VEGAS,CLARK,CLARK,658273.4197,3987983.14369999
LVM190400015237,E CHARLESTON BLVD,,E CHARLESTON BLVD,S ARLINGTON ST,,S ARLINGTON ST,2019-04-03T00:00:00.000,2319,LAS VEGAS,CLARK,CLARK,674111.157499999,4003322.1126
LVM230600122073,S JONES BLVD,,S JONES BLVD,OTHER,W CHARLESTON BLVD,W CHARLESTON BLVD,2023-06-26T00:00:00.000,2144,LAS VEGAS,CLARK,CLARK,659657.395999999,4003063.7771
HP20-20643,GIBSON RD,,GIBSON RD,E GALLERIA DR,,E GALLERIA DR,2020-11-23T00:00:00.000,1618,HENDERSON,CLARK,CLARK,677519.154799999,3993462.3123
LVM200800125756,S RAINBOW BLVD,,S RAINBOW BLVD,W WARM SPRINGS RD,,W WARM SPRINGS RD,2020-08-29T00:00:00.000,1252,,CLARK,CLARK,658249.207399999,3991596.9703
LVM200800076833,S MARYLAND PKWY,,S MARYLAND PKWY,E OAKEY BLVD,,E OAKEY BLVD,2020-08-18T00:00:00.000,1544,LAS VEGAS,CLARK,CLARK,667594.6127,4002386.4184
LVM230700061419,GILES ST,,GILES ST,E WINDMILL LN,,E WINDMILL LN,2023-07-14T00:00:00.000,1156,LAS VEGAS,CLARK,CLARK,664845.091699999,3990195.6552
LVM210900043489,S DURANGO DR,,S DURANGO DR,W ROBINDALE RD,,W ROBINDALE RD,2021-09-09T17:00:00.000,1946,LAS VEGAS,CLARK,CLARK,655016.513899999,3990618.22049999
LVM190900083585,LAURELGLEN DR,,LAURELGLEN DR,N PAVILION CENTER DR,,N PAVILION CENTER DR,2019-09-18T00:00:00.000,824,LAS VEGAS,CLARK,CLARK,649865.1342,4005119.04939999
LVM210500022427,E LAKE MEAD BLVD,,E LAKE MEAD BLVD,N NELLIS BLVD,,N NELLIS BLVD,2021-05-05T00:00:00.000,1908,LAS VEGAS,CLARK,CLARK,674232.335099999,4007455.5734
HP23-25353,N GIBSON RD,,S GIBSON RD,LAS PALMAS ENTRADA AVE,,LAS PALMAS ENTRADA AVE,2023-12-23T00:00:00.000,1705,HENDERSON,CLARK,CLARK,677541.7329,3988994.89049999
LVM231000000815,SANDS AVE,,SANDS AVE,WYNN SOUTH GATE DR,,WYNN SOUTH GATE DR,2023-10-01T00:00:00.000,835,LAS VEGAS,CLARK,CLARK,664951.2799,3999336.4615
HP23-06915,W PACIFIC AVE,,W PACIFIC AVE,E HORIZON DR,,E HORIZON DR,2023-04-14T00:00:00.000,2243,HENDERSON,CLARK,CLARK,681339.4576,3987211.49679999
LVM201100089646,W ALEXANDER RD,,W ALEXANDER RD,N TORREY PINES DR,,N TORREY PINES DR,2020-11-21T00:00:00.000,1310,LAS VEGAS,CLARK,CLARK,658710.428399999,4011164.15499999
RPD20-8368,DOUBLE R BLVD,,DOUBLE R BLVD,PROTOTYPE DR,,PROTOTYPE DR,2020-05-16T00:00:00.000,2130,RENO,WASHOE,WASHOE,262703.944699999,4370508.11849999
WASD20W-00199,E 4TH ST,,E 4TH ST,LAKE ST,,LAKE ST,2020-01-31T00:00:00.000,830,RENO,WASHOE,WASHOE,258348.2783,4379413.78089999
LVM230500119430,N TORREY PINES DR,,N TORREY PINES DR,SMOKE RANCH RD,,SMOKE RANCH RD,2023-05-24T00:00:00.000,1043,LAS VEGAS,CLARK,CLARK,658857.512699999,4007866.471
NLPD2201060000378,STANLEY AVE,,STANLEY AVE,OTHER,,OTHER,2022-01-06T00:00:00.000,1959,NORTH LAS VEGAS,CLARK,CLARK,668876.4549,4006652.0229
LVM231200053423,SPRING MOUNTAIN RD,,SPRING MOUNTAIN RD,WYNN RD,,WYNN RD,2023-12-16T00:00:00.000,1509,LAS VEGAS,CLARK,CLARK,662440.8771,3999478.7927
LVM211000099452,ROCK SPRINGS DR,,ROCK SPRINGS DR,WALT LOTT DR,,WALT LOTT DR,2021-10-24T00:00:00.000,2314,LAS VEGAS,CLARK,CLARK,657635.2454,4006809.2233
LVM210700101248,PENNWOOD AVE,,PENNWOOD AVE,S DECATUR BLVD,,S DECATUR BLVD,2021-07-22T00:00:00.000,2020,LAS VEGAS,CLARK,CLARK,661230.2959,4000659.13759999
HP19-20764,COZY HILL CIR,,COZY HILL CIR,CARNEGIE ST,,CARNEGIE ST,2019-09-17T00:00:00.000,730,HENDERSON,,,671768.262199999,3986974.19989999
NHP200300470,OTHER,SHADY TIMBERS ST,OTHER,OTHER,CHEYENNE AVE,OTHER,2020-03-06T00:00:00.000,1448,LAS VEGAS,CLARK,CLARK,650665.230299999,4009471.19969999
LVM200200031404,FOX HILL DR,,FOX HILL DR,FAR HILLS AVE,,FAR HILLS AVE,2020-02-06T00:00:00.000,1541,LAS VEGAS,CLARK,CLARK,647450.8305,4005440.376
NLPD2311040022131,E CHEYENNE AVE,,CHEYENNE AVE,MARY DEE AVE,,MARY DEE AVE,2023-11-04T00:00:00.000,2007,NORTH LAS VEGAS,CLARK,CLARK,669290.0504,4009734.9973
LVM201000117361,E ST LOUIS AVE,,E ST LOUIS AVE,S LAS VEGAS BLVD,,S LAS VEGAS BLVD,2020-10-27T00:00:00.000,1820,LAS VEGAS,CLARK,CLARK,666132.441499999,4001943.8991
NHP190502059,SR159,,SR159,OTHER,CANYON POINTE,OTHER,2019-05-24T00:00:00.000,2034,RENO,CLARK,CLARK,649894.4018,4002868.2815
LVM190400114029,E WARM SPRINGS RD,,E WARM SPRINGS RD,S LAS VEGAS BLVD,,S LAS VEGAS BLVD,2019-04-23T00:00:00.000,2200,LAS VEGAS,CLARK,CLARK,664079.6829,3991807.6214
RPD23-16066,N MCCARRAN BLVD,,SR659,PEAVINE PLAZA,,SIERRA HIGHLANDS DR,2023-09-03T00:00:00.000,2042,RENO,WASHOE,WASHOE,253894.622899999,4379259.9537
LVM231200066527,ALGONQUIN DR,,ALGONQUIN DR,OTHER,FLAMINGO,SR592,2023-12-20T00:00:00.000,919,LAS VEGAS,CLARK,CLARK,668021.468,3998402.6115
NHP200901985,OTHER,RANCHO DRIVE,OTHER,OTHER,RAINBOW BOULEVARD,OTHER,2020-09-30T00:00:00.000,413,,CLARK,CLARK,657775.028199999,4013363.8255
NLPD2201020000081,BELMONT ST,,BELMONT ST,REYNOLDS AVE,,REYNOLDS AVE,2022-01-02T00:00:00.000,1438,NORTH LAS VEGAS,CLARK,CLARK,670229.128999999,4006743.58459999
NHP220800335,SPRING MOUNTAIN RD,,SPRING MOUNTAIN RD,OTHER,MEL TORME,MEL TORME WAY,2022-08-05T00:00:00.000,2104,LAS VEGAS,CLARK,CLARK,664404.672799999,3999422.12729999
SPPD21-1689,E M ST,,E M ST,PROBASCO WY,,PROBASCO WY,2021-03-02T00:00:00.000,1943,SPARKS,WASHOE,WASHOE,264535.054499999,4381013.9327
LVM230300104476,S MARYLAND PKWY,,S MARYLAND PKWY,FLAMINGO RD,,SR592,2023-03-24T00:00:00.000,1346,LAS VEGAS,CLARK,CLARK,667602.5108,3998459.52869999
NHP220501640,W FLAMINGO RD,,W FLAMINGO RD,LAS VEGAS BLVD,SR604,LAS VEGAS BLVD,2022-05-24T00:00:00.000,19,LAS VEGAS,CLARK,CLARK,664142.3052,3998221.5425
LVM231000027789,S NELLIS BLVD,,SR612,E HAPPY VALLEY AVE,E HAPPY VALLEY AVE,HAPPY VALLEY AVE,2023-10-09T00:00:00.000,526,LAS VEGAS,CLARK,CLARK,674073.067699999,4000460.07479999
LVM221000090751,N LAS VEGAS BLVD,,N LAS VEGAS BLVD,OTHER,BEALE AVE,OTHER,2022-10-24T00:00:00.000,554,LAS VEGAS,CLARK,CLARK,667692.2762,4005290.8661
LVM230500099226,W CRAIG RD,,SR573,OTHER,N RANCHO DR,SR599N,2023-05-20T00:00:00.000,1455,LAS VEGAS,CLARK,CLARK,658829.5,4011972.25
LVM190300133132,SANDY LN,,SANDY LN,CECILE AVE,,CECILE AVE,2019-03-28T00:00:00.000,131,LAS VEGAS,CLARK,CLARK,671329.0969,4009344.57499999
LVM220800088947,OTHER,W CHARLESTON BLVD,W CHARLESTON BLVD,OTHER,BUSH ST,BUSH ST,2022-08-22T00:00:00.000,1019,LAS VEGAS,CLARK,CLARK,660890.3539,4003078.6169
LVM220800034223,S RAINBOW BLVD,,RAINBOW BLVD,PALMYRA AVE,PALMYRA AVE,PALMYRA AVE,2022-08-09T00:00:00.000,400,LAS VEGAS,CLARK,CLARK,658097.125599999,4000145.82359999
LVM231100018979,W SAHARA AVE,,S JONES BLVD,OTHER,N JONES BLVD,W SAHARA AVE,2023-11-06T00:00:00.000,1505,LAS VEGAS,CLARK,CLARK,659670.345099999,4001295.1786
LVM220700070414,E SILVERADO RANCH BLVD,,E SILVERADO RANCH BLVD,PLACID ST,,PLACID ST,2022-07-18T00:00:00.000,1334,LAS VEGAS,CLARK,CLARK,665902.377399999,3986997.798
HP19-07908,N STEPHANIE ST,,N STEPHANIE ST,W WARM SPRINGS RD,,W WARM SPRINGS RD,2019-04-08T00:00:00.000,1357,HENDERSON,CLARK,CLARK,675972.8426,3991947.8429
RPD23-22081,E HUFFAKER LN,,E HUFFAKER LN,WALLSEND DR,,WALLSEND DR,2023-12-01T00:00:00.000,1245,RENO,WASHOE,WASHOE,261990.250199999,4371175.35799999
LVM211200023981,N RAINBOW BLVD,,N RAINBOW BLVD,PEAK DR,,PEAK DR,2021-12-06T00:00:00.000,1700,LAS VEGAS,CLARK,CLARK,658004.671199999,4008760.04849999
LVM231200010351,N LAMB BLVD,,N LAMB BLVD,E CAREY AVE,,E CAREY AVE,2023-12-04T00:00:00.000,616,LAS VEGAS,CLARK,CLARK,672595.556699999,4008177.80069999
HP22-19474,N GREEN VALLEY PKWY,,N GREEN VALLEY PKWY,WIGWAM PKWY,,WIGWAM PKWY,2022-10-06T00:00:00.000,705,HENDERSON,CLARK,CLARK,672567.361299999,3989477.03639999
NYSO20NY-4115,N BARNEY ST,,N BARNEY ST,W DANA WAY,,W DANA WAY,2020-11-23T00:00:00.000,1805,,NYE,NYE,,
LVM231200103861,FREMONT ST,,FREMONT ST,4TH ST,,4TH ST,2023-12-31T00:00:00.000,116,LAS VEGAS,CLARK,CLARK,667125.767799999,4004372.47619999
NHP221201369,OTHER,US95,OTHER,OTHER,US95/SR582 NB ON RAMP,OTHER,2022-12-17T00:00:00.000,728,LAS VEGAS,CLARK,CLARK,,
LVM210700017372,W CHARLESTON BLVD,,W CHARLESTON BLVD,S COMMERCE ST,,S COMMERCE ST,2021-07-04T00:00:00.000,1341,LAS VEGAS,CLARK,CLARK,665914.398299999,4003147.3306
LVM220700113241,S NELLIS BLVD,,S NELLIS BLVD,OTHER,PUEBLO DEL SOL,PUEBLO DEL S,2022-07-29T00:00:00.000,315,LAS VEGAS,CLARK,CLARK,674297.8728,3995867.9151
RPD19-100407,S VIRGINIA ST,,S VIRGINIA ST,ATLANTIS DW,,ATLANTIS DW,2019-01-19T00:00:00.000,825,RENO,WASHOE,WASHOE,259647.1836,4374726.67159999
LVM201200116501,E CHARLESTON BLVD,,E CHARLESTON BLVD,S SLOAN LN,,S SLOAN LN,2020-12-28T00:00:00.000,543,LAS VEGAS,CLARK,CLARK,675653.415799999,4003395.78879999
HP22-06159,SHOSHONE LN,,SHOSHONE LN,DINKLEDORF RD,,DINKLEDORF RD,2022-04-01T00:00:00.000,2047,HENDERSON,CLARK,CLARK,683148.817499999,3992088.5423
RPD19-19583,E 4TH ST,,E 4TH ST,EVANS AVE,,EVANS AVE,2019-09-29T00:00:00.000,2253,RENO,WASHOE,WASHOE,258430.8369,4379431.96839999
LVM191200076279,E FLAMINGO RD,,E FLAMINGO RD,PARADISE RD,,PARADISE RD,2019-12-17T00:00:00.000,8,LAS VEGAS,CLARK,CLARK,666039.864,3998199.7487
LVM230200010034,OTHER,BOULDER HWY,BOULDER HWY,OTHER,TROPICANA AVE,TROPICANA AVE,2023-02-03T00:00:00.000,1058,LAS VEGAS,CLARK,CLARK,675479.588899999,3996838.7759
LVM231100046379,SR163W,,SR163W,S CASINO DR,,S CASINO DR,2023-11-14T00:00:00.000,2328,,CLARK,CLARK,721044.633299999,3894826.9033
LVM201100089916,SPRING MOUNTAIN RD,,SPRING MOUNTAIN RD,S DECATUR BLVD,,S DECATUR BLVD,2020-11-21T00:00:00.000,1441,,CLARK,CLARK,661158.0014,3999433.7543
LVM190800075610,E NAPLES DR,,E NAPLES DR,OTHER,SWENSON,OTHER,2019-08-15T00:00:00.000,1827,LAS VEGAS,CLARK,CLARK,666538.603299999,3997255.49279999
NHP210402000,OTHER,S JONES BOULEVARD,JONES BLVD,OTHER,UPLAND BOULEVARD,UPLAND BLVD,2021-04-29T00:00:00.000,1134,,CLARK,CLARK,659712.367499999,4004582.80079999
LVM200400130321,E TWAIN AVE,,E TWAIN AVE,PALOS VERDES ST,,PALOS VERDES ST,2020-04-27T00:00:00.000,1037,LAS VEGAS,CLARK,CLARK,666438.954699999,3998979.7728
BCPD21BC0714,UTAH ST,,UTAH ST,DEL PRADO DR,,DEL PRADO DR,2021-06-25T00:00:00.000,710,BOULDER CITY,CLARK,CLARK,696291.5717,3983023.471
LVM200700065191,BOULDER HWY S,,BOULDER HWY S,S NELLIS BLVD,,S NELLIS BLVD,2020-07-15T00:00:00.000,1520,LAS VEGAS,CLARK,CLARK,674203.7832,3998040.16469999
LVM200300011766,E SAHARA AVE,,E SAHARA AVE,BURNHAM AVE,,BURNHAM AVE,2020-03-03T00:00:00.000,1455,LAS VEGAS,CLARK,CLARK,668886.1868,4001588.34029999
LVM210900094948,S RANCHO DR,,S RANCHO DR,MASON AVE,,MASON AVE,2021-09-22T00:00:00.000,1553,LAS VEGAS,CLARK,CLARK,664354.7433,4002761.04279999
ELPD2019-03139,OAKWOOD DR,,OAKWOOD DR,CHERRYWOOD WAY,,CHERRYWOOD WAY,2019-02-10T00:00:00.000,1900,ELKO,ELKO,ELKO,607206.4187,4520831.17369999
LVM220100017135,SPRING MOUNTAIN RD,,SPRING MOUNTAIN RD,ARVILLE ST,,ARVILLE ST,2022-01-04T00:00:00.000,2030,LAS VEGAS,CLARK,CLARK,662056.346499999,3999462.56
LVM211000049473,N LAMB BLVD,,N LAMB BLVD,E OWENS AVE,,E OWENS AVE,2021-10-12T00:00:00.000,1534,LAS VEGAS,CLARK,CLARK,672643.195899999,4006565.8704
LVM220800034067,SIERRA VISTA DR,,CAMBRIDGE ST,CAMBRIDGE ST,,SIERRA VISTA DR,2022-08-09T00:00:00.000,228,LAS VEGAS,CLARK,CLARK,667238.340599999,3999627.5576
NHP220401211,N MCCARRAN BLVD,N MCCARRAN,MCCARRAN BLVD,E GREENBRAE DR,GREENBRAE,E GREENBRAE DR,2022-04-18T00:00:00.000,2320,,WASHOE,WASHOE,265087.243599999,4380666.8758
HP19-24048,E SUNSET RD,,E SUNSET RD,ANNIE OAKLEY DR,,ANNIE OAKLEY DR,2019-10-30T00:00:00.000,1304,HENDERSON,CLARK,CLARK,672262.097199999,3993523.98579999
RPD21-3978,CALIFORNIA AVE,,CALIFORNIA AVE,PLUMAS ST,,PLUMAS ST,2021-03-06T00:00:00.000,1956,RENO,WASHOE,WASHOE,258265.238099999,4378273.24709999
LVM230600069791,E SUNSET RD,,E SUNSET RD,OTHER,S ESCONDIDO ST,ESCONDIDO ST,2023-06-15T00:00:00.000,1641,LAS VEGAS,CLARK,CLARK,668202.732499999,3993521.84569999
LVM230800097282,S EASTERN AVE,,S EASTERN AVE,E ST LOUIS AVE,,E ST LOUIS AVE,2023-08-28T00:00:00.000,702,LAS VEGAS,CLARK,CLARK,669238.545199999,4002030.1652
LVM231000068717,S EASTERN AVE,,OWENS AVE,E OWENS,E OWENS,EASTERN AVE,2023-10-20T00:00:00.000,1516,LAS VEGAS,CLARK,CLARK,669573.527099999,4006501.8047
LVM200200052791,W MAULE AVE,,W MAULE AVE,QUARTERHORSE LN,,QUARTERHORSE LN,2020-02-11T00:00:00.000,1640,LAS VEGAS,CLARK,CLARK,653734.220999999,3992272.5445
NHP210100466,SR582,,SR582,OTHER,SANDHILL ROAD,OTHER,2021-01-07T00:00:00.000,1804,,CLARK,CLARK,671569.972,4000954.3253
NHP211001336,SR294,,SR294,OTHER,HU2,Mile Post 2,2021-10-18T00:00:00.000,553,,HUMBOLDT,HUMBOLDT,435559.038999999,4526502.0109
NLPD2004190006798,W LAKE MEAD BLVD,,W LAKE MEAD BLVD,N RANCHO DR,,SR599N,2020-04-19T00:00:00.000,1152,NORTH LAS VEGAS,CLARK,CLARK,662433.4286,4007637.3241
LVM220400049959,S EASTERN AVE,,S EASTERN AVE,E VIKING RD,,E VIKING RD,2022-04-12T00:00:00.000,1430,LAS VEGAS,CLARK,CLARK,669275.264299999,3998723.11859999
LVM200500151523,E LAKE MEAD BLVD,,E LAKE MEAD BLVD,RADWICK DR,,RADWICK DR,2020-05-31T00:00:00.000,2233,LAS VEGAS,CLARK,CLARK,677837.257699999,4007516.2868
LVM200300077000,STEWART AVE,,STEWART AVE,N SANDHILL RD,,N SANDHILL RD,2020-03-17T00:00:00.000,1554,LAS VEGAS,CLARK,CLARK,671861.4193,4004077.1028
HP21-17089,ROCKY TRAIL RD,,ROCKY TRAIL RD,RISING STAR DR,,RISING STAR DR,2021-09-15T00:00:00.000,2125,HENDERSON,CLARK,CLARK,675181.9841,3993137.2269
LVM220400007513,N DECATUR BLVD,,N DECATUR BLVD,W BONANZA RD,,W BONANZA RD,2022-04-02T00:00:00.000,1618,LAS VEGAS,CLARK,CLARK,661341.830299999,4005107.89729999
LVM211000109305,LAKE NORTH DR,,LAKE NORTH DR,CRYSTAL BAY DR,,CRYSTAL BAY DR,2021-10-26T00:00:00.000,812,LAS VEGAS,CLARK,CLARK,653893.2251,4000973.43899999
RPD21-11810,S SIERRA ST,,S SIERRA ST,ISLAND AVE,,ISLAND AVE,2021-07-03T00:00:00.000,2108,RENO,WASHOE,WASHOE,258161.3556,4378752.44629999
NLPD190420008166,E LAKE MEAD BLVD,,E LAKE MEAD BLVD,WILKINSON WAY,,WILKINSON WAY,2019-04-20T00:00:00.000,1135,NORTH LAS VEGAS,CLARK,CLARK,670711.1747,4007340.3604
LVM210200088519,N NELLIS BLVD,,N NELLIS BLVD,E GOWAN RD,,E GOWAN RD,2021-02-20T00:00:00.000,1533,LAS VEGAS,CLARK,CLARK,674161.701899999,4010873.0774
LVM200200126393,PENNWOOD AVE,,PENNWOOD AVE,CASTLEWOOD DR,,CASTLEWOOD DR,2020-02-26T00:00:00.000,1607,LAS VEGAS,CLARK,CLARK,661756.3245,4000671.5469
LVM220800061717,MARTIN L KING BLVD,,MARTIN L KING BLVD,OTHER,ELLIS,ELLIS AVE,2022-08-15T00:00:00.000,2043,LAS VEGAS,CLARK,CLARK,665345.890499999,4002922.27649999
LVM201000078895,S NELLIS BLVD,,S NELLIS BLVD,E CHARLESTON BLVD,,E CHARLESTON BLVD,2020-10-18T00:00:00.000,1959,,CLARK,CLARK,674288.479799999,4003089.0589
LVM210700048568,E WARM SPRINGS RD,,E WARM SPRINGS RD,S EASTERN AVE,,S EASTERN AVE,2021-07-10T00:00:00.000,2208,LAS VEGAS,CLARK,CLARK,669292.799399999,3991909.1409
BCPD21BC1322,WYOMING ST,,WYOMING ST,AVENUE B,,AVENUE B,2021-11-30T00:00:00.000,933,BOULDER CITY,CLARK,CLARK,694966.662999999,3983525.6585
LVM220600065352,E FLAMINGO RD,,E FLAMINGO RD,LAS VEGAS BLVD,,LAS VEGAS BLVD,2022-06-17T00:00:00.000,1408,LAS VEGAS,CLARK,CLARK,664489.1365,3998217.12399999
LVM210200094578,S RAINBOW BLVD,,S RAINBOW BLVD,N SPRING VALLEY PKWY,,N SPRING VALLEY PKWY,2021-02-21T00:00:00.000,2001,LAS VEGAS,CLARK,CLARK,658148.514,3996874.17369999
LVM190400111057,PARADISE RD,,PARADISE RD,OTHER,ELVIS PRESLEY BLVD,OTHER,2019-04-23T00:00:00.000,933,LAS VEGAS,CLARK,CLARK,666028.8688,4000522.7861
LVM200600021901,OTHER,UNIVERSITY CENTER DR,OTHER,OTHER,E FLAMINGO RD,OTHER,2020-06-07T00:00:00.000,27,LAS VEGAS,CLARK,CLARK,666829.380199999,3998264.4242
LVM211100125594,W OAKEY BLVD,,W OAKEY BLVD,WILSHIRE ST,,WILSHIRE ST,2021-11-30T00:00:00.000,829,LAS VEGAS,CLARK,CLARK,660809.7048,4002261.8317
LVM230300002593,BOULDER HWY,BOULDER HWY,BOULDER HWY,E. RUSSELL,E RUSSELL,E. RUSSELL,2023-03-01T00:00:00.000,1552,LAS VEGAS,CLARK,CLARK,677125.302799999,3995108.5632
NLPD1903140005381,CIVIC CENTER DR,,CIVIC CENTER DR,E CAREY AVE,,E CAREY AVE,2019-03-14T00:00:00.000,2018,NORTH LAS VEGAS,CLARK,CLARK,668928.7553,4008114.3638
LVM230700015913,N PECOS AVE,,N PECOS AVE,GOLD MIST AVE,,GOLD MIST AVE,2023-07-04T00:00:00.000,1304,LAS VEGAS,CLARK,CLARK,670903.930499999,4010813.66159999
LVM211000067640,H ST,,H ST,OTHER,WEAVER,OTHER,2021-10-16T00:00:00.000,1727,LAS VEGAS,CLARK,CLARK,666176.933799999,4006602.91019999
LVM201100116441,LONE OAK ST,,LONE OAK ST,E GOWAN RD,,E GOWAN RD,2020-11-27T00:00:00.000,1721,,CLARK,CLARK,671875.804399999,4010705.3223
LVM201100007820,W HARMON AVE,,W HARMON AVE,S JONES BLVD,,S JONES BLVD,2020-11-02T00:00:00.000,2133,,CLARK,CLARK,660061.838299999,3997318.9623
NLPD2210070019125,E LONE MOUNTAIN RD,,E LONE MOUNTAIN RD,N LAMB,,N LAMB,2022-10-07T00:00:00.000,457,NORTH LAS VEGAS,CLARK,CLARK,,
HP22-22722,N ARROYO GRANDE BLVD,,N ARROYO GRANDE BLVD,WHITNEY RANCH DR,,WHITNEY RANCH DR,2022-11-21T00:00:00.000,645,HENDERSON,CLARK,CLARK,674852.456899999,3992282.49709999
LVM190500152944,E RENO AVE,,E RENO AVE,ESCONDIDO ST,,ESCONDIDO ST,2019-05-31T00:00:00.000,2020,LAS VEGAS,CLARK,CLARK,667928.0767,3996348.87519999
LVM200200111272,SIRIUS AVE,,SIRIUS AVE,ARVILLE ST,,ARVILLE ST,2020-02-23T00:00:00.000,1603,LAS VEGAS,CLARK,CLARK,662028.9927,4000273.48139999
RPD22-8140,NEIL RD,,NEIL RD,MODEL WAY,,MODEL WAY,2022-05-02T00:00:00.000,2023,RENO,WASHOE,WASHOE,260898.0443,4374574.3241
LVM220600052459,E TROPICANA AVE,,E TROPICANA AVE,S MARYLAND PKWY,MARYLAND PKWY,S MARYLAND PKWY,2022-06-14T00:00:00.000,1213,,CLARK,CLARK,667711.151399999,3996760.27319999
LVM210400098756,BURNHAM AVE,,BURNHAM AVE,E FLAMINGO RD,,E FLAMINGO RD,2021-04-22T00:00:00.000,1259,LAS VEGAS,CLARK,CLARK,668855.9582,3998293.0252
RPD19-12022,KEYSTONE AVE,,KEYSTONE AVE,W 2ND ST,,W 2ND ST,2019-06-21T00:00:00.000,2210,RENO,,,257113.703399999,4378801.61759999
LVM230400110243,E FLAMINGO RD,,E FLAMINGO RD,OTHER,S VICTORIA ST,VICTORIA ST,2023-04-24T00:00:00.000,1947,LAS VEGAS,CLARK,CLARK,673095.182699999,3998411.7827
LVM231200083516,DEAN MARTIN DR,,DEAN MARTIN DR,W TWAIN AVE,,W TWAIN AVE,2023-12-25T00:00:00.000,1552,LAS VEGAS,CLARK,CLARK,663672.5833,3998767.276
LVM200200027662,E BONANZA RD,,E BONANZA RD,N MOJAVE RD,,N MOJAVE RD,2020-02-06T00:00:00.000,1444,LAS VEGAS,CLARK,CLARK,670353.234299999,4004871.8264
LVM220100066281,N 1ST ST,,N 1ST ST,E OGDEN AVE,,E OGDEN AVE,2022-01-17T00:00:00.000,1400,LAS VEGAS,CLARK,CLARK,666881.015899999,4004658.755
LVM230800103794,S MARYLAND PKWY,,E KATIE AVE,E KATIE AVE,,S MARYLAND PKWY,2023-08-29T00:00:00.000,2149,LAS VEGAS,CLARK,CLARK,667612.9401,3998891.86339999
LVM220900099486,E WASHINGTON AVE,,SR578,N LAS VEGAS BLVD,,N LAS VEGAS BLVD,2022-09-25T00:00:00.000,246,LAS VEGAS,CLARK,CLARK,667763.1094,4005656.83129999
SPPD19-9549,VISTA BL,,VISTA BL,BARING BL,,BARING BL,2019-10-25T00:00:00.000,1409,SPARKS,WASHOE,WASHOE,267561.8382,4382203.9712
SPPD22-8691,WOLVERINE WAY,,WOLVERINE WAY,S STANFORD WAY,,S STANFORD WAY,2022-11-03T00:00:00.000,705,SPARKS,WASHOE,WASHOE,264115.416199999,4379083.67779999
LVM221100033337,W KATIE AVE,,W KATIE AVE,S JONES BLVD,,S JONES BLVD,2022-11-09T00:00:00.000,1857,LAS VEGAS,CLARK,CLARK,659749.5548,3998715.65899999
LVM220100094702,W OWENS AVE,,W OWENS AVE,H ST,,H ST,2022-01-24T00:00:00.000,1308,LAS VEGAS,CLARK,CLARK,666176.8342,4006448.7484
NHP190602100,OTHER,IR580/MEADOWOOD MALL WAY N/B ON RAMP,OTHER,OTHER,MEADOWOOD MALL WAY,OTHER,2019-06-26T00:00:00.000,1857,RENO,WASHOE,WASHOE,259964.5295,4373095.80729999
LVM200200107367,S LAS VEGAS BLVD,,S LAS VEGAS BLVD,BELLAGIO DR,,BELLAGIO DR,2020-02-22T00:00:00.000,1920,LAS VEGAS,CLARK,CLARK,664443.547199999,3997950.74029999
SPPD23-599,PYRAMID WY,,PYRAMID WAY,YORK WAY,,YORK WAY,2023-01-23T00:00:00.000,1538,SPARKS,WASHOE,WASHOE,263499.099799999,4381738.2363
RPD20-18275,N SIERRA ST,,N SIERRA ST,UNIVERSITY TER,,UNIVERSITY TER,2020-10-13T00:00:00.000,640,RENO,WASHOE,WASHOE,257845.7449,4380043.5548
NHP191000211,OTHER,JONES,OTHER,OTHER,HORSE,OTHER,2019-10-03T00:00:00.000,1540,RENO,CLARK,CLARK,659408.549399999,4020079.36089999
NLPD2301070000468,E CRAIG RD,,E CRAIG RD,LOSEE RD,,LOSEE RD,2023-01-07T00:00:00.000,2217,NORTH LAS VEGAS,CLARK,CLARK,669224.226999999,4012195.3322
LVM231100023844,PARADISE RD,,PARADISE RD,E HARMON AVE,,E HARMON AVE,2023-11-07T00:00:00.000,2309,LAS VEGAS,CLARK,CLARK,666336.848799999,3997497.9649
RPD19-10189,E MOANA LN,,E MOANA LN,NEIL RD,,NEIL RD,2019-05-29T00:00:00.000,2100,RENO,WASHOE,WASHOE,260851.652499999,4375174.85769999
LVM230700131591,S LAS VEGAS BLVD,,S LAS VEGAS BLVD,RESORT WORLD DR,,RESORT WORLD DR,2023-07-31T00:00:00.000,1142,,CLARK,CLARK,665012.9522,3999943.5895
NLPD2308090015870,N LAS VEGAS BLVD,,N LAS VEGAS BLVD,N BRUCE ST,,N BRUCE ST,2023-08-09T00:00:00.000,36,NORTH LAS VEGAS,CLARK,CLARK,668436.332399999,4007524.14079999
LVM220200037507,S SANDHILL RD,,S SANDHILL RD,SILBERT LN,,SILBERT LN,2022-02-09T00:00:00.000,2104,LAS VEGAS,CLARK,CLARK,671630.451399999,4002279.78419999
CLSD22134580,SPARROW GULL AVE,,SPARROW GULL AVE,SHADOW TREE ST,,SHADOW TREE ST,2022-12-14T00:00:00.000,737,North Las Vegas,CLARK,CARSON CITY,666596.4697,4010619.98919999
LVM201100025088,W DESERT INN RD,,W DESERT INN RD,POLARIS AVE,,POLARIS AVE,2020-11-06T00:00:00.000,1857,,CLARK,CLARK,663275.1984,3999872.69209999
LVM190600013721,PALOS VERDES ST,,PALOS VERDES ST,ELM DR,,ELM DR,2019-06-03T00:00:00.000,2218,LAS VEGAS,CLARK,CLARK,666439.3408,3999169.9649
HP22-13087,N WATER ST,,N WATER ST,E LAKE MEAD PKWY,,E LAKE MEAD PKWY,2022-07-06T00:00:00.000,2115,HENDERSON,CLARK,CLARK,,
RPDRP19-3351,N SIERRA ST,,N SIERRA ST,W 9TH ST,,W 9TH ST,2019-02-17T00:00:00.000,832,RENO,WASHOE,WASHOE,257845.7449,4380043.5548
ELPD2022-07309,SPRUCE RD,,SPRUCE RD,NODDLE LN,,NODDLE LN,2022-04-29T00:00:00.000,1804,ELKO,ELKO,ELKO,602089.5136,4521516.78409999
RPD21-17458,SUTRO ST,,SUTRO ST,TIMBER WAY,,TIMBER WAY,2021-09-17T00:00:00.000,2051,RENO,WASHOE,WASHOE,259530.571999999,4381618.1772
NHP201201866,MARTIN L KING BLVD,,MARTIN L KING BLVD,OTHER,US95 NB ON RAMP,OTHER,2020-12-29T00:00:00.000,1323,,CLARK,CLARK,665400.0689,4005019.0403
LVM230400013376,S LAS VEGAS BLVD,,S LAS VEGAS BLVD,CAESARS PALACE DR,,CAESARS PALACE DR,2023-04-04T00:00:00.000,217,,CLARK,CLARK,664440.546699999,3998514.12729999
LVM201100098533,S JONES BLVD,,S JONES BLVD,W HARMON AVE,,W HARMON AVE,2020-11-23T00:00:00.000,1357,,CLARK,CLARK,659770.3369,3997292.74459999
NHP230101716,US50,,US50E,OTHER,DAYTON VALLEY ROAD,DAYTON VALLEY RD,2023-01-20T00:00:00.000,1818,DAYTON,LYON,LYON,276479.282399999,4346119.77229999
NHP230101686,OTHER,E MCCARRAN BLVD,SR659,E LINCOLN WAY,E LICOLN WAY,E LINCOLN WAY,2023-01-20T00:00:00.000,1423,SPARKS,WASHOE,WASHOE,264915.4362,4380011.53539999
LVM221100051824,N BRUCE ST,,N BRUCE ST,HARRIS AVE,,HARRIS AVE,2022-11-14T00:00:00.000,1731,LAS VEGAS,CLARK,CLARK,668588.6293,4005266.13649999
LVM190900050168,VEGAS VALLEY DR,,VEGAS VALLEY DR,PARKDALE AVE,,PARKDALE AVE,2019-09-11T00:00:00.000,712,LAS VEGAS,CLARK,CLARK,673099.1595,4000853.52319999
LVM231100057106,S DURANGO DR,,S DURANGO DR,FLAMINGO RD,,FLAMINGO RD,2023-11-16T00:00:00.000,1318,LAS VEGAS,CLARK,CLARK,654888.986399999,3998062.0435
NLPD1902270004228,E LAKE MEAD SOUTH BLVD,,E LAKE MEAD SOUTH BLVD,N 5TH ST,,N 5TH ST,2019-02-27T00:00:00.000,1856,NORTH LAS VEGAS,CLARK,CLARK,667757.840099999,4007283.8781
CCSO20-2070,WINDTREE CI,,WINDTREE CI,SILVER SAGE DR,,SILVER SAGE DR,2020-04-11T00:00:00.000,1140,CARSON CITY,CARSON CITY,CARSON CITY,261157.1358,4336032.2847
LVM210100063491,S RAINBOW BLVD,,S RAINBOW BLVD,W TWAIN AVE,,W TWAIN AVE,2021-01-14T00:00:00.000,1829,LAS VEGAS,CLARK,CLARK,658117.052799999,3998967.51679999
LVM220300117558,S LAS VEGAS BLVD,,S LAS VEGAS BLVD,WYNN MAIN GATE DR,,WYNN MAIN GATE DR,2022-03-28T00:00:00.000,2014,LAS VEGAS,CLARK,CLARK,667235.0618,4004317.2365
LVM210700123592,E WARM SPRINGS RD,,E WARM SPRINGS RD,S EASTERN AVE,,S EASTERN AVE,2021-07-27T00:00:00.000,2042,LAS VEGAS,CLARK,CLARK,669146.7278,3991922.1118
LVM191000004453,E HACIENDA AVE,,E HACIENDA AVE,DENNING ST,,DENNING ST,2019-10-01T00:00:00.000,2108,LAS VEGAS,CLARK,CLARK,675107.1836,3996014.6774
LVM220500069668,S NELLIS BLVD,,S NELLIS BLVD,OTHER,HAPPY VALLEY AVE,OTHER,2022-05-17T00:00:00.000,2043,LAS VEGAS,CLARK,CLARK,674076.892599999,4000368.67679999
SPPD20-1944,ROCK BL,,ROCK BL,GREENBRAE DR,,GREENBRAE DR,2020-03-02T00:00:00.000,1452,SPARKS,WASHOE,WASHOE,262671.6535,4381165.05049999
LVM210400136830,LUNDSFORD AVE,,LUNDSFORD AVE,S DURANGO DR,,S DURANGO DR,2021-04-30T00:00:00.000,1807,LAS VEGAS,CLARK,CLARK,654876.4313,4004264.1531
LVM190700043257,W WASHINGTON AVE,,W WASHINGTON AVE,FAIRWAY DR,,FAIRWAY DR,2019-07-09T00:00:00.000,1029,LAS VEGAS,CLARK,CLARK,662052.9329,4005537.1247
DCSO22SO22153,US50E TO SR28,,US50E TO SR28,,,,2022-08-26T00:00:00.000,1727,STATELINE,DOUGLAS,DOUGLAS,,
LVM231200004095,E DESERT INN RD,,E DESERT INN RD,S EASTERN AVE,,S EASTERN AVE,2023-12-01T16:00:00.000,514,LAS VEGAS,CLARK,CLARK,669119.6277,3999985.17669999
LVM190800102558,BOULDER HWY,,BOULDER HWY,E RUSSELL RD,,E RUSSELL RD,2019-08-21T00:00:00.000,739,LAS VEGAS,CLARK,CLARK,677155.8793,3995076.27649999
LVM230600001885,NELLIS BLVD,,E CHARLESTON BLVD,E CHARLESTON BLVD,,NELLIS BLVD,2023-05-31T17:00:00.000,1114,LAS VEGAS,CLARK,CLARK,674299.938799999,4003328.25
SPPD19-7915,ROCK BLVD,,ROCK BLVD,PRATER WAY,,PRATER WAY,2019-09-05T00:00:00.000,614,SPARKS,WASHOE,WASHOE,262342.728299999,4380121.96209999
NHP210400958,US95,,US95,OTHER,SR159 SB ON RAMP,OTHER,2021-04-14T00:00:00.000,36,,CLARK,CLARK,671672.8541,4002630.73269999
NHP231200881,MARTIN L KING BLVD,,FRCL54,OTHER,MARTIN L KING BLVD TO US95N INT42A,FRCL54 TO IR11S INT42A,2023-12-14T00:00:00.000,1444,LAS VEGAS,CLARK,CLARK,,
LVM191100043449,FREMONT ST,,FREMONT ST,E OAKEY BLVD,,E OAKEY BLVD,2019-11-10T00:00:00.000,45,LAS VEGAS,CLARK,CLARK,670145.0953,4002452.74719999
LVM191000109425,W CHARLESTON BLVD,,W CHARLESTON BLVD,COMMUNITY COLLEGE DR,,COMMUNITY COLLEGE DR,2019-10-23T00:00:00.000,1519,LAS VEGAS,CLARK,CLARK,659180.813599999,4003053.072
LVM191200136502,S 3RD ST,,S 3RD ST,HOOVER AVE,,HOOVER AVE,2019-12-29T00:00:00.000,2028,LAS VEGAS,CLARK,CLARK,666494.317999999,4003381.21639999
LVM220100105159,SPRING MOUNTAIN RD,,SPRING MOUNTAIN RD,STOBER BLVD,,STOBER BLVD,2022-01-26T00:00:00.000,2302,LAS VEGAS,CLARK,CLARK,661695.302099999,3999452.52529999
LVM230100023462,N MARTIN L KING BLVD,,N MARTIN L KING BLVD,HASSELL AVE,,HASSELL AVE,2023-01-06T00:00:00.000,1538,LAS VEGAS,CLARK,CLARK,665358.460599999,4007420.12289999
LVM190300129144,EDMOND ST,,EDMOND ST,W FLAMINGO RD,,W FLAMINGO RD,2019-03-27T00:00:00.000,715,LAS VEGAS,CLARK,CLARK,660897.270499999,3998161.25779999
LVM210600011488,STEWART AVE,,STEWART AVE,N NELLIS BLVD,,N NELLIS BLVD,2021-06-03T00:00:00.000,1231,LAS VEGAS,CLARK,CLARK,674140.4017,4004152.2203
LVM190400106888,N RAINBOW BLVD,,N RAINBOW BLVD,SMOKE RANCH RD,,SMOKE RANCH RD,2019-04-22T00:00:00.000,1245,LAS VEGAS,CLARK,CLARK,658023.9016,4007727.04869999
LVM230300060964,E OWENS AVE,,E OWENS AVE,RADWICK DR,,RADWICK DR,2023-03-14T00:00:00.000,2114,LAS VEGAS,CLARK,CLARK,677993.553399999,4006682.73269999
LVM201000093447,E CHARLESTON BLVD,,E CHARLESTON BLVD,S LAMB BLVD,,S LAMB BLVD,2020-10-22T00:00:00.000,804,,CLARK,CLARK,672561.622299999,4003280.6502
LVM221200007555,N HUALAPAI WAY,,N HUALAPAI WAY,W DEER SPRINGS WAY,,W DEER SPRINGS WAY,2022-12-02T00:00:00.000,2015,LAS VEGAS,CLARK,CLARK,651328.443599999,4016937.87849999
NLPD2109190016170,W DELHI AVE,,W DELHI AVE,CHACO CT,,CHACO CT,2021-09-19T00:00:00.000,2103,NORTH LAS VEGAS,CLARK,CLARK,662187.7126,4010178.5787
LVM220900110462,E RENO AVE,,E RENO AVE,SPENCER ST,,SPENCER ST,2022-09-27T00:00:00.000,2151,LAS VEGAS,CLARK,CLARK,668528.7297,3996352.7507
LVM190100101880,S FORT APACHE RD,,S FORT APACHE RD,W TROPICANA AVE,,W TROPICANA AVE,2019-01-22T00:00:00.000,1120,LAS VEGAS,CLARK,CLARK,653274.643199999,3996427.05169999
LVM190300030482,S MARYLAND PKWY,,S MARYLAND PKWY,VEGAS VALLEY DR,,VEGAS VALLEY DR,2019-03-07T00:00:00.000,948,LAS VEGAS,CLARK,CLARK,667637.343,4000743.21169999
LVM200800049071,N RAINBOW BLVD,,N RAINBOW BLVD,PEAK DR,,PEAK DR,2020-08-12T00:00:00.000,947,LAS VEGAS,CLARK,CLARK,658003.476499999,4008825.5864
RPD19-22328,SILVERADA BLVD,,SILVERADA BLVD,FANTASTIC DR,,FANTASTIC DR,2019-11-07T00:00:00.000,1741,RENO,WASHOE,WASHOE,260896.161,4381208.08049999
LVM230400040881,E FLAMINGO RD,,SR592,OTHER,S TAMARUS ST,TAMARUS ST,2023-04-10T00:00:00.000,6,LAS VEGAS,CLARK,CLARK,668089.249499999,3998275.24569999
NHP230200613,US93S,,US93N,OTHER,ELKO COUNTY MILE MARKER 141 ,Mile Post 141,2023-02-09T00:00:00.000,1716,JACKPOT,ELKO,ELKO,692811.5553,4650613.4703
RPD22-2243,MILL ST,,MILL ST,PARK ST,,PARK ST,2022-02-03T00:00:00.000,1704,RENO,WASHOE,WASHOE,258927.915799999,4378883.96169999
LVM190800106250,E DESERT INN RD,,E DESERT INN RD,PARKDALE AVE,,PARKDALE AVE,2019-08-21T00:00:00.000,2354,LAS VEGAS,CLARK,CLARK,672575.9714,4000134.09369999
LVM190300055506,N RAMPART BLVD,,N RAMPART BLVD,W CHEYENNE AVE,,W CHEYENNE AVE,2019-03-12T00:00:00.000,1252,LAS VEGAS,CLARK,CLARK,654708.6418,4009411.63629999
CCSO23-6235,N CARSON ST,,N CARSON ST,E COLLEGE PKWY,,E COLLEGE PKWY,2023-10-05T00:00:00.000,757,CARSON CITY,CARSON CITY,CARSON CITY,260500.2115,4341598.695
LVM190900043347,S DECATUR BLVD,,S DECATUR BLVD,EVERGREEN AVE,,EVERGREEN AVE,2019-09-09T00:00:00.000,2009,LAS VEGAS,CLARK,CLARK,661375.693599999,4003514.4472
LVM220900034323,S LAS VEGAS BLVD SB,,S LAS VEGAS BLVD SB,OTHER,PALAZZO DR,OTHER,2022-09-09T00:00:00.000,43,LAS VEGAS,CLARK,CLARK,667237.955199999,4004315.7769
LVM220200019274,OLIVE ST,,OLIVE ST,PALM ST,,PALM ST,2022-02-05T00:00:00.000,1456,LAS VEGAS,CLARK,CLARK,670818.177199999,4002871.8388
LVM230100096282,N NELLIS BLVD,,N NELLIS BLVD,LAS VEGAS BLVD,,SR604S,2023-01-24T00:00:00.000,1847,LAS VEGAS,CLARK,CLARK,674140.882,4011876.6184
RPD21-23788,E 4TH ST,,E 4TH ST,SAGE ST,,SAGE ST,2021-12-18T00:00:00.000,1830,RENO,WASHOE,WASHOE,260004.735999999,4379740.504
RPD22-22598,TYBO AVE,,TYBO AVE,MONITOR DR,,MONITOR DR,2022-12-06T00:00:00.000,1541,RENO,WASHOE,WASHOE,260639.483099999,4380367.29529999
LVM230300003533,W CHEYENNE AVE,,W CHEYENNE AVE,N MICHAEL WAY,,N MICHAEL WAY,2023-03-01T00:00:00.000,2018,LAS VEGAS,CLARK,CLARK,660281.0283,4009489.46949999
NHP211000383,OTHER,IR80 E,OTHER,OTHER,124MM,OTHER,2021-10-05T17:00:00.000,320,,PERSHING,PERSHING,389422.7774,4471047.10209999
LVM220900052432,TORREY PINES DR,,TORREY PINES DR,OTHER,FLAMINGO RD,FLAMINGO RD,2022-09-13T00:00:00.000,1525,LAS VEGAS,CLARK,CLARK,658951.423299999,3998099.3748
RPD19-21539,PLUMAS ST,,PLUMAS ST,CALIFORNIA AVE,,CALIFORNIA AVE,2019-10-26T00:00:00.000,2314,RENO,WASHOE,WASHOE,258265.1911,4378271.7234
LVM200500029963,ORLAND ST,,ORLAND ST,BROMLEY AVE,,BROMLEY AVE,2020-05-06T00:00:00.000,2101,LAS VEGAS,CLARK,CLARK,660067.050599999,4005030.30069999
LVM220300046978,E HARMON AVE,,E HARMON AVE,PARADISE RD,,PARADISE RD,2022-03-11T00:00:00.000,2308,LAS VEGAS,CLARK,CLARK,666167.283599999,3997505.24
LVM210700019623,WILBUR ST,S WILBUR ST,WILBUR ST,TONI AVE,E TONI AV,TONI AVE,2021-07-04T00:00:00.000,2126,LAS VEGAS,CLARK,CLARK,667314.8742,3996391.76469999
LVM231000092406,SAGE POINTE CIR,,SAGE POINTE CIR,SHORE BREEZE DR,,SHORE BREEZE DR,2023-10-27T00:00:00.000,1320,LAS VEGAS,CLARK,CLARK,654899.7121,4008002.26339999
LVM211200047730,E FLAMINGO RD,,E FLAMINGO RD,HOWARD HUGHES PKWY,,HOWARD HUGHES PKWY,2021-12-12T00:00:00.000,908,LAS VEGAS,CLARK,CLARK,665685.702399999,3998213.30159999
LVM210500017587,E CRAIG RD,,E CRAIG RD,AVIATION ST,,AVIATION ST,2021-05-04T00:00:00.000,1738,,CLARK,CLARK,674581.599899999,4012376.57709999
ELPD2020-09727,LAST CHANCE RD,,LAST CHANCE RD,CLARKSON DR,,CLARKSON DR,2020-05-28T00:00:00.000,516,ELKO,ELKO,ELKO,606366.082,4521315.3953
RPD22-15968,KIETZKE LN,,KIETZKE LN,MILL ST,,MILL ST,2022-08-27T00:00:00.000,1015,RENO,WASHOE,WASHOE,260249.4252,4378410.0227
NHP220201323,US395N,,US395N,CENTERTOWNE DR,,CENTERTOWNE DR,2022-02-19T00:00:00.000,1245,MINDEN,DOUGLAS,DOUGLAS,261174.150799999,4314443.5622
LVM210500094849,E FLAMINGO RD,,E FLAMINGO RD,S MARYLAND PKWY,,S MARYLAND PKWY,2021-05-20T00:00:00.000,2024,LAS VEGAS,CLARK,CLARK,667596.5124,3998261.5
LVM220700048179,FARM RD,,FARM RD,TULE SPRINGS RD,,TULE SPRINGS RD,2022-07-12T00:00:00.000,2152,LAS VEGAS,CLARK,CLARK,654561.977699999,4018493.22839999
LVM210100098846,N TORREY PINES DR,,N TORREY PINES DR,VEGAS DR,,VEGAS DR,2021-01-22T00:00:00.000,1513,LAS VEGAS,CLARK,CLARK,658869.331399999,4006491.02879999
HP23-22239,S PUEBLO BLVD,,S PUEBLO BLVD,BURKHOLDER BLVD,,BURKHOLDER BLVD,2023-11-10T00:00:00.000,750,HENDERSON,CLARK,CLARK,683868.5252,3989881.2991
LVM191100028103,W CHARLESTON BLVD,,W CHARLESTON BLVD,S TORREY PINES DR,,S TORREY PINES DR,2019-11-06T00:00:00.000,2109,LAS VEGAS,CLARK,CLARK,658782.9314,4003043.05949999
LVM211000034418,S CARSON ST,,S CARSON ST,W 3RD ST,3RD,W 3RD ST,2021-10-08T00:00:00.000,2257,LAS VEGAS,CLARK,CLARK,666888.242899999,4004329.07819999
LVM230100046143,VEGAS DR,,VEGAS DR,MICHAEL WAY,,MICHAEL WAY,2023-01-12T00:00:00.000,712,LAS VEGAS,CLARK,CLARK,660496.519199999,4006300.98139999
LVM220500101075,PINEWOOD HILLS DR,,PINEWOOD HILLS DR,GREENSPRING ST,,GREENSPRING ST,2022-05-25T00:00:00.000,1145,LAS VEGAS,CLARK,CLARK,653322.3887,4007690.3914
LVM230700119641,N LAS VEGAS BLVD,,N LAS VEGAS BLVD,E BONANZA RD,,E BONANZA RD,2023-07-28T00:00:00.000,1302,LAS VEGAS,CLARK,CLARK,667564.4764,4005006.3967
RPD22-21925,N VIRGINIA ST,,N VIRGINIA ST,6TH ST,,6TH ST,2022-11-24T00:00:00.000,1752,RENO,WASHOE,WASHOE,,
LVM200300045233,SIRIUS AVE,,SIRIUS AVE,POLARIS AVE,,POLARIS AVE,2020-03-10T00:00:00.000,1944,LAS VEGAS,CLARK,CLARK,663240.9362,4000295.40479999
LVM210500066312,DUCKBILL AVE,,DUCKBILL AVE,WILDFIRE ST,,WILDFIRE ST,2021-05-14T00:00:00.000,2005,LAS VEGAS,CLARK,CLARK,667445.765399999,3989899.12759999
HP23-10492,SR582N,,BOULDER HWY NB,PALO VERDE DR,,PALO VERDE DR,2023-06-02T00:00:00.000,1421,HENDERSON,CLARK,CLARK,683385.524799999,3988570.41709999
LVM220800107787,S DECATUR BLVD,,S DECATUR BLVD,DOE AVE,,DOE AVE,2022-08-26T00:00:00.000,1913,LAS VEGAS,CLARK,CLARK,661204.6094,4002636.3166
LVM230800078805,N LAS VEGAS BLVD,,N LAS VEGAS BLVD,E OGDEN AVE,,E OGDEN AVE,2023-08-22T00:00:00.000,1958,LAS VEGAS,CLARK,CLARK,667294.6375,4004451.60889999
HP22-18851,PALOMINO VILLAGE DR,,PALOMINO VILLAGE DR,MOUNTAIN RIDGE DR,,MOUNTAIN RIDGE DR,2022-09-26T00:00:00.000,2004,HENDERSON,CLARK,CLARK,673678.664699999,3987476.87429999
LVM201000106994,S DECATUR BLVD,,S DECATUR BLVD,W POST RD,,W POST RD,2020-10-25T00:00:00.000,331,,CLARK,CLARK,661371.641699999,3993884.20959999
LVM230400118788,W GOWAN RD,,W GOWAN RD,EL CAPITAN WAY,,EL CAPITAN WAY,2023-04-26T00:00:00.000,1634,LAS VEGAS,CLARK,CLARK,653853.1687,4010391.221
NLPD2302230003744,CIVIC CENTER DR,,CIVIC CENTER DR,TONOPAH AVE,,TONOPAH AVE,2023-02-23T00:00:00.000,1323,NORTH LAS VEGAS,CLARK,CLARK,669378.5465,4006907.8167
LVM190500108112,W OGDEN AVE,,W OGDEN AVE,N MAIN ST,,N MAIN ST,2019-05-22T00:00:00.000,1620,LAS VEGAS,CLARK,CLARK,666769.340099999,4004717.8263
LVM220900107197,E DESERT INN RD,,E DESERT INN RD,S MARYLAND PKWY,,S MARYLAND PKWY,2022-09-27T00:00:00.000,553,,CLARK,CLARK,667766.9905,3999952.06299999
LVM210100131358,E SUNSET RD,,E SUNSET RD,S EASTERN AVE,,S EASTERN AVE,2021-01-29T00:00:00.000,1810,LAS VEGAS,CLARK,CLARK,669384.689,3993525.62289999
NHP220500616,OTHER,E MCCARRAN,SR659,OTHER,E LINCOLN,E LINCOLN WAY,2022-05-10T00:00:00.000,916,,WASHOE,WASHOE,264907.5234,4379998.5106
RPD21-17753,NORTH HILLS BLVD,,NORTH HILLS BLVD,E GOLDEN VALLEY RD,,E GOLDEN VALLEY RD,2021-09-21T00:00:00.000,2048,RENO,WASHOE,WASHOE,256501.0196,4387660.9722
LVM190700027815,N LAS VEGAS BLVD,,N LAS VEGAS BLVD,FOREMASTER LN,,FOREMASTER LN,2019-07-06T00:00:00.000,613,LAS VEGAS,CLARK,CLARK,667787.310899999,4006220.8953
ELPD2021-10359,CEDAR ST,,CEDAR ST,8TH ST,,8TH ST,2021-06-01T00:00:00.000,1535,ELKO,ELKO,ELKO,575323.4298,4507556.98049999
LVM200300011731,S TORREY PINES DR,,S TORREY PINES DR,W OAKEY BLVD,,W OAKEY BLVD,2020-03-03T00:00:00.000,1448,LAS VEGAS,CLARK,CLARK,658832.032899999,4002251.03199999
LVM200900052146,S LAS VEGAS BLVD,,S LAS VEGAS BLVD,CAESARS PALACE DR,,CAESARS PALACE DR,2020-09-12T00:00:00.000,233,,CLARK,CLARK,664440.3826,3998521.138
LVM220600027341,S MARYLAND PKWY,,S MARYLAND PKWY,E RENO AVE,,E RENO AVE,2022-06-07T00:00:00.000,2225,LAS VEGAS,CLARK,CLARK,667722.653199999,3996318.0163
LVM220500123989,W OWENS AVE,,W OWENS AVE,H ST,,H ST,2022-05-30T00:00:00.000,1912,LAS VEGAS,CLARK,CLARK,666213.423499999,4006434.5305
LVM190300008006,W CHARLESTON BLVD,,W CHARLESTON BLVD,CAMPBELL DR,,CAMPBELL DR,2019-03-02T00:00:00.000,1636,LAS VEGAS,CLARK,CLARK,663406.1357,4003106.4589
NHP230600555,IR15S,,IR15S,TROPICANA AVE,,TROPICANA AVE,2023-06-09T00:00:00.000,450,LAS VEGAS,CLARK,CLARK,663749.209999999,3996952.3274
LVM211100015603,W DESERT INN RD,,W DESERT INN RD,WARNOCK RD,,WARNOCK RD,2021-11-04T00:00:00.000,1541,LAS VEGAS,CLARK,CLARK,661464.6918,3999858.89499999
LVM230500086321,W HACIENDA AVE,,W HACIENDA AVE,LINDELL RD,,LINDELL RD,2023-05-18T00:00:00.000,445,LAS VEGAS,CLARK,CLARK,660516.7412,3995747.0745
LVM220700075891,TREE LINE DR,,TREE LINE DR,E SAHARA AVE,,E SAHARA AVE,2022-07-19T00:00:00.000,2005,LAS VEGAS,CLARK,CLARK,676906.758799999,4001963.68359999
NLPD2211190022075,W CHEYENNE AVE,,SR574,SIMMONS ST,,SIMMONS ST,2022-11-19T00:00:00.000,2033,NORTH LAS VEGAS,CLARK,CLARK,663441.7953,4009614.87099999
LVM190100037517,E CHARLESTON BLVD,,E CHARLESTON BLVD,S 4TH ST,,S 4TH ST,2019-01-08T00:00:00.000,1531,LAS VEGAS,CLARK,CLARK,666508.6994,4003158.31599999
RPD23-9029,S VIRGINIA ST,,S VIRGINIA ST,GENTRY WAY,,GENTRY WAY,2023-05-23T00:00:00.000,2116,RENO,WASHOE,WASHOE,259407.474799999,4375412.2609
LVM211200065152,W WASHINGTON AVE,,W WASHINGTON AVE,ROBIN ST,,ROBIN ST,2021-12-16T00:00:00.000,1242,LAS VEGAS,CLARK,CLARK,664053.942999999,4005568.75139999
LVM190700090839,S FORT APACHE RD,,S FORT APACHE RD,W RENO AVE,,W RENO AVE,2019-07-18T00:00:00.000,2136,LAS VEGAS,CLARK,CLARK,653277.588999999,3995967.66579999
LVM220100107980,E CHARLESTON BLVD,,CHARLESTON BLVD,N 28TH ST,N 28TH ST,N 28TH ST,2022-01-27T00:00:00.000,1711,LAS VEGAS,CLARK,CLARK,669872.4632,4003216.9282
LVM230300023270,W HARMON AVE,,W HARMON AVE,DECATUR BLVD,,DECATUR BLVD,2023-03-06T00:00:00.000,1227,LAS VEGAS,CLARK,CLARK,661241.890999999,3997425.64279999
ELPD2021-19573,Mountain City Hwy,,Mountain City Hwy,Cimarron Way,,Cimarron Way,2021-10-11T00:00:00.000,1858,ELKO,ELKO,ELKO,602596.1414,4520720.1533
LVM210500003160,W CHARLESTON BLVD,,W CHARLESTON BLVD,S RANCHO DR,,S RANCHO DR,2021-05-01T00:00:00.000,1816,LAS VEGAS,CLARK,CLARK,664398.0541,4003117.5326
NHP221202158,IR580N,IR580,IR580N,OTHER,MM11,Mile Post 11,2022-12-29T00:00:00.000,646,,WASHOE,WASHOE,260061.830699999,4360217.1104
LVM200700112716,E HARMON AVE,,E HARMON AVE,S NELLIS BLVD,,S NELLIS BLVD,2020-07-26T00:00:00.000,1154,LAS VEGAS,CLARK,CLARK,674207.9927,3997615.3833
SPPD22-8202,SACRED CIR,,SACRED CIR,ALTESINO DR,,ALTESINO DR,2022-10-14T00:00:00.000,639,SPARKS,WASHOE,WASHOE,270674.733199999,4388444.3429
CCSO23-3129,SILVER SAGE DR,,SILVER SAGE DR,COLORADO ST,,COLORADO ST,2023-05-25T00:00:00.000,1520,CARSON CITY,CARSON CITY,CARSON CITY,261246.361899999,4336663.56369999
NHP210500495,GENTRY WAY,,GENTRY WAY,KIETZKE LN,,KIETZKE LN,2021-05-07T00:00:00.000,1616,RENO,WASHOE,WASHOE,260138.9742,4375418.1478
DCSO22SO21543,LAKE PKWY,,LAKE PKWY,OTHER,HARVEY'S CASINO PARKING LOT,US50E,2022-08-20T00:00:00.000,2141,STATELINE,DOUGLAS,DOUGLAS,244813.1003,4316811.2134
LVM190200010698,CINDYSUE ST,,CINDYSUE ST,ANDERSON LN,,ANDERSON LN,2019-02-03T00:00:00.000,1127,LAS VEGAS,CLARK,CLARK,663037.665199999,4007005.2039
RPD19-16230,E 6TH ST,,E 6TH ST,SPOKANE ST,,SPOKANE ST,2019-08-15T00:00:00.000,1956,RENO,WASHOE,WASHOE,259301.615799999,4379861.55509999
NHP210201786,OTHER,DURANGO S,OTHER,OTHER,DEER SPRINGS,OTHER,2021-02-27T00:00:00.000,1847,,CLARK,CLARK,653764.3404,4016853.8977
RPD23-18449,S WELLS AVE,,CRAMPTON ST - E TAYLOR ST ALY,CRAMPTON ST,,S WELLS AVE,2023-10-08T00:00:00.000,1753,RENO,WASHOE,WASHOE,258995.286399999,4377885.44199999
HP19-32938,MARKS ST,,MARKS ST,,,,2019-12-23T00:00:00.000,1920,HENDERSON,CLARK,CLARK,,
LVM190600137330,WHITE PLAINS DR,,WHITE PLAINS DR,W GOWAN RD,,W GOWAN RD,2019-06-29T00:00:00.000,951,LAS VEGAS,CLARK,CLARK,656695.5826,4010616.41999999
LVM190100084438,E LAKE MEAD BLVD,,E LAKE MEAD BLVD,LINCOLN RD,,LINCOLN RD,2019-01-18T00:00:00.000,1557,LAS VEGAS,CLARK,CLARK,672243.389399999,4007349.969
SPPD21-9357,PRATER WAY,,PRATER WAY,19TH ST,,19TH ST,2021-11-02T00:00:00.000,1344,SPARKS,WASHOE,WASHOE,262053.736399999,4380059.53539999
NLPD2102040002058,W CRAIG RD,,W CRAIG RD,OTHER,HOME DEPOT DR,OTHER,2021-02-04T00:00:00.000,830,NORTH LAS VEGAS,CLARK,CLARK,665603.463999999,4012076.39299999
LVM230800109458,W SAHARA AVE,,W SAHARA AVE,S FORT APACHE RD,,S FORT APACHE RD,2023-08-31T00:00:00.000,1121,LAS VEGAS,CLARK,CLARK,653155.3254,4001307.8833
RPD20-14332,VASSAR ST,,VASSAR ST,S WELLS AVE,,S WELLS AVE,2020-08-16T00:00:00.000,1401,RENO,WASHOE,WASHOE,259012.7587,4377446.65709999
LVM220400101277,N NELLIS BLVD,,N NELLIS BLVD,OTHER,TWAIN,OTHER,2022-04-24T00:00:00.000,1250,LAS VEGAS,CLARK,CLARK,674176.922899999,4010062.03449999
LVM200100052770,CAMBRIDGE ST,,CAMBRIDGE ST,E TWAIN AVE,,E TWAIN AVE,2020-01-11T00:00:00.000,2230,LAS VEGAS,CLARK,CLARK,667228.2361,3999097.34579999
LVM221000026487,S MARYLAND PKWY,,S MARYLAND PKWY,E TROPICANA AVE,,E TROPICANA AVE,2022-10-07T00:00:00.000,1617,LAS VEGAS,CLARK,CLARK,667714.3551,3996647.20529999
LVM200500038930,SWENSON ST,,SWENSON ST,E TWAIN AVE,,E TWAIN AVE,2020-05-08T00:00:00.000,1628,LAS VEGAS,CLARK,CLARK,666832.8918,3999019.31829999
NLPD2311100022552,E LAKE MEAD BLVD,,E LAKE MEAD BLVD,PALMER ST,,PALMER ST,2023-11-10T00:00:00.000,1940,NORTH LAS VEGAS,CLARK,CLARK,670542.1392,4007339.6651
LVM230300110267,S DURANGO DR,,S DURANGO DR,STARBOARD DR,,STARBOARD DR,2023-03-25T00:00:00.000,1927,LAS VEGAS,CLARK,CLARK,654850.859,4000596.5458
LVM200500089939,N RAINBOW BLVD,,N RAINBOW BLVD,W ALEXANDER RD,,W ALEXANDER RD,2020-05-18T00:00:00.000,2024,LAS VEGAS,CLARK,CLARK,657957.0142,4011229.00879999
LVM231200039816,WASHINGTON AVE,,WASHINGTON AVE,G ST,,G ST,2023-12-12T00:00:00.000,1721,LAS VEGAS,CLARK,CLARK,666318.9457,4005588.30169999
HP22-08985,PALO VERDE DR,,PALO VERDE DR,BURKHOLDER BLVD,,BURKHOLDER BLVD,2022-05-09T00:00:00.000,700,HENDERSON,CLARK,CLARK,683501.8843,3989970.49379999
LVM221200066502,VAN PATTEN ST,,VAN PATTEN PL,E SAHARA AVE,,E SAHARA AVE,2022-12-17T00:00:00.000,1140,LAS VEGAS,CLARK,CLARK,666589.7755,4001501.56049999
RPD21-16271,ODDIE BLVD,,ODDIE BLVD,SUTRO ST,,SUTRO ST,2021-09-02T00:00:00.000,2112,RENO,WASHOE,WASHOE,259516.6983,4381036.6611
LVM200400005211,BOULDER HWY,,BOULDER HWY,E DESERT INN RD,,E DESERT INN RD,2020-04-01T00:00:00.000,2213,LAS VEGAS,CLARK,CLARK,672407.5125,4000072.9002
LVM230500074885,EASTERN AVE,,EASTERN AVE,FLAMINGO RD,,SR592,2023-05-15T00:00:00.000,2117,LAS VEGAS,CLARK,CLARK,669275.3216,3998306.5742
NYSO21NY-2371,S PAHRUMP VLY,,S PAHRUMP VLY,E IDAHO ST,,E IDAHO ST,2021-06-13T00:00:00.000,2109,,NYE,NYE,590792.987499999,4004947.8208
LVM230900052187,OTHER,N RANCHO DR,SR599S/RANCHO DR,OTHER,W BONANZA RD,W BONANZA RD,2023-09-15T00:00:00.000,1322,LAS VEGAS,CLARK,CLARK,664042.501799999,4005148.6563
LVM190300130527,E FLAMINGO RD,,E FLAMINGO RD,MCLEOD DR,,MCLEOD DR,2019-03-27T00:00:00.000,1404,LAS VEGAS,CLARK,CLARK,670112.6642,3998359.7057
LVM220400008425,E LAKE MEAD BLVD,E LAKE MEAD BLVD,E LAKE MEAD BLVD,BONNIE LN,N BONNIE LANE,BONNIE LN,2022-04-02T00:00:00.000,2036,LAS VEGAS,CLARK,CLARK,675669.5745,4007483.00219999
LVM220800024420,S VALLEY VIEW BLVD,,S VALLEY VIEW BLVD,W ALI BABA LN,,W ALI BABA LN,2022-08-06T00:00:00.000,1814,LAS VEGAS,CLARK,CLARK,662957.036199999,3996049.448
LVM221000011785,S VALLEY VIEW BLVD,,SR592,FLAMINGO RD,,S VALLEY VIEW BLVD,2022-10-03T00:00:00.000,2305,LAS VEGAS,CLARK,CLARK,662822.202999999,3998279.3935
RPD19-17813,GENTRY WY,,GENTRY WY,KIETZKE LN,,KIETZKE LN,2019-09-04T00:00:00.000,1639,RENO,WASHOE,WASHOE,260167.016999999,4375417.5668
RPD23-10205,KEYSTONE AVE,,KEYSTONE AVE,W 4TH ST,,W 4TH ST,2023-06-11T00:00:00.000,2207,RENO,WASHOE,WASHOE,257040.7615,4379070.52779999
LVM231100053831,OTHER,BOULDER HWY,SR582S/BOULDER HWY,OTHER,MAYORGA ST,MAYORGA ST,2023-11-14T16:00:00.000,1805,LAS VEGAS,CLARK,CLARK,672578.130699999,3999893.15929999
LVM200900103091,S VALLEY VIEW BLVD,,S VALLEY VIEW BLVD,EL CONLON AVE,,EL CONLON AVE,2020-09-23T00:00:00.000,1558,LAS VEGAS,CLARK,CLARK,662779.5957,4001288.2774
LVM220300008004,N WALNUT RD,,N WALNUT RD,E GOWAN RD,,E GOWAN RD,2022-03-02T00:00:00.000,1842,LAS VEGAS,CLARK,CLARK,671715.9034,4010621.1268
NLPD1906250013060,INDUSTRIAL CENTER DR,,INDUSTRIAL CENTER DR,E ALEXANDER RD,,E ALEXANDER RD,2019-06-25T00:00:00.000,715,NORTH LAS VEGAS,CLARK,CLARK,670453.396599999,4011464.08899999
LVM221100015739,RIDGEDALE AVE,,RIDGEDALE AVE,S LAMB BLVD,,S LAMB BLVD,2022-11-03T00:00:00.000,2150,LAS VEGAS,CLARK,CLARK,672496.3113,4000498.2002
NLPD2205170009018,E LAKE MEAD BLVD,,E LAKE MEAD BLVD,MCDANIEL ST,,MCDANIEL ST,2022-05-17T00:00:00.000,1615,NORTH LAS VEGAS,CLARK,CLARK,668751.164699999,4007298.5712
NHP231001381,OTHER,IR580,WILLIAM ST,OTHER,US50 EAST,E WILLIAM ST TO IR580S INT5,2023-10-18T00:00:00.000,1150,,CARSON CITY,CARSON CITY,263175.906299999,4339718.5
LVM211200007500,N NELLIS BLVD,,N NELLIS BLVD,OTHER,CEDAR,OTHER,2021-12-02T00:00:00.000,1710,LAS VEGAS,CLARK,CLARK,674180.309899999,4009879.58469999
HP21-15308,MARKS ST,,MARKS ST,W GALLERIA DR,,W GALLERIA DR,2021-08-21T00:00:00.000,1658,HENDERSON,CLARK,CLARK,676675.949099999,3993591.3176
LVM220500075454,PIMA POINT AVE,,PIMA POINT AVE,HORSESHOE MESA ST,,HORSESHOE MESA ST,2022-05-19T00:00:00.000,846,,CLARK,CLARK,652649.799999999,3998704.70109999
LVM220200076072,BOULDER HWY S,,SR582N,E RUSSELL RD,,RUSSELL RD,2022-02-18T00:00:00.000,2145,LAS VEGAS,CLARK,CLARK,677077.978799999,3995207.56699999
LVM191000039786,W RUSSELL RD,,W RUSSELL RD,S HUALAPAI WAY,,S HUALAPAI WAY,2019-10-09T00:00:00.000,843,LAS VEGAS,CLARK,CLARK,651669.0717,3994703.4669
LVM190100113951,S 13TH ST,,S 13TH ST,E CHARLESTON BLVD,,E CHARLESTON BLVD,2019-01-24T00:00:00.000,1748,LAS VEGAS,CLARK,CLARK,667728.305499999,4003186.93129999
LVM230500073285,S LAMB BLVD,,S LAMB BLVD,OTHER,E CHARLESTON BLVD,SR159,2023-05-15T00:00:00.000,1514,LAS VEGAS,CLARK,CLARK,672684.680499999,4003176.4241
LVM201000064250,W PEBBLE RD,,W PEBBLE RD,ARVILLE ST,,ARVILLE ST,2020-10-15T00:00:00.000,922,,CLARK,CLARK,662191.446899999,3988558.80529999
LVM191000065525,W TROPICANA AVE,,W TROPICANA AVE,S GRAND CANYON DR,,S GRAND CANYON DR,2019-10-14T00:00:00.000,1557,LAS VEGAS,CLARK,CLARK,652567.239299999,3996380.5578
LVM220300103867,N MAIN ST,,N MAIN ST,W OGDEN AVE,,W OGDEN AVE,2022-03-25T00:00:00.000,1545,LAS VEGAS,CLARK,CLARK,666772.348,4004716.3015
LVM220900042245,W WASHINGTON AVE,,W WASHINGTON AVE,H ST,,H ST,2022-09-10T00:00:00.000,2223,LAS VEGAS,CLARK,CLARK,666235.682799999,4005584.2572
LVM190500079561,WAYNE NEWTON BLVD,,WAYNE NEWTON BLVD,KITTY HAWK WAY,,KITTY HAWK WAY,2019-05-16T00:00:00.000,2142,LAS VEGAS,CLARK,CLARK,666663.860299999,3995548.18999999
LVM210800126298,E SAHARA AVE,,E SAHARA AVE,S EASTERN AVE,,S EASTERN AVE,2021-08-30T00:00:00.000,410,LAS VEGAS,CLARK,CLARK,669281.943199999,4001592.42009999
LVM220200031508,W WASHINGTON AVE,,W WASHINGTON AVE,OTHER,RANCHO DR,RANCHO DR,2022-02-08T00:00:00.000,1335,LAS VEGAS,CLARK,CLARK,663704.9955,4005569.5971
LVM190500153146,S RAINBOW BLVD,,S RAINBOW BLVD,W OAKEY BLVD,,W OAKEY BLVD,2019-05-31T00:00:00.000,2101,LAS VEGAS,CLARK,CLARK,658030.3595,4002190.61539999
LVM191100053952,WYNN RD,,WYNN RD,SPRING MOUNTAIN RD,,SPRING MOUNTAIN RD,2019-11-12T00:00:00.000,1027,LAS VEGAS,CLARK,CLARK,662458.2483,3999478.0228
NHP220101767,SR28,,SR28,OTHER,MARKER 7,Mile Post 7,2022-01-27T00:00:00.000,1311,INCLINE VILLAGE,WASHOE,WASHOE,245292.150899999,4348633.6577
LVM220500007266,W CHARLESTON BLVD,W CHARLESTON BLVD,W CHARLESTON BLVD,HEAVENLY HILLS CT,HEAVENLY HILL CT,HEAVENLY HILLS CT,2022-05-02T00:00:00.000,2014,LAS VEGAS,CLARK,CLARK,654941.4583,4002968.79659999
LVM231000065875,N LAS VEGAS BLVD,,CRAIG RD,OTHER,E CRAIG,SR604S,2023-10-19T00:00:00.000,1859,LAS VEGAS,CLARK,CLARK,674799.3584,4012387.11439999
HP22-19792,CARNEGIE ST,,CARNEGIE ST,PASEO VERDE,,PASEO VERDE PKWY,2022-10-10T00:00:00.000,1534,HENDERSON,CLARK,CLARK,671991.2625,3987620.18789999
NLPD2308060015712,N MARTIN L KING BLVD,,N MARTIN L KING BLVD,W CAREY AVE,,W CAREY AVE,2023-08-06T00:00:00.000,2210,NORTH LAS VEGAS,CLARK,CLARK,665346.6528,4008032.58369999
SPPD21-5776,HOWARD DR,,HOWARD DR,E LINCOLN WAY,,E LINCOLN WAY,2021-07-09T00:00:00.000,2100,SPARKS,WASHOE,WASHOE,265174.563,4379908.1556
LVM200700059686,N LAMB BLVD,,N LAMB BLVD,E ALEXANDER RD,,E ALEXANDER RD,2020-07-14T00:00:00.000,910,LAS VEGAS,CLARK,CLARK,672532.5778,4011465.84669999
LVM210600094976,LINDELL RD,,LINDELL RD,W FRIAS AVE,,W FRIAS AVE,2021-06-21T00:00:00.000,922,,CLARK,CLARK,660740.1869,3985670.0555
WASO22-4905,SUN VALLEY BLVD,,SUN VALLEY BLVD,HIGHLAND RANCH PKWY,,HIGHLAND RANCH PKWY,2022-09-20T00:00:00.000,816,SUN VALLEY,WASHOE,WASHOE,262394.004499999,4388836.8253
CLSD21120063,SAPHIRE STONE AVE,,SAPHIRE STONE AVE,W LAKE MEAD BLVD,,ZIRCON RIDGE CT,2021-10-18T00:00:00.000,752,LAS VEGAS,CLARK,CLARK,664822.1863,4006895.53229999
RPD21-18995,E 2ND ST,,E 2ND ST,LAKE ST,,LAKE ST,2021-10-08T00:00:00.000,1800,RENO,WASHOE,WASHOE,258388.552,4379074.37659999
RPD23-17724,KIETZKE LN,,KIETZKE LN,S VIRGINIA ST,,S VIRGINIA ST,2023-09-27T00:00:00.000,1145,RENO,WASHOE,WASHOE,259965.745699999,4374077.13719999
HP20-22520,N GREEN VALLEY PKWY,,N GREEN VALLEY PKWY,CORPORATE CIR,,CORPORATE CIR,2020-12-22T00:00:00.000,1406,HENDERSON,CLARK,CLARK,672500.5617,3988572.53889999
HP22-16514,BOULDER HWY,,BOULDER HWY,KING ST,,KING ST,2022-08-24T00:00:00.000,1320,HENDERSON,CLARK,CLARK,680244.636099999,3991828.9898
DCSO21SO26200,PETAR DR,,PETAR DR,BROOKE WAY,,BROOKE WAY,2021-09-14T00:00:00.000,1610,GARDNERVILLE,DOUGLAS,DOUGLAS,262384.5597,4314302.08709999
LVM190400057646,S LAS VEGAS BLVD,,S LAS VEGAS BLVD,E CHARLESTON BLVD,,E CHARLESTON BLVD,2019-04-12T00:00:00.000,1320,LAS VEGAS,CLARK,CLARK,666642.4062,4003159.01789999
RPD19-22958,N CENTER ST,,N CENTER ST,MAPLE ST,,MAPLE ST,2019-11-16T00:00:00.000,1931,RENO,WASHOE,WASHOE,258131.643699999,4379874.83479999
LVM200300032679,W TROPICANA AVE,,W TROPICANA AVE,OTHER,NEW YORK NEW YORK,OTHER,2020-03-07T00:00:00.000,2327,LAS VEGAS,CLARK,CLARK,664215.8534,3996670.7772
LVM201000118772,S COMMERCE ST,,S COMMERCE ST,W CHARLESTON BLVD,,W CHARLESTON BLVD,2020-10-28T00:00:00.000,337,LAS VEGAS,CLARK,CLARK,665977.809399999,4003148.00369999
RPD23-23349,S VIRGINIA ST,,S VIRGINIA ST,HUBBARD WAY,,HUBBARD WAY,2023-12-20T00:00:00.000,1744,RENO,WASHOE,WASHOE,259250.662399999,4375880.5164
LVM190400064479,E CHARLESTON BLVD,,E CHARLESTON BLVD,S 17TH ST,,S 17TH ST,2019-04-13T00:00:00.000,2133,LAS VEGAS,CLARK,CLARK,668334.387199999,4003193.6519
LVM201100050874,S VALLEY VIEW BLVD,,S VALLEY VIEW BLVD,LA PASADA AVE,,LA PASADA AVE,2020-11-12T00:00:00.000,1920,LAS VEGAS,CLARK,CLARK,662764.622499999,4001870.73149999
LVM190400136341,PARADISE RD,,PARADISE RD,OTHER,HARD ROCK,OTHER,2019-04-28T00:00:00.000,602,LAS VEGAS,CLARK,CLARK,666241.497899999,3997850.26449999
NHP230902094,CC215N,,CC215N,TROPICANA AVE TO CC215N INT20,,TROPICANA AVE TO CC215N INT20,2023-09-29T00:00:00.000,1510,LAS VEGAS,CLARK,CLARK,653460.4669,3996857.457
SPPD23-1234,EL RANCHO DR,,EL RANCHO DR,G ST,,G ST,2023-02-04T00:00:00.000,1916,SPARKS,WASHOE,WASHOE,261440.2406,4380270.4879
HP21-04429,STANWOOD AVE,,STANWOOD AVE,TILDEN WAY,,TILDEN WAY,2021-03-12T00:00:00.000,1442,HENDERSON,CLARK,CLARK,671563.4413,3990366.68339999
LVM210600014093,OTHER,S SAMMY DAVIS JR,OTHER,OTHER,VEGAS PLAZA,OTHER,2021-06-03T00:00:00.000,2336,LAS VEGAS,CLARK,CLARK,664056.4616,3999427.9941
SPPD22-5641,G ST,,G ST,SULLIVAN LN,,SULLIVAN LN,2022-07-18T00:00:00.000,1532,SPARKS,WASHOE,WASHOE,261834.5403,4380351.1073
LVM210600046641,E HARMON AVE,,E HARMON AVE,OTHER,S LAMAR CIR,OTHER,2021-06-10T00:00:00.000,2020,LAS VEGAS,CLARK,CLARK,665622.097699999,3997496.8274
LVM201000079305,W MARDON AVE,,W MARDON AVE,S RAINBOW BLVD,,S RAINBOW BLVD,2020-10-18T00:00:00.000,2222,,CLARK,CLARK,658304.4466,3991365.83919999
NHP230500073,US95N,,US95N,DECATUR BLVD TO US95N INT79,,DECATUR BLVD TO US95N INT79,2023-05-01T00:00:00.000,2150,LAS VEGAS,CLARK,CLARK,660505.9451,4004737.26889999
LVM210300087996,W TROPICANA AVE,,W TROPICANA AVE,S JONES BLVD,,S JONES BLVD,2021-03-19T00:00:00.000,1104,,CLARK,CLARK,659229.8421,3996469.08559999
NLPD2112120021562,LAKE MEAD BLVD,,LAKE MEAD BLVD,MCDANIEL ST,,MCDANIEL ST,2021-12-12T00:00:00.000,1454,NORTH LAS VEGAS,CLARK,CLARK,669050.0652,4007306.2214
LVM221000118582,E HARMON AVE,,E HARMON AVE,LA MAR CIR,LAMAR CIR,LA MAR CIR,2022-10-31T00:00:00.000,640,,CLARK,CLARK,665767.192999999,3997499.55199999
NHP190800564,OTHER,US95/RUSSELL ROAD NORTHBOUND OFF RAMP,OTHER,OTHER,RUSSELL ROAD,OTHER,2019-08-07T00:00:00.000,1755,RENO,CLARK,CLARK,675675.848799999,3994979.37649999
NLPD2210190019943,LAMB BLVD,,LAMB BLVD,NEXUS WAY,,ANN RD,2022-10-19T00:00:00.000,648,NORTH LAS VEGAS,CLARK,CLARK,672491.611899999,4014708.2037
LVM220900035900,OTHER,S BOULDER HWY,SR582S,OTHER,E TROPICANA AVE,SR593,2022-09-09T00:00:00.000,1137,,CLARK,CLARK,675077.491899999,3997263.1302
DCSO19SO33227,ESMERALDA AV,,ESMERALDA AV,3RD ST,,3RD ST,2019-11-04T00:00:00.000,1428,,DOUGLAS,DOUGLAS,,
LVM230800051717,FLAMINGO RD,,FLAMINGO RD,S PECOS RD,,S PECOS RD,2023-08-15T00:00:00.000,322,LAS VEGAS,CLARK,CLARK,670922.6654,3998398.7815
LVM220100041322,W FLAMINGO RD,,SR592,LINDELL RD,LINDELL RD,LINDELL RD,2022-01-11T00:00:00.000,509,LAS VEGAS,CLARK,CLARK,660524.8633,3998176.12639999
NHP190201285,IR580 N,IR580,IR580 N,OTHER,MM10,OTHER,2019-02-14T00:00:00.000,1740,,WASHOE,WASHOE,259010.9093,4358639.8791
LVM220900122433,S EASTERN AVE,,S EASTERN AVE,TROPICANA AVE,,SR592,2022-09-30T00:00:00.000,1729,LAS VEGAS,CLARK,CLARK,669276.1129,3998282.2082
LVM211000084965,W CHARLESTON BLVD,W CHARLESTON BLVD,W CHARLESTON BLVD,S CIMARRON RD,S CIMARRON RD,S CIMARRON RD,2021-10-20T00:00:00.000,2012,LAS VEGAS,CLARK,CLARK,655709.1506,4002983.6652
NHP190101893,OTHER,WELLS SB,OTHER,OTHER,IR80 WELLS EAST BOUND ON RAMP,OTHER,2019-01-23T00:00:00.000,639,RENO,WASHOE,WASHOE,259078.184899999,4380041.97599999
HP19-08611,N STEPHANIE ST,,N STEPHANIE ST,W WARM SPRINGS RD,,W WARM SPRINGS RD,2019-04-16T00:00:00.000,1200,HENDERSON,,,,
LVM210900032241,E BONANZA RD,,E BONANZA RD,N MAIN ST,,N MAIN ST,2021-09-08T00:00:00.000,850,LAS VEGAS,CLARK,CLARK,667014.637199999,4005201.0457
LVM210600061826,S DECATUR BLVD,,S DECATUR BLVD,NATIONAL AVE,,NATIONAL AVE,2021-06-14T00:00:00.000,218,LAS VEGAS,CLARK,CLARK,661234.690999999,4000334.76109999
SPPD23-9728,PYRAMID WAY,,SR445,RICHARDS WAY,,RICHARDS WAY,2023-12-14T00:00:00.000,2104,SPARKS,WASHOE,WASHOE,263483.171,4381480.8278
LVM221000019308,N JONES BLVD,,N JONES BLVD,RANCHO DR,,RANCHO DR,2022-10-05T00:00:00.000,1920,LAS VEGAS,CLARK,CLARK,659450.024199999,4011359.20089999
HP21-17986,E RUSSELL RD,,E RUSSELL RD,W GALLERIA DR,,W GALLERIA DR,2021-09-28T00:00:00.000,1654,HENDERSON,CLARK,CLARK,674925.8798,3995002.2202
LVM210700141004,WEAVER DR,,WEAVER DR,H ST,,H ST,2021-07-31T00:00:00.000,1634,LAS VEGAS,CLARK,CLARK,666174.8019,4006606.19679999
RPD22-18920,AUBURN WAY,,AUBURN WAY,PRINCETON DR,,PRINCETON DR,2022-10-08T00:00:00.000,1704,RENO,WASHOE,WASHOE,260265.367499999,4377214.7236
LVM221200051420,S DECATUR BLVD,,S DECATUR BLVD,ELDORA AVE,,ELDORA AVE,2022-12-13T00:00:00.000,1711,LAS VEGAS,CLARK,CLARK,661218.5573,4001062.61989999
LVM191100030473,W CHARLESTON BLVD,,W CHARLESTON BLVD,S RAINBOW BLVD,,S RAINBOW BLVD,2019-11-07T00:00:00.000,1025,LAS VEGAS,CLARK,CLARK,658082.3095,4003026.95419999
RPD19-24577,BRINKBY AVE,,BRINKBY AVE,LAKESIDE DR,,LAKESIDE DR,2019-12-11T00:00:00.000,853,RENO,WASHOE,WASHOE,258491.6265,4375532.49239999
LVM220900077127,RANCHO RD,,SR599N,OTHER,W BONANZA,BONANZA RD,2022-09-19T00:00:00.000,1902,LAS VEGAS,CLARK,CLARK,664065.9077,4005148.421
NHP190601439,US95,,US95,OTHER,IR15NB TOGO US95SB RAMP,OTHER,2019-06-18T00:00:00.000,2015,RENO,CLARK,CLARK,665422.393199999,4004956.15069999
RPD20-22894,TERMINAL WAY,,TERMINAL WAY,VILLANOVA DR,,VILLANOVA DR,2020-12-31T00:00:00.000,1736,RENO,WASHOE,WASHOE,261173.2937,4376876.88299999
HP23-02518,SIENA HEIGHTS DR,,SIENA HEIGHTS DR,PANSY PL,,PANSY PL,2023-02-07T00:00:00.000,1514,HENDERSON,CLARK,CLARK,670616.424599999,3986609.15359999
LVM200500058041,S NELLIS BLVD,,S NELLIS BLVD,E SAHARA AVE,,E SAHARA AVE,2020-05-12T00:00:00.000,1314,LAS VEGAS,CLARK,CLARK,674047.358,4001797.58889999
LVM231200099994,W TROPICANA AVE,,W TROPICANA AVE,CAMERON ST,,CAMERON ST,2023-12-29T16:00:00.000,451,LAS VEGAS,CLARK,CLARK,661545.5218,3996629.26979999
LVM190200096431,N RANCHO DR,,N RANCHO DR,W LAKE MEAD BLVD,,W LAKE MEAD BLVD,2019-02-21T00:00:00.000,2037,LAS VEGAS,CLARK,CLARK,662195.003499999,4007556.7982
LVM220800072453,N LAMB BLVD,,N LAMB BLVD,OTHER,E CHARLESTON BLVD,SR159,2022-08-18T00:00:00.000,1036,LAS VEGAS,CLARK,CLARK,672688.2679,4003309.25789999
NHP220700855,CASINO CENTER BLVD,,CASINO CENTER BLVD,OTHER,N 4TH STREET,N 4TH ST,2022-07-13T00:00:00.000,913,LAS VEGAS,CLARK,CLARK,667158.995099999,4004956.37639999
RPD23-12169,CASAZZA DR,,CASAZZA DR,LOCUST ST,,LOCUST ST,2023-07-12T00:00:00.000,741,RENO,WASHOE,WASHOE,259221.724999999,4376835.75909999
LVM230500091627,S 4TH ST,,S 4TH ST,FREMONT ST,,FREMONT ST,2023-05-19T00:00:00.000,350,LAS VEGAS,CLARK,CLARK,667106.462299999,4004334.421
LVM210800098998,SPRING MOUNTAIN RD,,SPRING MOUNTAIN RD,WILMOT ST,,WILMOT ST,2021-08-23T00:00:00.000,1951,LAS VEGAS,CLARK,CLARK,661493.835799999,3999447.1018
LVM191000063374,N LAMB BLVD,,N LAMB BLVD,E LAKE MEAD BLVD,,E LAKE MEAD BLVD,2019-10-14T00:00:00.000,614,LAS VEGAS,CLARK,CLARK,672615.227099999,4007365.72839999
RPD20-837,TERMINAL WY,,TERMINAL WY,VILLANOVA DR,,VILLANOVA DR,2020-01-13T00:00:00.000,652,RENO,WASHOE,WASHOE,261174.280199999,4376907.3548
SPPD19-7702,PYRAMID WY,,PYRAMID WY,C ST,,C ST,2019-08-29T00:00:00.000,1928,,,,,
SPPD21-4861,PRATER WAY,,PRATER WAY,VICTORIAN AVE,,VICTORIAN AVE WESTBOUND,2021-06-12T00:00:00.000,337,SPARKS,WASHOE,WASHOE,261347.476999999,4379909.87969999
CCSO2022-1743,S SALIMAN RD,,S SALIMAN RD,DEPOT ST,,DEPOT ST,2022-03-21T00:00:00.000,2157,CARSON CITY,CARSON CITY,CARSON CITY,262286.230899999,4337932.04719999
LVM200900097261,S RAINBOW BLVD,,S RAINBOW BLVD,SPRING MOUNTAIN RD,,SPRING MOUNTAIN RD,2020-09-22T00:00:00.000,1003,,CLARK,CLARK,658112.112099999,3999322.70289999
LVM221100050078,E SAHARA AVE,,E SAHARA AVE,6TH ST,,6TH ST,2022-11-14T00:00:00.000,830,LAS VEGAS,CLARK,CLARK,666762.582899999,4001500.36419999
RPD23-11280,SAINT LAWRENCE AVE,,SAINT LAWRENCE AVE,TAHOE ST,,TAHOE ST,2023-06-28T00:00:00.000,1609,RENO,WASHOE,WASHOE,258411.758,4378034.2069
LVM220100000165,S JONES BLVD,,S JONES BLVD,W HARMON AVE,HARMON BLVD,W HARMON AVE,2022-01-01T00:00:00.000,22,LAS VEGAS,CLARK,CLARK,659770.3026,3997296.402
NHP220700070,IR15S,IR15,IR15S,SR592 TO IR15S INT38,IR15/FLAMINGO RD SB ON RAMP,SR592 TO IR15S INT38,2022-07-02T00:00:00.000,2328,LAS VEGAS,CLARK,CLARK,663737.200899999,3997678.4425
LVM210500081872,S LAMB BLVD,,S LAMB BLVD,E CHARLESTON BLVD,,E CHARLESTON BLVD,2021-05-18T00:00:00.000,739,LAS VEGAS,CLARK,CLARK,672684.174499999,4003172.7729
LVM190600085619,W WINDMILL LN,,W WINDMILL LN,S JONES BLVD,,S JONES BLVD,2019-06-18T00:00:00.000,1612,LAS VEGAS,CLARK,CLARK,659838.7559,3990075.39619999
LVM220100019714,E CHARLESTON BLVD,,SR159,OTHER,PECOS,PECOS RD,2022-01-05T00:00:00.000,1341,LAS VEGAS,CLARK,CLARK,670807.310999999,4003234.62739999
LVM231000045181,OTHER,BOULDER HWY,SR582S/BOULDER HWY,OTHER,E SAHARA AVE,E SAHARA AVE,2023-10-13T00:00:00.000,2148,LAS VEGAS,CLARK,CLARK,670826.855399999,4001734.30839999
SPPD20-4338,SULLIVAN LN,,SULLIVAN LN,OTHER,,OTHER,2020-06-21T00:00:00.000,1217,SPARKS,WASHOE,WASHOE,261872.3837,4381289.50889999
LVM190100079724,W TROPICANA AVE,,W TROPICANA AVE,S RAINBOW BLVD,,S RAINBOW BLVD,2019-01-17T00:00:00.000,1524,LAS VEGAS,CLARK,CLARK,658449.7,3996455.0424
LVM221100106573,PAWNEE DR,,PAWNEE DR,NAHATAN WAY,,NAHATAN WAY,2022-11-28T00:00:00.000,1743,LAS VEGAS,CLARK,CLARK,668416.0202,3999892.2333
NLPD2201280001681,E CHEYENNE AVE,,E CHEYENNE AVE,CIVIC CENTER DR,,CIVIC CENTER DR,2022-01-28T00:00:00.000,2038,NORTH LAS VEGAS,CLARK,CLARK,669000.3025,4009731.752
LVM210700105655,S NELLIS BLVD,,S NELLIS BLVD,E TWAIN AVE,,E TWAIN AVE,2021-07-23T00:00:00.000,2002,LAS VEGAS,CLARK,CLARK,674151.9127,3998901.11559999
NLPD1906090011839,W CAREY AVE,,W CAREY AVE,LEXINGTON ST,,LEXINGTON ST,2019-06-09T00:00:00.000,830,NORTH LAS VEGAS,CLARK,CLARK,665575.2251,4008042.00659999
LVM190300009171,S LAS VEGAS BLVD,,S LAS VEGAS BLVD,BELLAGIO DR,,BELLAGIO DR,2019-03-02T00:00:00.000,2159,LAS VEGAS,CLARK,CLARK,664441.904699999,3997836.42769999
LVM201200114557,W FLAMINGO RD,,W FLAMINGO RD,CALLE SAN REMO,,CALLE SAN REMO,2020-12-27T00:00:00.000,1741,LAS VEGAS,CLARK,CLARK,661617.4253,3998252.01459999
LVM220800046427,KAREN AVE,,KAREN AVE,LYNNWOOD ST,,N JOE W BROWN DR ALY,2022-08-12T00:00:00.000,134,LAS VEGAS,CLARK,CLARK,666465.2083,4001097.4647
LVM230600037395,S LAS VEGAS BLVD,,S LAS VEGAS BLVD,GARCES AVE,,GARCES AVE,2023-06-08T00:00:00.000,2057,LAS VEGAS,CLARK,CLARK,666833.207899999,4003537.66809999
NHP191200134,US95A,,US95A,FREMONT ST,,FREMONT ST,2019-12-02T00:00:00.000,1818,,LYON,LYON,309222.535799999,4386576.5346
NHP190500121,OTHER,N.IR215 EB/IR15 SB ON RAMP,OTHER,OTHER,N. IR215 EB,OTHER,2019-05-02T00:00:00.000,1343,RENO,CLARK,CLARK,674352.028599999,4016049.9995
NLPD2305270010724,LAKE MEAD BLVD,,LAKE MEAD BLVD,BRAND ST,,BRAND ST,2023-05-27T00:00:00.000,2109,NORTH LAS VEGAS,CLARK,CLARK,670447.7081,4007339.1016
LVM210200011965,N LAMB BLVD,,N LAMB BLVD,STEWART AVE,,STEWART AVE,2021-02-03T00:00:00.000,1754,LAS VEGAS,CLARK,CLARK,672648.1561,4004052.61879999
RPD19-8561,E 4TH ST,,E 4TH ST,N CENTER ST,,N CENTER ST,2019-05-05T00:00:00.000,1,RENO,,,258234.369699999,4379390.6125
RPD23-21740,S ARLINGTON AVE,,S ARLINGTON AVE,CALIFORNIA AVE,,CALIFORNIA AVE,2023-11-26T00:00:00.000,847,RENO,WASHOE,WASHOE,257835.5125,4378281.05289999
LVM191100128327,W CHARLESTON BLVD,,W CHARLESTON BLVD,MONTCLAIR ST,,MONTCLAIR ST,2019-11-27T00:00:00.000,1711,LAS VEGAS,CLARK,CLARK,661189.7991,4003081.7137
LVM230500038866,N LOS FELIZ ST,,N LOS FELIZ ST,E LAKE MEAD BLVD,,SR147E,2023-05-09T00:00:00.000,2249,,CLARK,CLARK,678235.672299999,4007723.73369999
RPD21-12249,S SIERRA ST,,S SIERRA ST,W COMMERCIAL ROW,,W COMMERCIAL ROW,2021-07-09T00:00:00.000,2324,RENO,WASHOE,WASHOE,,
LVM221000058358,E FLAMINGO RD,,SR592,BOULDER HWY,,SR582S,2022-10-15T00:00:00.000,1851,LAS VEGAS,CLARK,CLARK,673966.936999999,3998427.63749999
LVM200300101745,N LAS VEGAS BLVD,,N LAS VEGAS BLVD,E WASHINGTON AVE,,E WASHINGTON AVE,2020-03-22T00:00:00.000,1453,LAS VEGAS,CLARK,CLARK,667796.304399999,4005739.5587
LVM191200011332,CAMPBELL DR,,CAMPBELL DR,HASTINGS AVE,,HASTINGS AVE,2019-12-03T00:00:00.000,932,LAS VEGAS,CLARK,CLARK,663402.2525,4003276.34139999
NHP230500277,SUMMERLIN PKWY WB,,SUMMERLIN PKWY WB,ANASAZI DR,,ANASAZI DR,2023-05-04T00:00:00.000,2255,,CLARK,CLARK,650418.679999999,4006746.67029999
RPD19-13637,N SIERRA ST,,N SIERRA ST,ISLAND AVE,,ISLAND AVE,2019-07-12T00:00:00.000,1728,RENO,WASHOE,WASHOE,258134.337199999,4378789.2607
LVM200900115126,E FLAMINGO RD,,E FLAMINGO RD,TAMARUS ST,,TAMARUS ST,2020-09-26T00:00:00.000,1808,,CLARK,CLARK,668016.1123,3998273.79749999
HP19-30161,BURKHOLDER BLVD,,BURKHOLDER BLVD,N MAJOR AVE,,N MAJOR AVE,2019-11-14T00:00:00.000,725,HENDERSON,CLARK,CLARK,683161.5767,3990058.25689999
LVM190300003854,E SAHARA AVE,,E SAHARA AVE,S MARYLAND PKWY,,S MARYLAND PKWY,2019-03-01T00:00:00.000,1859,LAS VEGAS,CLARK,CLARK,667609.654299999,4001554.19109999
LVM220200021850,N LAS VEGAS BLVD,,LAS VEGAS BLVD,PABCO RD,,PABCO RD,2022-02-06T00:00:00.000,408,LAS VEGAS,CLARK,CLARK,687681.747,4025250.58269999
LVM230800102750,E TROPICANA AVE,,SR593,MORRIS ST,,MORRIS ST,2023-08-29T00:00:00.000,1606,LAS VEGAS,CLARK,CLARK,674685.478,3996821.77559999
HP22-17138,E PEBBLE RD,,E PEBBLE RD,N PECOS RD,,PECOS RD,2022-09-02T00:00:00.000,640,HENDERSON,CLARK,CLARK,671149.9994,3988700.8428
CLSD22030914,RASSLER AVE,,RASSLER AVE,N CRESTLINE DR,,N CRESTLINE DR,2022-03-17T00:00:00.000,849,LAS VEGAS,CLARK,CLARK,658938.757199999,4005209.8011
HP20-05213,ESCONDIDO TER,,ESCONDIDO TER,VALLE VERDE DR,,VALLE VERDE DR,2020-03-12T00:00:00.000,2030,HENDERSON,CLARK,CLARK,673854.190999999,3991063.72079999
LVM230600028121,S LAS VEGAS BLVD,,W HARMON AVE,W HARMON AVE,,S LAS VEGAS BLVD,2023-06-06T00:00:00.000,2304,LAS VEGAS,CLARK,CLARK,664266.864199999,3997606.35309999
LVM190100106701,S LAS VEGAS BLVD,,S LAS VEGAS BLVD,PARIS DR,,PARIS DR,2019-01-23T00:00:00.000,935,LAS VEGAS,CLARK,CLARK,664442.327499999,3997816.92009999
LVM231100071315,S LAS VEGAS BLVD,,S LAS VEGAS BLVD,W FLAMINGO RD,,W FLAMINGO RD,2023-11-19T16:00:00.000,1135,LAS VEGAS,CLARK,CLARK,664447.083399999,3998217.971
LVM220500037845,S SANDHILL RD,,S SANDHILL RD,ROSECREST CIR,,ROSECREST CIR,2022-05-10T00:00:00.000,736,LAS VEGAS,CLARK,CLARK,671742.169599999,3998077.1436
NLPD1905090009693,W CRAIG RD,,W CRAIG RD,N DECATUR BLVD,,N DECATUR BLVD,2019-05-09T00:00:00.000,2035,NORTH LAS VEGAS,CLARK,CLARK,661065.358199999,4011921.6063
LVM200400075501,W FLAMINGO RD,,W FLAMINGO RD,S EL CAPITAN WAY,,S EL CAPITAN WAY,2020-04-16T00:00:00.000,1024,LAS VEGAS,CLARK,CLARK,654046.1682,3998052.2652
LVM200700070968,E FLAMINGO RD,,E FLAMINGO RD,KOVAL LN,,KOVAL LN,2020-07-16T00:00:00.000,2103,LAS VEGAS,CLARK,CLARK,665241.3896,3998207.5767
DCSO23SO18504,US50E,,US50E,LAKE PKWY,,LAKE PKWY,2023-07-29T00:00:00.000,56,STATELINE,DOUGLAS,DOUGLAS,245098.1045,4316417.6509
LVM211200104094,E BONANZA RD,,E BONANZA RD,N 28TH ST,28TH,N 28TH ST,2021-12-26T00:00:00.000,1428,LAS VEGAS,CLARK,CLARK,669818.915199999,4004876.1039
NLPD2305310010981,CAMINO AL NORTE,,CAMINO AL NORTE,W CRAIG RD,,W CRAIG RD,2023-05-31T00:00:00.000,901,NORTH LAS VEGAS,CLARK,CLARK,665164.3391,4012185.4622
LVM221100028978,E FLAMINGO RD,,E FLAMINGO RD,OTHER,S TAMARUS ST,OTHER,2022-11-08T00:00:00.000,1551,LAS VEGAS,CLARK,CLARK,668061.8622,3998274.6179
LVM190600027119,SOUTHERN HIGHLANDS PKWY,,SOUTHERN HIGHLANDS PKWY,DEAN MARTIN DR,,DEAN MARTIN DR,2019-06-06T00:00:00.000,1730,LAS VEGAS,CLARK,CLARK,663628.6676,3983041.88639999
RPD19-21626,KEYSTONE AVE,,KEYSTONE AVE,W 2ND ST,,W 2ND ST,2019-10-28T00:00:00.000,1031,RENO,WASHOE,WASHOE,257113.703399999,4378801.61759999
LVM200300011302,W SAHARA AVE,,W SAHARA AVE,S FORT APACHE RD,,S FORT APACHE RD,2020-03-03T00:00:00.000,1311,LAS VEGAS,CLARK,CLARK,653159.898599999,4001307.82499999
CLSD23019478,W GOWAN RD,,W GOWAN RD,N CIMARRON RD,,N CIMARRON RD,2023-02-15T00:00:00.000,1425,LAS VEGAS,CLARK,CLARK,655504.2598,4010395.9217
LVM221200108479,DEAN MARTIN DR,,DEAN MARTIN DR,W TROPICANA AVE,,W TROPICANA AVE,2022-12-28T00:00:00.000,1032,,CLARK,CLARK,663559.033999999,3996633.186
LVM200600081462,S MOJAVE RD,,S MOJAVE RD,FREMONT ST,,FREMONT ST,2020-06-20T00:00:00.000,2047,LAS VEGAS,CLARK,CLARK,670434.4807,4002374.82699999
NLPD190422008277,N COMMERCE ST,,N COMMERCE ST,W ANN RD,,W ANN RD,2019-04-22T00:00:00.000,755,NORTH LAS VEGAS,CLARK,CLARK,666736.7061,4014559.18789999
CLSD19-011460,SEARLES AVE,,SEARLES AVE,N 21ST ST,,N 21ST ST,2019-01-31T00:00:00.000,747,,CLARK,CLARK,669001.099499999,4006086.9065
LVM190400014055,VEGAS VALLEY DR,,VEGAS VALLEY DR,MOUNTAIN VISTA ST,,MOUNTAIN VISTA ST,2019-04-03T00:00:00.000,1836,LAS VEGAS,CLARK,CLARK,673277.014299999,4000856.3958
LVM201000106455,E SAHARA AVE,,E SAHARA AVE,GLEN AVE,,GLEN AVE,2020-10-25T00:00:00.000,21,,CLARK,CLARK,670700.141699999,4001680.65279999
LVM220100071849,CABANA DR,,CABANA DR,VEGAS VALLEY DR,,VEGAS VALLEY DR,2022-01-18T00:00:00.000,2211,LAS VEGAS,CLARK,CLARK,674888.8547,4000807.0622
LVM220100094955,ALTA DR,,ALTA DR,S RAINBOW BLVD,RAINBOW,S RAINBOW BLVD,2022-01-24T00:00:00.000,1428,LAS VEGAS,CLARK,CLARK,667233.6151,4004317.96619999
NLPD2107250012593,E LAKE MEAD BLVD,,E LAKE MEAD BLVD,N LAS VEGAS BLVD,,N LAS VEGAS BLVD,2021-07-25T00:00:00.000,1753,NORTH LAS VEGAS,CLARK,CLARK,668218.173,4007285.9341
CCSO21-4495,N VALLEY ST,,N VALLEY ST,E WILLIAM ST,,E WILLIAM ST,2021-07-05T00:00:00.000,2110,,CARSON CITY,CARSON CITY,261249.5546,4339273.21189999
LVM230800061987,S MARYLAND PKWY,,S MARYLAND PKWY,TROPICANA AVE,,TROPICANA AVE,2023-08-17T00:00:00.000,2025,LAS VEGAS,CLARK,CLARK,667711.768,3996749.948
LVM230500086661,PENDRAGON CIR,,PENDRAGON CIR,CAPTAINS HILL RD,,CAPTAINS HILL RD,2023-05-18T00:00:00.000,725,LAS VEGAS,CLARK,CLARK,655096.074,4003617.18649999
LVM211100011237,N TEE PEE LN,,N TEE PEE LN,W DEER SPRINGS WAY,,W DEER SPRINGS WAY,2021-11-03T00:00:00.000,1528,LAS VEGAS,CLARK,CLARK,652552.376899999,4016853.6409
LVM191100026536,E TROPICANA AVE,,E TROPICANA AVE,STEPHANIE ST,,STEPHANIE ST,2019-11-06T00:00:00.000,1516,LAS VEGAS,CLARK,CLARK,676118.4071,3996862.02459999
HP22-18424,SUNSET RD,,SUNSET RD,STEPHANIE,,STEPHANIE,2022-09-20T00:00:00.000,1728,HENDERSON,CLARK,CLARK,,
NHP200101317,OTHER,SR604,OTHER,OTHER,MM 15 CL,OTHER,2020-01-17T00:00:00.000,2037,,CLARK,CLARK,664659.9944,3980411.49
RPD21-21133,WEDEKIND RD,,WEDEKIND RD,SUTRO ST,,SUTRO ST,2021-11-09T00:00:00.000,1530,RENO,WASHOE,WASHOE,259524.426199999,4381283.84589999
LVM190600086292,N JONES BLVD,,N JONES BLVD,W LAKE MEAD BLVD,,W LAKE MEAD BLVD,2019-06-18T00:00:00.000,1836,LAS VEGAS,CLARK,CLARK,659686.819299999,4007121.7379
LVM210100058592,E CHARLESTON BLVD,,CHARLESTON BLVD,JUNE AVE,,JUNE AVE,2021-01-13T00:00:00.000,1624,LAS VEGAS,CLARK,CLARK,670962.129599999,4003237.5226
RPD19-6094,NEIL RD,,NEIL RD,IR580 S,,IR580 S,2019-03-29T00:00:00.000,1849,RENO,WASHOE,WASHOE,260225.156299999,4372392.0
HP23-08540,W CYPRESS DR,,W CYPRESS DR,MOUNTAIN VIEW RD,,MOUNTAIN VIEW RD,2023-05-07T00:00:00.000,1954,HENDERSON,CLARK,CLARK,680916.9252,3988212.95639999
LVM221100021118,ARVILLE ST,,ARVILLE ST,TWAIN AVE,,TWAIN AVE,2022-11-06T00:00:00.000,1233,LAS VEGAS,CLARK,CLARK,662056.675599999,3999055.0285
LVM190100064013,TARA AVE,,TARA AVE,S VALLEY VIEW BLVD,,S VALLEY VIEW BLVD,2019-01-14T00:00:00.000,1013,LAS VEGAS,CLARK,CLARK,662689.656899999,4000892.78419999
LVM210500007426,S DECATUR BLVD,,S DECATUR BLVD,PALMYRA AVE,,PALMYRA AVE,2021-05-02T00:00:00.000,1534,LAS VEGAS,CLARK,CLARK,661236.345999999,4000254.38959999
NHP210300907,SR28,,SR28,NORTHWOOD BLVD,,NORTHWOOD BLVD,2021-03-14T00:00:00.000,1717,,WASHOE,WASHOE,244412.475599999,4348742.09919999
NHP190302126,OTHER,IR15,OTHER,OTHER,SPRING MOUNTAIN NORTHBOUND ON RAMP,OTHER,2019-03-28T00:00:00.000,110,,CLARK,CLARK,663736.019199999,3999817.2728
LVM190100020530,E BONANZA RD,,E BONANZA RD,WARDELLE ST,,WARDELLE ST,2019-01-04T00:00:00.000,2225,LAS VEGAS,CLARK,CLARK,670021.8009,4004874.5614
RPD22-4875,E 4TH ST,,E 4TH ST,N CENTER ST,,N CENTER ST,2022-03-13T00:00:00.000,320,RENO,WASHOE,WASHOE,258234.369699999,4379390.6125
LVM190900012339,STANLEY AVE,,STANLEY AVE,MARION DR,,MARION DR,2019-09-03T00:00:00.000,1344,LAS VEGAS,CLARK,CLARK,673602.075299999,4006795.3187
LVM210100095298,VEGAS DR,,VEGAS DR,CREST HAVEN AVE,,CREST HAVEN AVE,2021-01-21T00:00:00.000,1850,LAS VEGAS,CLARK,CLARK,659938.012099999,4006310.9438
RPD21-20689,N VIRGINIA ST,,N VIRGINIA ST,W 7TH ST,,W 7TH ST,2021-11-03T00:00:00.000,725,RENO,WASHOE,WASHOE,258029.1741,4379797.81929999
SPPD19-2238,ROCK BL,,ROCK BL,ODDIE BL,,ODDIE BL,2019-03-12T00:00:00.000,1832,SPARKS,WASHOE,WASHOE,262664.131699999,4380953.4591
LVM230100106098,SPRING MOUNTAIN RD,,SPRING MOUNTAIN RD,S DURANGO DR,,S DURANGO DR,2023-01-27T00:00:00.000,522,LAS VEGAS,CLARK,CLARK,654852.540599999,3999283.94449999
LVM210800075082,VEGAS VALLEY DR,,VEGAS VALLEY DR,JUNIPER HILLS BLVD,,JUNIPER HILLS BLVD,2021-08-18T00:00:00.000,1125,,CLARK,CLARK,674512.612499999,4000891.9483
LVM220900054027,OTHER,POCHMAN MESA ST,OTHER,OTHER,ENCANTERRA RD,OTHER,2022-09-13T00:00:00.000,2317,LAS VEGAS,CLARK,CLARK,,
HP22-11486,TAYLOR ST,,TAYLOR ST,SAGUARO ST,,SAGUARO ST,2022-06-13T00:00:00.000,2335,HENDERSON,CLARK,CLARK,681964.6144,3990452.8056
NLPD1911070022388,N COMMERCE ST,,N COMMERCE ST,W CAREY AVE,,W CAREY AVE,2019-11-07T00:00:00.000,814,NORTH LAS VEGAS,CLARK,CLARK,666957.477199999,4008071.08779999
LVM210800042034,E SAHARA AVE,,E SAHARA AVE,VAN PATTEN ST,,VAN PATTEN ST,2021-08-10T00:00:00.000,2143,LAS VEGAS,CLARK,CLARK,666578.207799999,4001488.9823
LVM190100044433,W BONANZA RD,,W BONANZA RD,D ST,,D ST,2019-01-09T00:00:00.000,2310,LAS VEGAS,CLARK,CLARK,666654.614299999,4005205.18869999
LVM230300078847,N NELLIS BLVD,,SR612,OTHER,CEDAR,CEDAR AVE,2023-03-18T00:00:00.000,1922,LAS VEGAS,CLARK,CLARK,674291.226099999,4004530.7496
LVM231000089977,OTHER,E LAKE MEAD BLVD,E LAKE MEAD BLVD,OTHER,N CHRISTY LN,N CHRISTY LN,2023-10-26T00:00:00.000,1837,LAS VEGAS,CLARK,CLARK,675080.5635,4007471.6245
CCSO20-2224,WOODSIDE DR,,WOODSIDE DR,DESATOYA DR,,DESATOYA DR,2020-04-22T00:00:00.000,1415,,CARSON CITY,CARSON CITY,264551.728699999,4339091.5445
RPD22-14927,E 1ST ST,,E 1ST ST,LOVERS LN,,LOVERS LN,2022-08-11T00:00:00.000,1036,RENO,WASHOE,WASHOE,258386.255499999,4378956.4855
LVM191000143394,OTHER,TEXAS STATION,OTHER,OTHER,HUSSIUM HILLS ST,OTHER,2019-10-30T00:00:00.000,1933,LAS VEGAS,CLARK,CLARK,662169.325299999,4007410.0972
NHP211101463,OTHER,SR604,OTHER,OTHER,HOLLYWOOD BLVD,OTHER,2021-11-19T00:00:00.000,2210,LAS VEGAS,CLARK,CLARK,,
LVM230700037053,SPRING MOUNTAIN RD,,SPRING MOUNTAIN RD,EDMOND ST,,EDMOND ST,2023-07-08T00:00:00.000,2345,LAS VEGAS,CLARK,CLARK,660876.803399999,3999411.05599999
LVM210600012645,N NELLIS BLVD,,N NELLIS BLVD,CEDAR AVE,,CEDAR AVE,2021-06-03T00:00:00.000,1713,LAS VEGAS,CLARK,CLARK,674289.8902,4004577.36559999
LVM230900048250,W BELL DR,,W BELL DR,SCHUSTER ST,,SCHUSTER ST,2023-09-14T00:00:00.000,1051,LAS VEGAS,CLARK,CLARK,662665.0733,3996450.5613
NLPD2004040006119,N LAS VEGAS BLVD,,N LAS VEGAS BLVD,CIVIC CENTER DR,,CIVIC CENTER DR,2020-04-04T00:00:00.000,1821,NORTH LAS VEGAS,CLARK,CLARK,668999.830599999,4007980.81059999
LVM230400001014,S LAMB BLVD,,S LAMB BLVD,KAREN AVE,,KAREN AVE,2023-04-01T00:00:00.000,807,LAS VEGAS,CLARK,CLARK,672483.975899999,4001251.3166
NLPD1912090025431,E CAREY AVE,,E CAREY AVE,DALEY ST,,DALEY ST,2019-12-09T00:00:00.000,407,NORTH LAS VEGAS,CLARK,CLARK,669589.4057,4008133.62179999
CLSD19-019024,S 11TH ST,,S 11TH ST,CANOSA AVE,,CANOSA AVE,2019-02-19T00:00:00.000,730,,CLARK,CLARK,667515.0986,4002123.61199999
LVM190900142696,PINELAKE RD,,PINELAKE RD,WESTMONT ST,,WESTMONT ST,2019-09-30T00:00:00.000,654,LAS VEGAS,CLARK,CLARK,657112.407599999,4003917.94989999
RPD20-101369,N SIERRA ST,,N SIERRA ST,W 8TH ST,,W 8TH ST,2020-01-23T00:00:00.000,558,RENO,WASHOE,WASHOE,257882.156299999,4379912.5
LVM220200109395,SANDS AVE,,SANDS AVE,WYNN SOUTH GATE DR,,WYNN SOUTH GATE DR,2022-02-26T00:00:00.000,1933,LAS VEGAS,CLARK,CLARK,664955.2275,3999331.23249999
HP22-14309,BOULDER HWY,,BOULDER HWY,N WATER ST,,N WATER ST,2022-07-24T00:00:00.000,527,HENDERSON,CLARK,CLARK,,
LVM210200014144,N LAMB BLVD,,N LAMB BLVD,E CHARLESTON BLVD,,E CHARLESTON BLVD,2021-02-04T00:00:00.000,723,LAS VEGAS,CLARK,CLARK,672689.828599999,4003281.2596
LVM231200028451,OTHER,BOULDER HWY,BOULDER HWY,OTHER,LAMB BLVD,LAMB BLVD,2023-12-09T00:00:00.000,1116,,CLARK,CLARK,672429.294499999,4000093.9635
LVM221000002730,FRANK SINATRA DR,,FRANK SINATRA DR,W RENO AVE,,W RENO AVE,2022-10-01T00:00:00.000,1745,LAS VEGAS,CLARK,CLARK,663856.6365,3996509.5368
LVM190400145311,PARADISE RD,,PARADISE RD,E TROPICANA AVE,,E TROPICANA AVE,2019-04-30T00:00:00.000,2238,LAS VEGAS,CLARK,CLARK,666570.6716,3996659.99249999
LVM191100043377,COMSTOCK DR,,COMSTOCK DR,W WASHINGTON AVE,,W WASHINGTON AVE,2019-11-10T00:00:00.000,29,LAS VEGAS,CLARK,CLARK,664976.4082,4005579.20289999
NHP201200774,OTHER,US95,OTHER,OTHER,MILE MARKER 17,OTHER,2020-12-12T00:00:00.000,1750,,NYE,NYE,573285.6494,4047810.35349999
LVM191100104140,W CHARLESTON BLVD,,W CHARLESTON BLVD,HINSON ST,,HINSON ST,2019-11-22T00:00:00.000,1857,LAS VEGAS,CLARK,CLARK,662279.108099999,4003093.74919999
NLPD1910180021096,CAMINO AL NORTE,,CAMINO AL NORTE,W ANN RD,,W ANN RD,2019-10-18T00:00:00.000,1844,NORTH LAS VEGAS,CLARK,CLARK,665670.5504,4014423.66809999
LVM190500042077,N DURANGO DR,,N DURANGO DR,W CHEYENNE AVE,,W CHEYENNE AVE,2019-05-09T00:00:00.000,1344,LAS VEGAS,CLARK,CLARK,654702.3376,4009722.51249999
LVM191200094020,S NELLIS BLVD,,S NELLIS BLVD,VISTA FLORA WAY,,VISTA FLORA WAY,2019-12-20T00:00:00.000,1717,LAS VEGAS,CLARK,CLARK,674106.845399999,3999717.04749999
NLPD1905300011110,MCDANIEL ST,,MCDANIEL ST,E LAKE MEAD BLVD,,E LAKE MEAD BLVD,2019-05-30T00:00:00.000,934,NORTH LAS VEGAS,CLARK,CLARK,668967.4927,4007304.06149999
LVM210800066342,S VALLEY VIEW BLVD,,S VALLEY VIEW BLVD,EL CONLON AVE,,EL CONLON AVE,2021-08-16T00:00:00.000,1253,LAS VEGAS,CLARK,CLARK,662779.370699999,4001293.1502
LVM190400059442,FREMONT ST,,FREMONT ST,E ST LOUIS AVE,,E ST LOUIS AVE,2019-04-12T00:00:00.000,2043,LAS VEGAS,CLARK,CLARK,670515.3096,4002104.71629999
NLPD2101120000740,BELMONT ST,,BELMONT ST,E LAKE MEAD BLVD,,E LAKE MEAD BLVD,2021-01-12T00:00:00.000,1800,NORTH LAS VEGAS,CLARK,CLARK,670211.0443,4007337.36449999
LVM210900129376,W RENO AVE,W RENO,W RENO AVE,BRIAR MEADOW WAY,,BRIAR MEADOW WAY,2021-09-30T00:00:00.000,1629,LAS VEGAS,CLARK,CLARK,660644.490799999,3996162.6512
SPPD19-325,E PRATER WY,,E PRATER WY,N MCCARRAN BL,,N MCCARRAN BL,2019-01-11T00:00:00.000,2109,SPARKS,WASHOE,WASHOE,265091.406,4380479.5434
LVM191100060313,S VALLEY VIEW BLVD,,S VALLEY VIEW BLVD,W CHARLESTON BLVD,,W CHARLESTON BLVD,2019-11-13T00:00:00.000,1705,LAS VEGAS,CLARK,CLARK,662588.1226,4003139.46189999
RPD19-5521,E 4TH ST,,E 4TH ST,LAKE ST,,LAKE ST,2019-03-21T00:00:00.000,2045,RENO,WASHOE,WASHOE,258348.2783,4379413.78089999
DCSO19SO22531,SUNRISE PASS RD,,SUNRISE PASS RD,OTHER,NYE DRIVE,OTHER,2019-08-01T00:00:00.000,1735,,,,265609.225599999,4323235.8344
LVM210600057889,W BONNEVILLE AVE,,W BONNEVILLE AVE,S GRAND CENTRAL PKWY,,S GRAND CENTRAL PKWY,2021-06-13T00:00:00.000,412,LAS VEGAS,CLARK,CLARK,666098.2618,4004040.9714
RPD22-17283,SOUTH MEADOWS PKWY,,SOUTH MEADOWS PKWY WB,DOUBLE R BLVD,,DOUBLE R BLVD,2022-09-14T00:00:00.000,2156,RENO,WASHOE,WASHOE,262693.4011,4369133.8889
NLPD1908080016215,PRODUCTION CT,,PRODUCTION CT,E CRAIG RD,,E CRAIG RD,2019-07-31T00:00:00.000,1100,NORTH LAS VEGAS,CLARK,CLARK,671195.9312,4012251.11189999
HP19-32880,ACC W LAKE MEAD PKWY,,ACC W LAKE MEAD PKWY,W VAN WAGENEN ST,,W VAN WAGENEN ST,2019-12-23T00:00:00.000,433,HENDERSON,CLARK,CLARK,680131.626199999,3989702.54389999
NHP200800059,PYRAMID WAY,SR445 NB,PYRAMID WAY,SHOPPERS WAY,DISC DRIVE,SHOPPERS WAY,2020-08-01T00:00:00.000,2149,SPARKS,WASHOE,WASHOE,264331.0738,4384898.71509999
LVM200900007102,E DESERT INN RD,,E DESERT INN RD,MCLEOD DR,,MCLEOD DR,2020-09-02T00:00:00.000,1534,,CLARK,CLARK,670002.6687,3999995.2486
SPPD21-5818,SPICE ISLANDS DR,,SPICE ISLANDS DR,PURINA WAY,,PURINA WAY,2021-07-11T00:00:00.000,43,SPARKS,,,265779.7092,4377646.2034
HP19-20754,W HORIZON RIDGE PKWY,,W HORIZON RIDGE PKWY,CARDELINA LN,,CARDELINA LN,2019-09-18T00:00:00.000,730,HENDERSON,CLARK,CLARK,670735.180399999,3985474.04409999
RPD23-18645,DOUBLE R BLVD,,DOUBLE R BLVD SOUTHBOUND,MAESTRO DR,,MAESTRO DR,2023-10-11T00:00:00.000,1716,RENO,WASHOE,WASHOE,262128.077399999,4371711.97599999
LVM221100036781,VEGAS VALLEY DR,,VEGAS VALLEY DR,NELLIS BLVD,,NELLIS BLVD,2022-11-10T00:00:00.000,1716,LAS VEGAS,CLARK,CLARK,673919.602699999,4000869.03079999
NLPD21102100018223,E CRAIG RD,,E CRAIG RD,LOSEE RD,,LOSEE RD,2021-10-21T00:00:00.000,1613,NORTH LAS VEGAS,CLARK,CLARK,669229.4067,4012195.47259999
LVM210400126785,S EASTERN AVE,,S EASTERN AVE,WENGERT AVE,,WENGERT AVE,2021-04-28T00:00:00.000,1623,LAS VEGAS,CLARK,CLARK,669221.512,4002719.88159999
LVM231100076263,N EASTERN AVE,,STEWART AVE,STEWART AVE,,EASTERN AVE,2023-11-21T00:00:00.000,1847,LAS VEGAS,CLARK,CLARK,669512.601099999,4004067.22599999
LVM200400135981,N RAINBOW BLVD,,N RAINBOW BLVD,LIGHT BREEZE DR,,LIGHT BREEZE DR,2020-04-28T00:00:00.000,1254,LAS VEGAS,CLARK,CLARK,657995.451399999,4009272.8837
HP23-25549,S ARROYO GRANDE BLVD,,S ARROYO GRANDE BLVD,PASEO VERDE PKWY,,PASEO VERDE PKWY,2023-12-27T00:00:00.000,1408,HENDERSON,CLARK,CLARK,675146.4681,3988607.24589999
LVM190100033293,W SAHARA AVE,,W SAHARA AVE,S VALLEY VIEW BLVD,,S VALLEY VIEW BLVD,2019-01-07T00:00:00.000,1854,LAS VEGAS,CLARK,CLARK,663050.563,4001485.25909999
LVM191100050873,S VALLEY VIEW BLVD,,S VALLEY VIEW BLVD,EL CAMINO AVE,,EL CAMINO AVE,2019-11-11T00:00:00.000,1709,LAS VEGAS,CLARK,CLARK,662767.0569,4001701.3749
NHP211100015,SR88,,SR88,COUNTY RD,,COUNTY RD,2021-11-01T00:00:00.000,709,,DOUGLAS,DOUGLAS,259160.8256,4315547.5118
NHP201002109,OTHER,IR15 NORTHBOUND,OTHER,OTHER,MILE MARKER 4,OTHER,2020-10-30T00:00:00.000,1903,,CLARK,CLARK,646745.973699999,3948375.457
RPD20-1916,S WELLS AVE,,S WELLS AVE,WILLOW ST,,WILLOW ST,2020-01-29T00:00:00.000,1735,RENO,WASHOE,WASHOE,259067.3799,4378746.60319999
LVM210800097223,S DURANGO DR,,S DURANGO DR,W ROBINDALE RD,,W ROBINDALE RD,2021-08-23T00:00:00.000,1037,LAS VEGAS,CLARK,CLARK,655009.8569,3990864.77639999
LVM190200115923,W LAKE MEAD BLVD,,W LAKE MEAD BLVD,SAN SIMEON ST,,SAN SIMEON ST,2019-02-25T00:00:00.000,2157,LAS VEGAS,CLARK,CLARK,659467.659199999,4007120.54749999
HP21-22270,WHITNEY RANCH DR,,WHITNEY RANCH DR,W SUNSET RD,,W SUNSET RD,2021-11-29T00:00:00.000,717,HENDERSON,CLARK,CLARK,675379.021399999,3992767.57159999
RPD21-20613,E GROVE ST,,E GROVE ST,KIETZKE LN,,KIETZKE LN,2021-10-30T00:00:00.000,1715,RENO,WASHOE,WASHOE,260190.281999999,4376071.7178
LVM211200097678,OTHER,S UNIVERSITY CENTER DR,OTHER,OTHER,FLAMINGO RD,OTHER,2021-12-24T00:00:00.000,1722,LAS VEGAS,CLARK,CLARK,666830.196499999,3998486.08259999
NLPD2204010005908,W CHEYENNE AVE,,W CHEYENNE AVE,N DECATUR BLVD,,N DECATUR BLVD,2022-04-01T00:00:00.000,1909,NORTH LAS VEGAS,CLARK,CLARK,,
LVM210800061196,N LAS VEGAS BLVD,,N LAS VEGAS BLVD,N LAMB BLVD,,N LAMB BLVD,2021-08-15T00:00:00.000,301,LAS VEGAS,CLARK,CLARK,672290.3918,4010459.13319999
RPD22-2746,E 2ND ST,,E 2ND ST,GLENDALE AVE,,GLENDALE AVE,2022-02-11T00:00:00.000,1612,RENO,WASHOE,WASHOE,260172.5213,4379032.535
NLPD1908100016333,N MARTIN L KING BLVD,,N MARTIN L KING BLVD,W CRAIG RD,,W CRAIG RD,2019-08-10T00:00:00.000,1127,NORTH LAS VEGAS,CLARK,CLARK,665167.292999999,4011841.01669999
RPD20-5970,N MADDUX DR,,N MADDUX DR,CENTENNIAL WAY,,CENTENNIAL WAY,2020-04-01T00:00:00.000,749,RENO,WASHOE,WASHOE,259349.814299999,4381422.9744
LVM191200091148,E BONANZA RD,,E BONANZA RD,N CASINO CENTER BLVD,,N CASINO CENTER BLVD,2019-12-20T00:00:00.000,146,LAS VEGAS,CLARK,CLARK,667352.423399999,4005049.3035
LVM230900028236,COOL VALLEY DR,,COOL VALLEY DR,HUBBARD ST,,HUBBARD ST,2023-09-08T00:00:00.000,1825,LAS VEGAS,CLARK,CLARK,672884.994599999,4005151.99789999
NLPD191111022640,E OWENS AVE,,E OWENS AVE,N LAS VEGAS BLVD,,N LAS VEGAS BLVD,2019-11-11T00:00:00.000,727,NORTH LAS VEGAS,CLARK,CLARK,667784.677299999,4006462.6795
LVM230100095891,S MARYLAND PKWY,,S MARYLAND PKWY,E CARSON AVE,,E CARSON AVE,2023-01-24T00:00:00.000,1657,LAS VEGAS,CLARK,CLARK,667910.8189,4003863.9359
LVM191100109258,E LAKE MEAD BLVD,,E LAKE MEAD BLVD,TOIYABE ST,,TOIYABE ST,2019-11-23T00:00:00.000,2039,LAS VEGAS,CLARK,CLARK,675959.899799999,4007483.97589999
NLPD2002040002315,E LAKE MEAD BLVD,,E LAKE MEAD BLVD,ELLIS ST,,ELLIS ST,2020-02-04T00:00:00.000,133,NORTH LAS VEGAS,CLARK,CLARK,670020.781299999,4007331.96609999
HP22-09552,COLLEGE DR,,COLLEGE DR,BOULDER HWY,,BOULDER HWY SB,2022-05-16T00:00:00.000,2357,HENDERSON,CLARK,CLARK,683574.596699999,3988113.5622
NHP220400829,S RAINBOW BLVD,RAINBOW BLVD NB,S RAINBOW BLVD,CC215 W,CC215 WB,CC215 W,2022-04-12T00:00:00.000,833,LAS VEGAS,CLARK,CLARK,,
LVM220800049316,E OGDEN AVE,,E OGDEN AVE,8TH ST,,N 8TH ST,2022-08-12T00:00:00.000,1838,LAS VEGAS,CLARK,CLARK,667575.1003,4004310.12419999
LVM220800016879,W FLAMINGO RD,,SR592,OTHER,ARVILLE,ARVILLE ST,2022-08-04T00:00:00.000,2233,LAS VEGAS,CLARK,CLARK,662056.5617,3998263.2826
SPPD19-891,E GREENBRAE DR,,E GREENBRAE DR,OCALLAGHAN DR,,OCALLAGHAN DR,2019-01-29T00:00:00.000,634,SPARKS,WASHOE,WASHOE,265564.3853,4380919.61639999
LVM230300013318,W CHEYENNE AVE,,W CHEYENNE AVE,TENAYA WAY,,N TENAYA WAY,2023-03-04T00:00:00.000,447,LAS VEGAS,CLARK,CLARK,657175.144299999,4009569.2342
LVM230200002327,OTHER,W CHARLESTON BLVD,W CHARLESTON BLVD,OTHER,S JONES BLVD,SR596,2023-02-01T00:00:00.000,1425,LAS VEGAS,CLARK,CLARK,659739.0279,4003065.21099999
LVM230600074462,W WARM SPRINGS RD,,W WARM SPRINGS RD,S TORREY PINES DR,,S TORREY PINES DR,2023-06-16T00:00:00.000,1631,LAS VEGAS,CLARK,CLARK,658937.512699999,3991610.96289999
LVM220700016212,TRADING POST LN,,TRADING POST LN,ROCK SPRINGS DR,,ROCK SPRINGS DR,2022-07-04T00:00:00.000,2214,LAS VEGAS,CLARK,CLARK,657675.766599999,4005355.94229999
NLPD2108150013930,N MARTIN L KING BLVD,,N MARTIN L KING BLVD,W CRAIG RD,,W CRAIG RD,2021-08-15T00:00:00.000,2227,NORTH LAS VEGAS,,,665167.552199999,4011825.83689999
LVM231200083025,W WASHINGTON AVE,,W WASHINGTON AVE,BAKER AVE,,BAKER AVE,2023-12-25T00:00:00.000,1049,LAS VEGAS,CLARK,CLARK,663093.416699999,4005570.7957
LVM220300008502,W FLAMINGO RD,,SR592,S JONES BLVD,S JONES BLVD,S JONES BLVD,2022-03-02T00:00:00.000,2109,LAS VEGAS,CLARK,CLARK,659761.6875,3998107.75
LVM200800000287,E LAKE MEAD BLVD,,E LAKE MEAD BLVD,LINCOLN RD,,LINCOLN RD,2020-08-01T00:00:00.000,113,LAS VEGAS,CLARK,CLARK,672226.316399999,4007349.8943
LVM230400034985,W OAKEY BLVD,,W OAKEY BLVD,REDWOOD ST,,REDWOOD ST,2023-04-08T00:00:00.000,1756,LAS VEGAS,CLARK,CLARK,658445.624499999,4002212.1129
HP21-00880,S GREEN VALLEY PKWY,,S GREEN VALLEY PKWY,PASEO VERDE PKWY,,PASEO VERDE PKWY,2021-01-16T00:00:00.000,1258,HENDERSON,CLARK,CLARK,672606.018299999,3988206.28119999
RPD19-20024,N VIRGINIA ST,,N VIRGINIA ST,E 2ND ST,,E 2ND ST,2019-10-05T00:00:00.000,48,RENO,WASHOE,WASHOE,258191.631,4379031.4778
LVM210300130857,WINDSOR RIDGE AVE,,WINDSOR RIDGE AVE,TIERNEY CREEK DR,,TIERNEY CREEK DR,2021-03-28T00:00:00.000,1632,LAS VEGAS,CLARK,CLARK,665996.4769,3983081.5285
LVM210100037645,W LAKE MEAD BLVD,,W LAKE MEAD BLVD,N RAINBOW BLVD,,N RAINBOW BLVD,2021-01-15T00:00:00.000,1741,LAS VEGAS,CLARK,CLARK,658062.843399999,4007119.00019999
LVM191000022848,S NELLIS BLVD,,S NELLIS BLVD,E SAHARA AVE,,E SAHARA AVE,2019-10-05T00:00:00.000,1916,LAS VEGAS,CLARK,CLARK,674049.633899999,4001687.85669999
LVM210800000887,E ST LOUIS AVE,,E ST LOUIS AVE,SILVER BIRCH LN,,SILVER BIRCH LN,2021-08-01T00:00:00.000,627,LAS VEGAS,CLARK,CLARK,670193.226099999,4002023.6234
LVM211200068779,E BONANZA RD,,E BONANZA RD,LEIGON WAY,,LEIGON WAY,2021-12-17T00:00:00.000,1024,LAS VEGAS,CLARK,CLARK,672360.4193,4004890.9318
LYSO23LY04465,COTTONWOOD LN,,COTTONWOOD LN,COOK WAY,,COOK WAY,2023-11-01T00:00:00.000,629,FERNLEY,LYON,LYON,308502.832999999,4384966.9625
LVM220300030321,E FLAMINGO RD,,E FLAMINGO RD,LINQ LN,,LINQ LN,2022-03-08T00:00:00.000,408,LAS VEGAS,CLARK,CLARK,664893.5098,3998208.97919999
RPD23-15807,YORI AVE,,YORI AVE,STEWART ST,,STEWART ST,2023-08-31T00:00:00.000,901,RENO,WASHOE,WASHOE,259850.277599999,4378329.58259999
LVM190400036834,N MAIN ST,,N MAIN ST,PAIUTE DR,,PAIUTE DR,2019-04-08T00:00:00.000,1111,LAS VEGAS,CLARK,CLARK,667501.4044,4006146.3833
LVM200800077924,N NELLIS BLVD,,N NELLIS BLVD,JUDSON AVE,,JUDSON AVE,2020-08-18T00:00:00.000,2144,LAS VEGAS,CLARK,CLARK,674221.597,4007865.5436
LVM210200057985,E TROPICANA AVE,,E TROPICANA AVE,S NELLIS BLVD,,S NELLIS BLVD,2021-02-13T00:00:00.000,2011,LAS VEGAS,CLARK,CLARK,674287.007899999,3996802.95529999
LVM220300091371,W GOWAN RD,,W GOWAN RD,N RAINBOW BLVD,,N RAINBOW BLVD,2022-03-22T00:00:00.000,1559,LAS VEGAS,CLARK,CLARK,658025.286,4010401.6334
NHP210401372,US50,,US50,OTHER,MILE MARKER 11 LYON,OTHER,2021-04-19T00:00:00.000,2110,,LYON,LYON,281604.998999999,4352356.4154
LVM211000070846,E PATRICK LN,,E PATRICK LN,S PECOS RD,,S PECOS RD,2021-10-17T00:00:00.000,1204,LAS VEGAS,CLARK,CLARK,671005.230999999,3994388.75109999
NLPD2308150016344,CIVIC CENTER DR,,CIVIC CENTER DR,MARY DEE AVE,,MARY DEE AVE,2023-08-15T00:00:00.000,1710,NORTH LAS VEGAS,CLARK,CLARK,669128.387299999,4010132.4458
LVM200400066101,BOULDER HWY,,BOULDER HWY,E DESERT INN RD,,E DESERT INN RD,2020-04-14T00:00:00.000,1414,LAS VEGAS,CLARK,CLARK,672381.397199999,4000100.6553
LVM190400102538,N RANCHO DR,,N RANCHO DR,DUNCAN DR,,DUNCAN DR,2019-04-21T00:00:00.000,1327,LAS VEGAS,CLARK,CLARK,,
HP20-01952,W WARM SPRINGS RD,,W WARM SPRINGS RD,N ARROYO GRANDE BLVD,,N ARROYO GRANDE BLVD,2020-01-28T00:00:00.000,1450,HENDERSON,CLARK,CLARK,675032.9543,3991930.4425
LVM230600113223,GRACE ST,,GRACE ST,OTHER,E FLAMINGO RD,E FLAMINGO RD,2023-06-24T00:00:00.000,2055,LAS VEGAS,CLARK,CLARK,673041.103699999,3998424.34779999
HP23-23714,N GREEN VALLEY PKWY,,N GREEN VALLEY PKWY,WIGWAM PKWY,,WIGWAM PKWY,2023-11-30T16:00:00.000,1018,HENDERSON,CLARK,CLARK,672567.361299999,3989477.03639999
LVM211000026285,W HACIENDA AVE,,W HACIENDA AVE,DUNEVILLE ST,,DUNEVILLE ST,2021-10-07T00:00:00.000,657,LAS VEGAS,CLARK,CLARK,660172.944,3995716.88089999
RPD21-2391,MCCARRAN BLVD,,MCCARRAN BLVD,IR80W,,IR80W,2021-02-08T00:00:00.000,1940,RENO,WASHOE,WASHOE,253947.951399999,4378939.3924
LVM200100037514,W CHARLESTON BLVD,,W CHARLESTON BLVD,REDWOOD ST,,REDWOOD ST,2020-01-08T00:00:00.000,1754,LAS VEGAS,CLARK,CLARK,658373.9336,4003034.42129999
NHP210601238,US395,,US395,OTHER,N MCCARRAN,OTHER,2021-06-16T00:00:00.000,1642,,WASHOE,WASHOE,260374.8238,4382327.07459999
LVM200100095649,N LAMB BLVD,,N LAMB BLVD,N LAS VEGAS BLVD,,N LAS VEGAS BLVD,2020-01-21T00:00:00.000,2321,LAS VEGAS,CLARK,CLARK,672601.9857,4010692.55309999
NLPD2003120004952,W COLTON AVE,,W COLTON AVE,MIDNIGHT SHADOWS WAY,,MIDNIGHT SHADOWS WAY,2020-03-12T00:00:00.000,733,NORTH LAS VEGAS,CLARK,CLARK,662708.9313,4009994.45729999
NLPD2103060003834,E LAKE MEAD BLVD,,E LAKE MEAD BLVD,BRUCE ST,,BRUCE ST,2021-03-06T00:00:00.000,2327,NORTH LAS VEGAS,CLARK,CLARK,668569.1697,4007291.1936
RPD22-18607,GROVE ST,,GROVE ST,KIETZKE LN,,KIETZKE LN,2022-10-03T00:00:00.000,1550,RENO,WASHOE,WASHOE,260184.1875,4376071.911
LVM230500156696,ARVILLE ST,,ARVILLE ST,PENNWOOD AVE,,PENNWOOD AVE,2023-05-31T00:00:00.000,2039,LAS VEGAS,CLARK,CLARK,662005.1571,4000677.19339999
RPD20-17533,KIETZKE LN,,KIETZKE LN,MARKET ST,,MARKET ST,2020-10-01T00:00:00.000,2333,RENO,WASHOE,WASHOE,260246.69,4378283.7539
LVM230800104184,E FLAMINGO RD,,SR592,OTHER,ALGONQUIN,ALGONQUIN DR,2023-08-30T00:00:00.000,44,LAS VEGAS,CLARK,CLARK,668121.549899999,3998275.98609999
LVM221200059894,OTHER,W CHARLESTON BLVD,CHARLESTON BLVD,OTHER,S DECATUR BLVD,DECATUR BLVD,2022-12-15T00:00:00.000,1804,LAS VEGAS,CLARK,CLARK,661387.9329,4003083.2302
LVM191000117082,N JONES BLVD,,N JONES BLVD,VEGAS DR,,VEGAS DR,2019-10-25T00:00:00.000,857,LAS VEGAS,CLARK,CLARK,659695.718299999,4006137.73139999
RPD20-13675,TRIPP DR,,TRIPP DR,PATTON DR,,PATTON DR,2020-08-06T00:00:00.000,1915,RENO,WASHOE,WASHOE,259779.4879,4381695.23
LVM230100000591,S JONES BLVD,,SR596,OTHER,UPLAND BLVD,UPLAND BLVD,2023-01-01T00:00:00.000,150,LAS VEGAS,CLARK,CLARK,659711.9992,4004594.07239999
RPD21-19395,E LIBERTY ST,,E LIBERTY ST,HATCH ST,,HATCH ST,2021-10-14T00:00:00.000,1858,RENO,WASHOE,WASHOE,258660.6204,4378570.3452
LVM220500058642,N SANDHILL BLVD,,N SANDHILL BLVD,OTHER,E SPINO AVE,SPINO AVE,2022-05-15T00:00:00.000,141,LAS VEGAS,CLARK,CLARK,671821.907999999,4006205.39499999
CCSO21-2653,S CURRY ST,,S CURRY ST,RHODES ST,,RHODES ST,2021-04-22T00:00:00.000,729,CARSON CITY,CARSON CITY,CARSON CITY,260569.5191,4336546.06819999
LVM190100077795,SPENCER ST,,SPENCER ST,E VIKING RD,,E VIKING RD,2019-01-17T00:00:00.000,710,LAS VEGAS,CLARK,CLARK,668500.1797,3998702.2083
LVM200400112248,N NELLIS BLVD,,N NELLIS BLVD,E BONANZA RD,,E BONANZA RD,2020-04-23T00:00:00.000,1640,LAS VEGAS,CLARK,CLARK,674278.7258,4004993.0477
LVM190300072606,E KATIE AVE,,E KATIE AVE,S MARYLAND PKWY,,S MARYLAND PKWY,2019-03-15T00:00:00.000,1927,LAS VEGAS,CLARK,CLARK,667731.601099999,3998896.76909999
LVM220300116731,OTHER,W CHARLESTON,OTHER,OTHER,REDWOOD,OTHER,2022-03-28T00:00:00.000,1610,LAS VEGAS,CLARK,CLARK,658377.7241,4003027.6356
LVM210900109090,E CHARLESTON BLVD,,E CHARLESTON BLVD,OTHER,S BURNHAM AVE,OTHER,2021-09-25T00:00:00.000,2139,LAS VEGAS,CLARK,CLARK,668802.063,4003197.93439999
LVM190200020895,S NELLIS BLVD,,S NELLIS BLVD,E FLAMINGO RD,,E FLAMINGO RD,2019-02-05T00:00:00.000,1557,LAS VEGAS,CLARK,CLARK,674157.771599999,3998806.6719
LVM220400059566,W CHEYENNE AVE,,W CHEYENNE AVE,N BUFFALO DR,,N BUFFALO DR,2022-04-14T00:00:00.000,1758,LAS VEGAS,CLARK,CLARK,656366.5551,4009557.59789999
LVM231100045245,S NELLIS BLVD,,SR612,SPYGLASS HILL DR,,SPYGLASS HILL DR,2023-11-12T16:00:00.000,1817,LAS VEGAS,CLARK,CLARK,674052.0701,4001373.12319999
RPD20-10595,S MCCARRAN BLVD,,S MCCARRAN BLVD,W 4TH ST,,W 4TH ST,2020-06-23T00:00:00.000,24,RENO,WASHOE,WASHOE,254188.6719,4377574.5
LVM210700097412,BETTY LN,,BETTY LN,HARRIS AVE,,HARRIS AVE,2021-07-21T00:00:00.000,2321,LAS VEGAS,CLARK,CLARK,674686.006099999,4005284.2718
LVM210200066537,VEGAS VALLEY DR,,VEGAS VALLEY DR,S NELLIS BLVD,,S NELLIS BLVD,2021-02-15T00:00:00.000,2136,LAS VEGAS,CLARK,CLARK,674057.978799999,4000871.4349
NLPD2310270021542,CHEYENNE AVE,,CHEYENNE AVE,MARTIN L KING BLVD,,MARTIN L KING BLVD,2023-10-27T00:00:00.000,730,NORTH LAS VEGAS,CLARK,CLARK,665280.422799999,4009660.8604
HP20-05493,KELSO DUNES AVE,,KELSO DUNES AVE,FOREST RIDGE ST,,FOREST RIDGE ST,2020-03-12T00:00:00.000,600,HENDERSON,CLARK,CLARK,677031.462899999,3991581.3421
LVM190100062971,S LAS VEGAS BLVD,,S LAS VEGAS BLVD,E SAHARA AVE,,E SAHARA AVE,2019-01-14T00:00:00.000,455,LAS VEGAS,CLARK,CLARK,665779.1989,4001457.7882
LVM201000125358,E CHARLESTON BLVD,,E CHARLESTON BLVD,S BRUCE ST,,S BRUCE ST,2020-10-29T00:00:00.000,1533,LAS VEGAS,CLARK,CLARK,668578.6255,4003197.94119999
LVM231200064387,OTHER,LV BLVD,S LAS VEGAS BLVD,OTHER,SIEGFRIED AND ROY,SIRENS COVE BLVD,2023-12-19T00:00:00.000,1658,LAS VEGAS,CLARK,CLARK,664516.4116,3998952.09039999
RPD22-2767,GOLDEN VALLEY RD TO US395N INT73,,GOLDEN VALLEY RD TO US395N INT73,GOLDEN VALLEY RD,,GOLDEN VALLEY RD,2022-02-12T00:00:00.000,2339,RENO,WASHOE,WASHOE,256404.25,4387340.0
LVM210900091286,N DURANGO DR,,N DURANGO DR,W DEER SPRINGS WAY,,W DEER SPRINGS WAY,2021-09-21T00:00:00.000,1915,LAS VEGAS,CLARK,CLARK,653764.091799999,4016869.13959999
HP20-03414,CORONADO CENTER DR,,CORONADO CENTER DR,S EASTERN AVE,,S EASTERN AVE,2020-02-17T00:00:00.000,1448,HENDERSON,CLARK,CLARK,670444.037299999,3985885.504
CLSD21115881,W ERIE AVE,,ERIE AVE,N TORREY PINES DR,,TORREY PINES DR,2021-10-08T00:00:00.000,649,LAS VEGAS,CLARK,CLARK,659230.388199999,3984434.78179999
NLPD2009090014857,N PECOS RD,,N PECOS RD,N LAS VEGAS BLVD,,N LAS VEGAS BLVD,2020-09-09T00:00:00.000,338,NORTH LAS VEGAS,CLARK,CLARK,670918.0584,4009447.2168
RPD22-14779,E 2ND ST,,SR648,I 580 N/B OFF RAMP,,IR580N TO SR648 INT35,2022-08-09T00:00:00.000,38,RENO,WASHOE,WASHOE,260858.7969,4379014.0
LVM230600113919,S RAINBOW BLVD,,S RAINBOW BLVD,W WARM SPRINGS RD,,W WARM SPRINGS RD,2023-06-24T00:00:00.000,2235,LAS VEGAS,CLARK,CLARK,658248.576899999,3991584.481
LVM220500089339,RANCHO DR,,RANCHO DR,OTHER,BONANZA,OTHER,2022-05-22T00:00:00.000,1419,LAS VEGAS,CLARK,CLARK,667234.427199999,4004317.5566
LVM210600090155,N DECATUR BLVD,,N DECATUR BLVD,W WASHINGTON AVE,,W WASHINGTON AVE,2021-06-20T00:00:00.000,343,LAS VEGAS,CLARK,CLARK,661322.3168,4005509.83929999
LVM210100018656,E TROPICANA AVE,,E TROPICANA AVE,DECKOW LN,,DECKOW LN,2021-01-04T00:00:00.000,1724,LAS VEGAS,CLARK,CLARK,665400.278699999,3996697.8124
LVM221100036227,W HACIENDA AVE,,W HACIENDA AVE,S GRAND CANYON DR,,S GRAND CANYON DR,2022-11-10T00:00:00.000,1441,LAS VEGAS,CLARK,CLARK,652460.9576,3995547.7607
LVM230200044223,PARADISE RD,,PARADISE RD,SIERRA VISTA DR,,SIERRA VISTA DR,2023-02-11T00:00:00.000,1605,LAS VEGAS,CLARK,CLARK,666035.081299999,3999582.58119999
LVM231000098292,S NELLIS BLVD,,SR612,TROPICANA AVE,,SR593,2023-10-29T00:00:00.000,751,LAS VEGAS,CLARK,CLARK,674281.349,3996845.72939999
LVM210200028190,RED ROCK RANCH RD,,RED ROCK RANCH RD,RED SPRINGS DR,,RED SPRINGS DR,2021-02-07T00:00:00.000,1043,LAS VEGAS,CLARK,CLARK,649143.8503,4001261.15049999
HP21-22449,N STEPHANIE ST,,N STEPHANIE ST,AMERICAN PACIFIC DR,,AMERICAN PACIFIC DR,2021-12-01T00:00:00.000,1744,HENDERSON,CLARK,CLARK,675963.348199999,3990342.38959999
LVM220300037036,WILLOW TRL,,WILLOW TRL,SPRING RD,,SPRING RD,2022-03-09T00:00:00.000,1705,LAS VEGAS,CLARK,CLARK,662577.406399999,4006911.39729999
LVM191100007690,E OWENS AVE,,E OWENS AVE,N WALNUT RD,,N WALNUT RD,2019-11-02T00:00:00.000,1528,LAS VEGAS,CLARK,CLARK,671656.8457,4006523.5284
LVM230300130386,S NELLIS BLVD,,SR612,OTHER,E TWAIN AVE,E TWAIN AVE,2023-03-30T00:00:00.000,1109,LAS VEGAS,CLARK,CLARK,674145.764999999,3999000.9885
LVM221000084647,S RAINBOW BLVD,,SR595,OTHER,W CHARLESTON BLVD,W CHARLESTON BLVD,2022-10-22T00:00:00.000,1452,LAS VEGAS,CLARK,CLARK,657981.0118,4002993.92799999
LVM230100080996,W SAHARA AVE,,W SAHARA AVE,ARVILLE ST,,ARVILLE ST,2023-01-20T00:00:00.000,1902,LAS VEGAS,CLARK,CLARK,661896.183899999,4001473.3187
NLPD2107170012123,N MARTIN L KING BLVD,,N MARTIN L KING BLVD,W BROOKS AVE,,W BROOKS AVE,2021-07-17T00:00:00.000,2040,NORTH LAS VEGAS,CLARK,CLARK,665295.275799999,4009237.9054
NLPD2106160010138,BADGER CANYON AVE,,BADGER CANYON AVE,GIANT FOREST LN,,GIANT FOREST LN,2021-06-16T00:00:00.000,2112,NORTH LAS VEGAS,CLARK,CLARK,,
LVM190300119597,W LAKE MEAD BLVD,,W LAKE MEAD BLVD,D ST,,D ST,2019-03-25T00:00:00.000,1004,LAS VEGAS,CLARK,CLARK,666563.2569,4007247.1213
LVM200600125131,BOULDER HWY,,BOULDER HWY,S LAMB BLVD,,S LAMB BLVD,2020-06-30T00:00:00.000,2102,LAS VEGAS,CLARK,CLARK,672431.390899999,4000091.7509
RPD22-10318,E 2ND ST,,E 2ND ST,PARK ST,,PARK ST,2022-06-04T00:00:00.000,2310,RENO,WASHOE,WASHOE,258965.1879,4379057.39299999
LVM200100123440,E BONANZA RD,,E BONANZA RD,LILLIAN ST,,LILLIAN ST,2020-01-26T00:00:00.000,1643,LAS VEGAS,CLARK,CLARK,674010.159099999,4004977.11079999
LVM190400148790,BOULDER HWY,,BOULDER HWY,E TROPICANA AVE,,E TROPICANA AVE,2019-04-30T00:00:00.000,1453,LAS VEGAS,CLARK,CLARK,675377.4241,3996946.89919999
RPD22-21215,STEAD BLVD,,STEAD BLVD,LEAR BLVD,,LEAR BLVD,2022-11-13T00:00:00.000,332,RENO,WASHOE,WASHOE,252716.9538,4391917.46869999
LVM200200077755,S MARYLAND PKWY,,S MARYLAND PKWY,E WIGWAM AVE,,E WIGWAM AVE,2020-02-16T00:00:00.000,1543,LAS VEGAS,CLARK,CLARK,667916.1868,3989474.1641
SPPD21-3656,EL RANCHO DR,,EL RANCHO DR,PRATER WAY,,PRATER WAY,2021-05-06T00:00:00.000,652,SPARKS,WASHOE,WASHOE,261507.730999999,4379942.2681
LVM200700027224,E CHARLESTON BLVD,,E CHARLESTON BLVD,S LAS VEGAS BLVD,,S LAS VEGAS BLVD,2020-07-07T00:00:00.000,2243,LAS VEGAS,CLARK,CLARK,666666.277599999,4003159.43129999
LVM230800010741,FREMONT ST,,FREMONT ST,TOWER ST,,TOWER ST,2023-08-03T00:00:00.000,1639,LAS VEGAS,CLARK,CLARK,668917.0853,4003469.25489999
LVM210400003800,E FLAMINGO RD,,E FLAMINGO RD,S NELLIS BLVD,,S NELLIS BLVD,2021-04-01T00:00:00.000,2050,LAS VEGAS,CLARK,CLARK,674181.9698,3998421.0894
LVM220600096800,W CHARLESTON BLVD,,W CHARLESTON BLVD,DECATUR BLVD,,DECATUR BLVD,2022-06-25T00:00:00.000,859,LAS VEGAS,CLARK,CLARK,661412.365899999,4003083.4885
LVM221200018297,N LAMB BLVD,,N LAMB BLVD,DIAMOND HEAD DR,,DIAMOND HEAD DR,2022-12-05T00:00:00.000,1459,LAS VEGAS,CLARK,CLARK,672638.598199999,4004697.32139999
ELPD2020-18238,WALNUT ST,,WALNUT ST,6TH ST,,6TH ST,2020-09-13T00:00:00.000,1945,ELKO,ELKO,ELKO,603603.180999999,4521661.88209999
LVM210200061539,S PECOS RD,,S PECOS RD,E HACIENDA AVE,,E HACIENDA AVE,2021-02-14T00:00:00.000,1638,LAS VEGAS,CLARK,CLARK,670959.645399999,3995988.27129999
HP21-20959,OTHER,,OTHER,OTHER,,OTHER,2021-11-09T00:00:00.000,1711,HENDERSON,CLARK,CLARK,,
LVM211100041076,S PAVILION CENTER DR,,S PAVILION CENTER DR,GRAPE VINE ARBOR AVE,,GRAPE VINE ARBOR AVE,2021-11-10T00:00:00.000,1830,LAS VEGAS,CLARK,CLARK,650072.689199999,4004223.45409999
LVM211000133958,DOOLITTLE AVE,,DOOLITTLE AVE,J ST,,J ST,2021-10-31T00:00:00.000,2022,LAS VEGAS,CLARK,CLARK,665724.6414,4006825.1663
NLPD2211050021189,SIMMONS ST,,SIMMONS ST,W LAKE MEAD BLVD,,W LAKE MEAD BLVD,2022-11-05T00:00:00.000,1910,NORTH LAS VEGAS,CLARK,CLARK,663734.91,4007387.54389999
LVM190400027558,E CRAIG RD,,E CRAIG RD,N LAMONT ST,,N LAMONT ST,2019-04-06T00:00:00.000,1244,LAS VEGAS,CLARK,CLARK,673656.899699999,4012344.60139999
LVM190200108502,E WARM SPRINGS RD,,E WARM SPRINGS RD,BURNHAM AVE,,BURNHAM AVE,2019-02-24T00:00:00.000,1110,LAS VEGAS,CLARK,CLARK,669069.82,3991928.94109999
SPPD22-7545,RICHARDS PL,,RICHARDS PL,4TH ST,,4TH ST,2022-09-22T00:00:00.000,714,SPARKS,WASHOE,WASHOE,,
RPD20-1888,MILITARY RD,,MILITARY RD,TULEAR ST,,TULEAR ST,2020-01-29T00:00:00.000,1040,RENO,WASHOE,WASHOE,254984.473899999,4390973.83359999
LVM1901001162881,W TROPICANA AVE,,W TROPICANA AVE,S GRAND CANYON DR,,S GRAND CANYON DR,2019-01-25T00:00:00.000,804,LAS VEGAS,CLARK,CLARK,652200.4916,3996379.0181
LVM231100023906,N DECATUR BLVD,,N DECATUR BLVD,KANSAS AVE,,KANSAS AVE,2023-11-07T00:00:00.000,2336,LAS VEGAS,CLARK,CLARK,661338.316599999,4004974.0917
LVM200100025305,N DURANGO DR,,N DURANGO DR,SHADY PINES DR,,SHADY PINES DR,2020-01-06T00:00:00.000,836,LAS VEGAS,CLARK,CLARK,654339.315,4018916.46759999
NLPD1909100018485,E ANN RD,,E ANN RD,DONNA ST,,DONNA ST,2019-09-10T00:00:00.000,742,NORTH LAS VEGAS,CLARK,CLARK,667962.1694,4014564.8958
LVM220200015558,SPRING MOUNTAIN RD,,SPRING MOUNTAIN RD,MEADOW LARK LN,,MEADOW LARK LN,2022-02-04T00:00:00.000,1629,LAS VEGAS,CLARK,CLARK,659546.1633,3999321.57179999
LVM211200094600,E HARMON AVE,,E HARMON AVE,PARADISE RD,,PARADISE RD,2021-12-23T00:00:00.000,2012,LAS VEGAS,CLARK,CLARK,666005.6681,3997504.07459999
RPD19-6363,S MCCARRAN BLVD,,S MCCARRAN BLVD,TALBOT LN,,TALBOT LN,2019-04-02T00:00:00.000,1850,RENO,WASHOE,WASHOE,259297.779099999,4373420.84239999
RPD20-20404,SOUTH MEADOWS PKWY,,SOUTH MEADOWS PKWY,EVERGREEN ST,,EVERGREEN ST,2020-11-18T00:00:00.000,717,RENO,WASHOE,WASHOE,263422.891499999,4369407.0548
NLPD1906250013062,CAMINO AL NORTE,,CAMINO AL NORTE,W LA MADRE WAY,,W LA MADRE WAY,2019-06-25T00:00:00.000,742,NORTH LAS VEGAS,CLARK,CLARK,665935.559,4013330.5829
LVM230800096510,S MARYLAND PKWY,,S MARYLAND PKWY,E TWAIN AVE,,E TWAIN AVE,2023-08-27T00:00:00.000,2300,LAS VEGAS,CLARK,CLARK,667622.5338,3999107.1182
RPD22-3505,N VIRGINIA ST,,N VIRGINIA ST,15TH ST,,15TH ST,2022-02-22T00:00:00.000,40,RENO,WASHOE,WASHOE,257741.702899999,4380999.4175
RPD23-7216,E PECKHAM LN,,E PECKHAM LN,NEIL RD,,NEIL RD,2023-04-24T00:00:00.000,1502,RENO,WASHOE,WASHOE,260890.2379,4374156.40699999
NHP230200548,SR659,,SR659,NUGGET AVE,,Mile Post 17,2023-02-08T00:00:00.000,2008,SPARKS,WASHOE,WASHOE,264618.5224,4379531.43099999
NHP211001000,US50 W,US50,US50 W,OTHER,DEER RUN ROAD,OTHER,2021-10-13T00:00:00.000,1924,,CARSON CITY,CARSON CITY,266509.0465,4341218.64819999
RPD20-21710,E PLUMB LN,,E PLUMB LN,KIETZKE LN,,KIETZKE LN,2020-12-10T00:00:00.000,1732,RENO,WASHOE,WASHOE,260196.9219,4376631.5
RPD21-19669,MCCARRAN BLVD,,MCCARRAN BLVD,CLEAR ACRE LN,,CLEAR ACRE LN,2021-10-19T00:00:00.000,724,RENO,WASHOE,WASHOE,,
WASO22-5448,RUBICON PEAK LN,,RUBICON PEAK LN,LAKESHORE BLVD,,LAKESHORE BLVD,2022-10-17T00:00:00.000,1155,INCLINE VILLAGE,WASHOE,WASHOE,245002.8502,4347847.26129999
LVM210100101051,E FLAMINGO RD,,E FLAMINGO RD,ALGONQUIN DR,,ALGONQUIN DR,2021-01-23T00:00:00.000,22,LAS VEGAS,CLARK,CLARK,668016.1123,3998273.79749999
LVM210900008457,E DESERT INN RD,,E DESERT INN RD WB,PARADISE RD,,PARADISE RD,2021-09-02T00:00:00.000,2113,LAS VEGAS,CLARK,CLARK,665660.928999999,3999908.5592
LVM230600082456,OTHER,S PARADISE BAY DR,PARADISE BAY DR,OTHER,E WARM SPRINGS RD,WARM SPRINGS RD,2023-06-18T00:00:00.000,934,LAS VEGAS,CLARK,CLARK,668852.682099999,3991951.96629999
WASO22-314,N VIRGINIA ST,,N VIRGINIA ST,KENNEDY DR,,KENNEDY DR,2022-01-20T00:00:00.000,623,,WASHOE,WASHOE,254663.679999999,4387888.98929999
LVM190500012879,DREXEL RD,,DREXEL RD,W ANN RD,,W ANN RD,2019-05-03T00:00:00.000,1610,LAS VEGAS,CLARK,CLARK,657174.771399999,4014480.661
LVM190600034460,N 19TH ST,,N 19TH ST,E OGDEN AVE,,E OGDEN AVE,2019-06-08T00:00:00.000,605,LAS VEGAS,CLARK,CLARK,668838.366899999,4003768.87869999
NHP230501356,CHARLESTON BLVD,,CHARLESTON BLVD,OTHER,US95 SB ON RAMP,CHARLESTON BLVD TO US95S RAMP,2023-05-19T00:00:00.000,1838,,CLARK,CLARK,671605.625,4003245.0
LVM200400000099,S NELLIS BLVD,,S NELLIS BLVD,E TWAIN AVE,,E TWAIN AVE,2020-04-01T00:00:00.000,36,LAS VEGAS,CLARK,CLARK,674123.096699999,3999395.69779999
RPD19-5434,W 7TH ST,,W 7TH ST,HEIGHTS DR,,HEIGHTS DR,2019-03-20T00:00:00.000,1423,RENO,WASHOE,WASHOE,254585.089999999,4379562.8552
STSO20-228,C STREET,,C STREET,N 6TH ST,,N 6TH ST,2020-03-14T00:00:00.000,1640,,STOREY,STOREY,,
LVM220900074463,N 4TH ST,,N 4TH ST,STEWART AVE,,STEWART AVE,2022-09-19T00:00:00.000,150,LAS VEGAS,CLARK,CLARK,667255.5695,4004740.65699999
NHP191100759,MCCARRAN BLVD,,MCCARRAN BLVD,OTHER,NICHOLS BLVD,OTHER,2019-11-08T00:00:00.000,1831,RENO,WASHOE,WASHOE,264772.512299999,4379776.1685
LVM220100002840,S PAVILION CENTER DR,,S PAVILION CENTER DR,W CHARLESTON BLVD,W CHARLESTON,W CHARLESTON BLVD,2022-01-01T00:00:00.000,1604,LAS VEGAS,CLARK,CLARK,650159.188299999,4002872.8122
NHP201100014,OTHER,IR15,OTHER,OTHER,SPRING MOUNTAIN,OTHER,2020-11-01T00:00:00.000,403,,CLARK,CLARK,663757.407999999,4000232.9208
LVM201000002566,EASTERN AVE,,EASTERN AVE,BONANZA RD,,BONANZA RD,2020-10-01T00:00:00.000,1351,LAS VEGAS,CLARK,CLARK,669417.580199999,4004888.414
CCSO20-693,W MUSSER ST,,W MUSSER ST,N CURRY ST,,N CURRY ST,2020-01-31T00:00:00.000,1521,CARSON CITY,CARSON CITY,CARSON CITY,260865.9384,4338689.21189999
LVM230700054975,E CHARLESTON BLVD,,E CHARLESTON BLVD,NELLIS BLVD,,NELLIS BLVD,2023-07-13T00:00:00.000,41,LAS VEGAS,CLARK,CLARK,674299.938799999,4003328.25
LVM221000065304,S EASTERN AVE,,S EASTERN AVE,KAREN AVE,,KAREN AVE,2022-10-17T00:00:00.000,1610,LAS VEGAS,CLARK,CLARK,669264.657899999,4001191.8661
LVM231000067222,W OQUENDO RD,,W OQUENDO RD,SWEET JASMINE DR,,SWEET JASMINE DR,2023-10-20T00:00:00.000,505,LAS VEGAS,CLARK,CLARK,652649.981499999,3994258.71969999
LVM220400099706,W TROPICANA AVE,,W TROPICANA AVE,S RAINBOW BLVD,,S RAINBOW BLVD,2022-04-24T00:00:00.000,16,,CLARK,CLARK,658155.683699999,3996440.9096
LVM210500026482,SMOKE RANCH RD,,SMOKE RANCH RD,RANCHO DR N,,RANCHO DR N,2021-05-06T00:00:00.000,1600,LAS VEGAS,CLARK,CLARK,661898.978799999,4007943.4724
LVM220200017238,W TROPICANA AVE,,W TROPICANA AVE,S DECATUR BLVD,,S DECATUR BLVD,2022-02-04T00:00:00.000,2200,LAS VEGAS,CLARK,CLARK,661314.0069,3996624.6203
LVM200100046985,S HUALAPAI WAY,,S HUALAPAI WAY,SPRING MOUNTAIN RD,,SPRING MOUNTAIN RD,2020-01-10T00:00:00.000,1636,LAS VEGAS,CLARK,CLARK,651621.581399999,3999258.9525
LVM220900032857,E FLAMINGO RD,,SR592,BOULDER HWY,,SR582S,2022-09-08T00:00:00.000,1708,LAS VEGAS,CLARK,CLARK,673970.898299999,3998427.7289
UNLV191143,S MARYLAND PKWY,,S MARYLAND PKWY,E UNIVERSITY AVE,,E UNIVERSITY AVE,2019-10-10T00:00:00.000,1307,,CLARK,CLARK,667638.9446,3997693.7718
RPD21-21284,MORRILL AVE,,MORRILL AVE,E 6TH ST,,E 6TH ST,2021-11-12T00:00:00.000,704,RENO,WASHOE,WASHOE,259188.2602,4379758.12839999
HP19-22575,E GALLERIA DR,,E GALLERIA DR,EASTGATE RD,,EASTGATE RD,2019-10-10T00:00:00.000,1530,HENDERSON,CLARK,CLARK,678106.558699999,3993632.3999
LVM220300009913,N MAIN ST,,N MAIN ST,FOREMASTER LN,,FOREMASTER LN,2022-03-03T00:00:00.000,744,LAS VEGAS,CLARK,CLARK,667559.372299999,4006261.41479999
RPD21-22507,W 4TH ST,,W 4TH ST,N ARLINGTON AVE,,N ARLINGTON AVE,2021-11-30T00:00:00.000,1449,RENO,WASHOE,WASHOE,257737.934399999,4379284.7346
LVM220700107167,E DESERT INN RD,,E DESERT INN RD,S PECOS RD,,S PECOS RD,2022-07-27T00:00:00.000,1733,LAS VEGAS,CLARK,CLARK,670881.158699999,4000004.82069999
LVM231100057591,TUSCOLANA ST,,TUSCOLANA ST,ARZANO AVE,,ARZANO AVE,2023-11-15T16:00:00.000,1558,LAS VEGAS,CLARK,CLARK,663684.5833,3984037.7061
NLPD2210180019844,N LAS VEGAS BLVD,,N LAS VEGAS BLVD,WEBSTER ST,,WEBSTER ST,2022-10-18T00:00:00.000,515,NORTH LAS VEGAS,CLARK,CLARK,,
NLPD2202280003676,LAS VEGAS BLVD N,,LAS VEGAS BLVD N,MCCARRAN ST,,MCCARRAN ST,2022-02-28T00:00:00.000,523,NORTH LAS VEGAS,CLARK,CLARK,,
NHP210400658,US50,,US50,OTHER,WHITAKER LANE,OTHER,2021-04-09T00:00:00.000,1916,FALLON,CHURCHILL,CHURCHILL,345963.403699999,4370998.7769
LVM231000064988,S DURANGO DR,,S DURANGO DR,W DESERT INN RD,,W DESERT INN RD,2023-10-19T00:00:00.000,1416,LAS VEGAS,CLARK,CLARK,654873.099399999,3999336.33999999
LVM220500085924,ELKHORN RD,,ELKHORN RD,GRAND MONTECITO PKWY,,GRAND MONTECITO PKWY,2022-05-21T00:00:00.000,1724,LAS VEGAS,CLARK,CLARK,654064.6961,4017662.5327
ELPD2019-000308,IDAHO ST,,IDAHO ST,JENNINGS WAY,,JENNINGS WAY,2020-01-04T00:00:00.000,1855,ELKO,ELKO,ELKO,605686.012,4522819.79829999
LVM210800068117,KING MIDAS WAY,,KING MIDAS WAY,RIP VAN WINKLE LN,,RIP VAN WINKLE LN,2021-08-16T00:00:00.000,1910,LAS VEGAS,CLARK,CLARK,661938.793499999,4000852.58009999
LVM190400133179,W LAKE MEAD BLVD,,W LAKE MEAD BLVD,N RAINBOW BLVD,,N RAINBOW BLVD,2019-04-27T00:00:00.000,1637,LAS VEGAS,CLARK,CLARK,658754.063,4007112.57599999
NHP221001519,OTHER,SUN VALLEY,OTHER,OTHER,RAMPION,OTHER,2022-10-21T00:00:00.000,606,,WASHOE,WASHOE,,
RPD22-24026,S WELLS AVE,,S WELLS AVE,VASSAR ST,,VASSAR ST,2022-12-30T00:00:00.000,1853,RENO,WASHOE,WASHOE,259013.7675,4377431.4811
LVM220300034376,D ST CITY PKWY CONN,,D ST CITY PKWY CONN,F ST,N CITY PKWY,F ST,2022-03-09T00:00:00.000,228,LAS VEGAS,CLARK,CLARK,666456.9614,4005274.00049999
NLPD2109280016727,OAKWOOD AVE,,OAKWOOD AVE,CIVIC CENTER DR,,CIVIC CENTER DR,2021-09-28T00:00:00.000,938,NORTH LAS VEGAS,CLARK,CLARK,668915.332799999,4009082.1982
HP23-21233,CENTER ST,,CENTER ST,SR564E,,SR564E,2023-10-26T00:00:00.000,1718,HENDERSON,CLARK,CLARK,683055.2499,3991997.0084
LVM200800017553,S CIMARRON RD,,S CIMARRON RD,ELDORA AVE,,ELDORA AVE,2020-08-05T00:00:00.000,705,LAS VEGAS,CLARK,CLARK,655656.060899999,4000890.41569999
LVM190800044203,W SAHARA AVE,,W SAHARA AVE,LAKE SAHARA DR,,LAKE SAHARA DR,2019-08-09T00:00:00.000,1957,LAS VEGAS,CLARK,CLARK,654507.204199999,4001297.43539999
NLPD1905070009466,W CRAIG RD,,W CRAIG RD,CLAYTON ST,,CLAYTON ST,2019-05-07T00:00:00.000,933,NORTH LAS VEGAS,CLARK,CLARK,664343.8606,4012057.14299999
RPD20-19353,S VIRGINIA ST,,S VIRGINIA ST,HUBBARD WAY,,HUBBARD WAY,2020-10-30T00:00:00.000,1429,RENO,WASHOE,WASHOE,259250.662399999,4375880.5164
NLPD1902010002266,E LONE MOUNTAIN RD,,E LONE MOUNTAIN RD,GOLDFIELD ST,,GOLDFIELD ST,2019-02-01T00:00:00.000,1658,NORTH LAS VEGAS,CLARK,CLARK,667174.9714,4012943.0795
LVM210200110048,S MARYLAND PKWY,,S MARYLAND PKWY,SIERRA VISTA DR,,SIERRA VISTA DR,2021-02-24T00:00:00.000,1952,LAS VEGAS,CLARK,CLARK,667640.305999999,3999630.89489999
RPD19-15278,NEIL RD,,NEIL RD,EVELYN WY,,EVELYN WY,2019-08-03T00:00:00.000,2248,RENO,,,260896.3222,4374927.1827
NHP210300566,OTHER,IR215,OTHER,OTHER,JONES WESTBOUND OFF RAMP,OTHER,2021-03-09T00:00:00.000,1947,,CLARK,CLARK,659431.0087,4015812.1837
SPPD22-241,E PRATER WAY,,E PRATER WAY,E I ST,,E I ST,2022-01-10T00:00:00.000,1739,SPARKS,WASHOE,WASHOE,264740.0267,4380493.69439999
RPD20-410,SILVERADA BLVD,,SILVERADA BLVD,ODDIE BLVD,,ODDIE BLVD,2020-01-07T00:00:00.000,620,RENO,WASHOE,WASHOE,260894.6814,4381154.8355
LVM210200046783,W SAHARA AVE,,W SAHARA AVE,S LAS VEGAS BLVD,,S LAS VEGAS BLVD,2021-02-11T00:00:00.000,1109,LAS VEGAS,CLARK,CLARK,665779.1989,4001457.7882
LVM220900094020,SAMMY DAVIS JR DR,,SAMMY DAVIS JR DR,FASHION SHOW DR,,FASHION SHOW DR,2022-09-23T00:00:00.000,1950,LAS VEGAS,CLARK,CLARK,664229.5025,3999769.5324
HP23-11051,N GREEN VALLEY PKWY,,N GREEN VALLEY PKWY,CORPORATE CIR,,CORPORATE CIR,2023-06-09T00:00:00.000,2026,HENDERSON,CLARK,CLARK,672500.5617,3988572.53889999
LVM210500113679,S LAS VEGAS BLVD,,S LAS VEGAS BLVD,OTHER,W ARIA PLACE,OTHER,2021-05-24T00:00:00.000,2202,LAS VEGAS,CLARK,CLARK,664453.642699999,3997288.06279999
LVM230100079794,S SANDHILL RD,,S SANDHILL RD,FLAMINGO RD,,SR592,2023-01-20T00:00:00.000,1203,LAS VEGAS,CLARK,CLARK,671726.405199999,3998423.8717
NLPD1910080020473,N 5TH ST,,N 5TH ST,E ROME BLVD,,E ROME BLVD,2019-10-08T00:00:00.000,2029,NORTH LAS VEGAS,CLARK,CLARK,667506.762,4016474.9393
WASO20-700,COLD SPRINGS DR,,COLD SPRINGS DR,SANDPIPER DR,,SANDPIPER DR,2020-02-11T00:00:00.000,902,RENO,WASHOE,WASHOE,245019.7933,4396273.6674
NLPD2110080017400,LAKE MEAD BLVD,,LAKE MEAD BLVD,CIVIC CENTER DR,,CIVIC CENTER DR,2021-10-08T00:00:00.000,1438,NORTH LAS VEGAS,CLARK,CLARK,669367.2065,4007315.7627
NLPD2303270006052,W ALEXANDER RD,,W ALEXANDER RD,N MARTIN L KING BLVD,,N MARTIN L KING BLVD,2023-03-27T00:00:00.000,608,NORTH LAS VEGAS,CLARK,CLARK,665177.3425,4011248.5581
LVM220300049724,S RAINBOW BLVD,,S RAINBOW BLVD,OTHER,ALTA DR,OTHER,2022-03-12T00:00:00.000,1624,LAS VEGAS,CLARK,CLARK,657926.4763,4003837.77869999
LVM191200120380,KAREN AVE,,KAREN AVE,JOE W BROWN DR,,JOE W BROWN DR,2019-12-26T00:00:00.000,1653,LAS VEGAS,CLARK,CLARK,666281.6797,4001087.8516
LVM230200046405,FREMONT ST,,SR582S,OTHER,S ATLANTIC ST,ATLANTIC ST,2023-02-12T00:00:00.000,235,LAS VEGAS,CLARK,CLARK,669619.3534,4002997.9155
LVM231100004203,E CHARLESTON BLVD,,E CHARLESTON BLVD,NELLIS BLVD,,NELLIS BLVD,2023-11-02T00:00:00.000,648,LAS VEGAS,CLARK,CLARK,674299.938799999,4003328.25
LVM210800043236,E WASHINGTON AVE,,E WASHINGTON AVE,VIRGIL ST,,VIRGIL ST,2021-08-11T00:00:00.000,640,LAS VEGAS,CLARK,CLARK,671444.5701,4005695.9623
RPD19-16585,E 9TH ST,,E 9TH ST,MANHATTAN ST,,MANHATTAN ST,2019-08-20T00:00:00.000,710,RENO,,,260289.349799999,4380278.4177
WASO20-3997,N SIERRA ST,,N SIERRA ST,PUTNAM DR,,PUTNAM DR,2020-09-21T00:00:00.000,1516,,WASHOE,WASHOE,257514.8046,4381329.43579999
RPD23-17109,VALLEY RD,,VALLEY RD,DENSLOWE DR,,DENSLOWE DR,2023-09-18T00:00:00.000,745,RENO,WASHOE,WASHOE,258710.8249,4380813.63829999
NHP190300854,OTHER,IR215 E,OTHER,OTHER,S. DECATUR EB ON RAMP,OTHER,2019-03-12T00:00:00.000,2325,RENO,CLARK,CLARK,662106.8141,4016284.9535
RPD22-21625,KIETZKE LN,,KIETZKE LN SOUTHBOUND,FIRECREEK CROSSING,,SR667,2022-11-19T00:00:00.000,1714,RENO,WASHOE,WASHOE,259730.9533,4373786.377
LVM190100126246,E CHARLESTON BLVD,,E CHARLESTON BLVD,S LAMONT ST,,S LAMONT ST,2019-01-27T00:00:00.000,1400,LAS VEGAS,CLARK,CLARK,673641.843399999,4003308.6751
LVM190800146005,E HARMON AVE,,E HARMON AVE,PARADISE RD,,PARADISE RD,2019-08-30T00:00:00.000,425,LAS VEGAS,CLARK,CLARK,666248.9482,3997505.2276
LVM190800059268,E FLAMINGO RD,,E FLAMINGO RD,BURNHAM AVE,,BURNHAM AVE,2019-08-12T00:00:00.000,1803,LAS VEGAS,CLARK,CLARK,668852.0403,3998295.35229999
NLPD2209010016468,W LAKE MEAD BLVD,,W LAKE MEAD BLVD,REVERE ST,,REVERE ST,2022-09-01T00:00:00.000,616,NORTH LAS VEGAS,CLARK,CLARK,666362.8821,4007242.0504
LVM200900108989,E FLAMINGO RD,,E FLAMINGO RD,TAMARUS ST,,TAMARUS ST,2020-09-25T00:00:00.000,535,,CLARK,CLARK,668010.930399999,3998273.69789999
NLPD2311220023340,LAKE MEAD BLVD,,E LAKE MEAD BLVD,BELMONT DR,,BELMONT ST,2023-11-22T00:00:00.000,1845,NORTH LAS VEGAS,CLARK,CLARK,670211.0443,4007337.36449999
NHP231102165,US50,,US50E,SCENIC AVE,,SCENIC AVE,2023-11-28T00:00:00.000,1732,,LYON,LYON,295378.9512,4359550.83039999
LVM201000015306,E NAPLES DR,,E NAPLES DR,PARADISE RD,,PARADISE RD,2020-10-04T00:00:00.000,721,,CLARK,CLARK,666425.334599999,3997255.7442
LVM190300073654,WAYNE NEWTON BLVD,,WAYNE NEWTON BLVD,KITTY HAWK WAY,,KITTY HAWK WAY,2019-03-15T00:00:00.000,2342,LAS VEGAS,CLARK,CLARK,666894.8413,3995220.8737
RPD22-4173,W 7TH ST,,W 7TH ST,TASHA CT,,TASHA CT,2022-03-03T00:00:00.000,1253,RENO,WASHOE,WASHOE,254034.8337,4380104.4085
NLPD2201120000733,ROOSEVELT ST,,HOOVER ST,HOOVER ST,,ROOSEVELT ST,2022-01-12T00:00:00.000,1554,NORTH LAS VEGAS,CLARK,CLARK,668352.288499999,4007185.9604
LVM190500043805,STEWART AVE,,STEWART AVE,SPECTRUM BLVD,,SPECTRUM BLVD,2019-05-09T00:00:00.000,2048,LAS VEGAS,CLARK,CLARK,670767.131099999,4004052.8143
NHP210701243,SR160,,SR160,S JONES BLVD,,S JONES BLVD,2021-07-15T00:00:00.000,2107,,CLARK,CLARK,659871.234199999,3988235.67339999
LVM200600110321,W SAHARA AVE,,W SAHARA AVE,S DECATUR BLVD,,S DECATUR BLVD,2020-06-27T00:00:00.000,1105,LAS VEGAS,CLARK,CLARK,661322.7312,4001467.96859999
LVM220800060040,OTHER,S EASTERN,S EASTERN AVE,OTHER,E MAULE,E MAULE AVE,2022-08-15T00:00:00.000,1212,LAS VEGAS,CLARK,CLARK,669447.878499999,3992728.114
NLPD2203290005637,N LAS VEGAS BLVD,,N LAS VEGAS BLVD,CIVIC CENTER DR,,CIVIC CENTER DR,2022-03-29T00:00:00.000,1046,NORTH LAS VEGAS,CLARK,CLARK,669002.266999999,4007982.642
RPD21-2616,N VIRGINIA ST,,N VIRGINIA ST,W 5TH ST,,W 5TH ST,2021-02-12T00:00:00.000,1213,RENO,WASHOE,WASHOE,258090.432,4379508.63969999
LVM211100097774,SIMMONS ST,,SIMMONS ST,CORAN LN,,CORAN LN,2021-11-23T00:00:00.000,1434,LAS VEGAS,CLARK,CLARK,663740.2899,4007081.67769999
NLPD1906080011794,E LAKE MEAD BLVD,,E LAKE MEAD BLVD,N LAS VEGAS BLVD,,N LAS VEGAS BLVD,2019-06-08T00:00:00.000,1616,NORTH LAS VEGAS,CLARK,CLARK,668230.974499999,4007285.63939999
SPPD20-9721,PYRAMID WY,,PYRAMID WY,C ST,,C ST,2020-12-31T00:00:00.000,1159,SPARKS,WASHOE,WASHOE,263409.735999999,4379859.78969999
LVM230600118648,E CHARLESTON BLVD,,E CHARLESTON BLVD,S BRUCE ST,,S BRUCE ST,2023-06-26T00:00:00.000,452,LAS VEGAS,CLARK,CLARK,668659.0733,4003199.6918
CLSD22080183,W MAULE AVE,,W MAULE AVE,PEARLAND ST,,PEARLAND ST,2022-08-10T00:00:00.000,746,LAS VEGAS,CLARK,CLARK,652910.8661,3992249.3701
NHP221200348,IR15S,,IR15S,,,Mile Post 104,2022-12-04T00:00:00.000,2051,,CLARK,CLARK,734127.9724,4071192.32619999
LVM220200028430,N LAS VEGAS BLVD,,N LAS VEGAS BLVD,E OWENS AVE,,E OWENS AVE,2022-02-07T00:00:00.000,1924,LAS VEGAS,CLARK,CLARK,667784.031899999,4006445.2783
LVM190800129824,E TROPICANA AVE,,E TROPICANA AVE,WILBUR ST,,WILBUR ST,2019-08-26T00:00:00.000,2122,LAS VEGAS,CLARK,CLARK,667305.7768,3996744.4539
LVM230400111143,N MAIN ST,,N MAIN ST,OTHER,OWENS AWV,W OWENS AVE,2023-04-25T00:00:00.000,29,LAS VEGAS,CLARK,CLARK,667661.399,4006460.5219
SPPD23-8040,GOLDY WAY,,GOLDY WAY,BARING BLVD,,BARING BLVD,2023-10-20T00:00:00.000,1522,SPARKS,WASHOE,WASHOE,265693.989,4382068.7473
WNPD19-1142,W WINNEMUCCA BLVD,,W WINNEMUCCA BLVD,OTHER,POTATO,OTHER,2019-11-03T00:00:00.000,1428,WINNEMUCCA,,,437103.062599999,4534543.17449999
RPD19-8516,SKY VISTA PKWY,,SKY VISTA PKWY,VISTA KNOLL PKWY,,VISTA KNOLL PKWY,2019-05-04T00:00:00.000,1413,RENO,WASHOE,WASHOE,254922.911199999,4388862.86429999
LVM230300093823,PARADISE RD,,E DESERT INN RD,E DESERT INN RD,,PARADISE RD,2023-03-22T00:00:00.000,724,LAS VEGAS,CLARK,CLARK,666042.795599999,3999892.0403
LVM221200001866,S PECOS RD,,S PECOS RD,HAPPY LN,,HAPPY LN,2022-12-01T00:00:00.000,1133,LAS VEGAS,CLARK,CLARK,671032.404699999,3993353.4671
ELPD23EP19476,SR225,,SR225,CIMMARON WAY,,CIMMARON WAY,2023-12-07T00:00:00.000,1822,ELKO,ELKO,ELKO,602588.682199999,4520725.44629999
LVM191100025765,E OWENS AVE,,E OWENS AVE,N SANDHILL RD,,N SANDHILL RD,2019-11-06T00:00:00.000,1219,LAS VEGAS,CLARK,CLARK,671821.319299999,4006530.7977
LVM210700070276,S LAMB BLVD,,S LAMB BLVD,BOULDER HWY,,BOULDER HWY,2021-07-15T00:00:00.000,2035,LAS VEGAS,CLARK,CLARK,672433.3124,4000093.2531
LVM191000023993,ALBERT AVE,,ALBERT AVE,KOVAL LN,,KOVAL LN,2019-10-05T00:00:00.000,2353,LAS VEGAS,CLARK,CLARK,665238.414599999,3998403.7695
LVM230400003511,S DECATUR BLVD,,S DECATUR BLVD,W DESERT INN RD,,W DESERT INN RD,2023-04-01T00:00:00.000,2007,LAS VEGAS,CLARK,CLARK,661242.984699999,3999960.7423
NHP221001996,SR159,SR159 WB,SR159,SACRAMENTO DR,SACRAMENTO DRIVE,SACRAMENTO DR,2022-10-27T00:00:00.000,1346,LAS VEGAS,CLARK,CLARK,672041.940999999,4003265.7433
CCSO21-2620,S ROOP ST,,S ROOP ST,E 5TH ST,,E 5TH ST,2021-04-27T00:00:00.000,237,CARSON CITY,CARSON CITY,CARSON CITY,,
RPD20-6082,W 1ST ST,,W 1ST ST,KEYSTONE AVE,,KEYSTONE AVE,2020-04-03T00:00:00.000,1602,RENO,WASHOE,WASHOE,257144.509899999,4378658.57789999
NHP230901598,CHARLESTON BLVD,,CHARLESTON BLVD,US95N TO CHARLESTON BLVD EB INT72,,IR515N TO SR159 INT72,2023-09-22T00:00:00.000,1822,,CLARK,CLARK,671785.047199999,4003250.87319999
NLPD1912100024553,E LAKE MEAD BLVD,,E LAKE MEAD BLVD,WILKINSON WAY,,WILKINSON WAY,2019-12-10T00:00:00.000,1756,NORTH LAS VEGAS,CLARK,CLARK,670712.699099999,4007340.36669999
LVM200100137845,W CHARLESTON BLVD,,W CHARLESTON BLVD,S RANCHO DR,,S RANCHO DR,2020-01-29T00:00:00.000,935,LAS VEGAS,CLARK,CLARK,664363.610799999,4003116.79649999
ELPD201900002304,CHILTON CIR,,CHILTON CIR,COLLEGE PKWY,,COLLEGE PKWY,2019-01-30T00:00:00.000,815,ELKO,ELKO,ELKO,603825.0913,4522130.9164
NLPD2201150000907,E CRAIG RD,,E CRAIG RD,N 5TH ST,,N 5TH ST,2022-01-15T00:00:00.000,1731,NORTH LAS VEGAS,CLARK,CLARK,667462.257199999,4012133.72509999
NHP220300254,OTHER,CRAIG ROAD,OTHER,OTHER,DONOVAN WAY,OTHER,2022-03-04T00:00:00.000,1122,,CLARK,CLARK,,
LVM191000104506,W FLAMINGO RD,,W FLAMINGO RD,S DECATUR BLVD,,S DECATUR BLVD,2019-10-22T00:00:00.000,1550,LAS VEGAS,CLARK,CLARK,661322.1911,3998242.25369999
LVM221100079099,TAMARUS ST,,TAMARUS ST,TROPICANA AVE,,SR593,2022-11-21T00:00:00.000,1737,LAS VEGAS,CLARK,CLARK,668119.859699999,3996571.98609999
LVM211000132990,S DURANGO DR,,S DURANGO DR,W WARM SPRINGS RD,,W WARM SPRINGS RD,2021-10-31T00:00:00.000,1515,LAS VEGAS,CLARK,CLARK,654991.5979,3991546.1519
LVM220500064464,OTHER,E PAVESTONE AVE,PAVESTONE LN,OTHER,S ORCHARD VALLEY DR,ORCHARD VALLEY DR,2022-05-16T00:00:00.000,1516,,CLARK,CLARK,676715.2152,4002931.53519999
LVM210100085900,E TWAIN AVE,,E TWAIN AVE,PALOS VERDES ST,,PALOS VERDES ST,2021-01-19T00:00:00.000,1935,LAS VEGAS,CLARK,CLARK,666445.357099999,3998979.78229999
ELPD2021-20436,CHILTON CIR,,CHILTON CIR,COLLEGE PKWY,,COLLEGE PKWY,2021-10-26T00:00:00.000,748,ELKO,ELKO,ELKO,603853.207799999,4522183.75029999
NLPD2012160020710,E LAKE MEAD BLVD,,E LAKE MEAD BLVD,N PECOS RD,,N PECOS RD,2020-12-16T00:00:00.000,1741,NORTH LAS VEGAS,CLARK,CLARK,670974.377799999,4007343.0426
ELPD2019-26299,SR225,,SR225,W SAGE ST,,W SAGE ST,2019-11-21T00:00:00.000,1728,ELKO,,,602803.7723,4520575.69019999
NHP201101180,OTHER,IR15 SOUTHBOUND,OTHER,OTHER,SR147 EASTBOUND TO IR15 SOUTHBOUND ON RAMP,OTHER,2020-11-16T00:00:00.000,1725,,CLARK,CLARK,667166.2328,4006879.91379999
LVM211100099577,E WASHINGTON AVE,,E WASHINGTON AVE,N LAMB BLVD,N LAMB AVE,N LAMB BLVD,2021-11-23T00:00:00.000,2247,LAS VEGAS,CLARK,CLARK,672644.002,4005716.627
LVM200400038077,W OAKEY BLVD,,W OAKEY BLVD,CAMPBELL DR,,CAMPBELL DR,2020-04-08T00:00:00.000,1652,LAS VEGAS,CLARK,CLARK,663413.7472,4002297.9831
LVM210400017924,BOULDER HWY,,BOULDER HWY,E SAHARA AVE,,E SAHARA AVE,2021-04-04T00:00:00.000,2242,LAS VEGAS,CLARK,CLARK,670815.398299999,4001788.43009999
RPD19-25644,CLEAR ACRE LN,,CLEAR ACRE LN,SCOTTSDALE RD,,SCOTTSDALE RD,2019-12-26T00:00:00.000,1921,RENO,WASHOE,WASHOE,260684.3376,4383081.4832
LVM210400008187,S RAINBOW BLVD,,S RAINBOW BLVD,SPRING MOUNTAIN RD,,SPRING MOUNTAIN RD,2021-04-02T00:00:00.000,2054,LAS VEGAS,CLARK,CLARK,658108.8437,3999417.46189999
LVM210100090784,JUDSON AVE,,JUDSON AVE,N LAMONT ST,,N LAMONT ST,2021-01-20T00:00:00.000,2018,,CLARK,CLARK,673947.549599999,4007846.5941
LVM231100024323,DEAN MARTIN DR,,DEAN MARTIN DR,VICKI AVE,,VICKI AVE,2023-11-08T00:00:00.000,333,LAS VEGAS,CLARK,CLARK,663685.183799999,3988056.0952
LVM230900042361,S NELLIS BLVD,,SR612,OTHER,E CHARLESTON BLVD,E CHARLESTON BLVD,2023-09-12T00:00:00.000,1802,LAS VEGAS,CLARK,CLARK,674275.461099999,4003027.09979999
LVM190800033560,RAVENWOOD DR,,RAVENWOOD DR,PLEASANT VIEW AVE,,PLEASANT VIEW AVE,2019-09-07T00:00:00.000,1954,LAS VEGAS,CLARK,CLARK,657585.308799999,3997944.0818
RPD20-15032,SIERRA HIGHLANDS DR,,SIERRA HIGHLANDS DR,VILLA VERDE DR,,VILLA VERDE DR,2020-08-26T00:00:00.000,2037,RENO,WASHOE,WASHOE,253452.067999999,4380083.2958
LVM210300047816,E SAHARA AVE,,E SAHARA AVE,S BRUCE ST,,S BRUCE ST,2021-03-10T00:00:00.000,2036,LAS VEGAS,CLARK,CLARK,668645.728199999,4001586.51339999
NLPD2109220016342,N COMMERCE ST,,N COMMERCE ST,W ANN RD,,W ANN RD,2021-09-22T00:00:00.000,1438,NORTH LAS VEGAS,CLARK,CLARK,666738.2169,4014451.88189999
LVM190300125021,N NELLIS BLVD,,N NELLIS BLVD,E BONANZA RD,,E BONANZA RD,2019-03-26T00:00:00.000,1140,LAS VEGAS,CLARK,CLARK,674282.7521,4004840.6619
HP19-13647,E ROLLY ST,,E ROLLY ST,PRICE ST,,PRICE ST,2019-06-17T00:00:00.000,2112,HENDERSON,,,680212.0997,3992355.8242
LVM221100087914,S LAMB BLVD,,S LAMB BLVD,E DESERT INN RD,,E DESERT INN RD,2022-11-23T00:00:00.000,1908,,CLARK,CLARK,672497.546299999,4000231.7089
NHP201101575,US93 N,,US93 N,OTHER,VETERANS MEMORIAL DR RP NW APEX,OTHER,2020-11-21T00:00:00.000,1842,,CLARK,CLARK,692372.912499999,3982509.3483
RPD21-23544,VETERANS PKWY,,VETERANS PKWY,SOUTH MEADOWS PKWY,,SOUTH MEADOWS PKWY,2021-12-14T00:00:00.000,1720,RENO,WASHOE,WASHOE,265539.175099999,4370864.2078
NLPD2308290017313,W ANN RD,,W ANN RD,SIMMONS ST,,SIMMONS ST,2023-08-29T00:00:00.000,1639,NORTH LAS VEGAS,CLARK,CLARK,663499.8695,4014501.53889999
LVM220200054432,PARADISE RD,,PARADISE RD,OTHER,ELVIS PRESLEY BLVD,OTHER,2022-02-13T00:00:00.000,2137,LAS VEGAS,CLARK,CLARK,666020.6501,4000624.33
LVM230100040418,N NELLIS BLVD,,N NELLIS BLVD,OTHER,STEWART AVE,STEWART AVE,2023-01-10T00:00:00.000,2147,LAS VEGAS,CLARK,CLARK,674301.582,4004091.81159999
RPD22-20665,W MOANA LN,,W MOANA LN,KAUAI CT,,KAUAI CT,2022-11-04T00:00:00.000,1128,RENO,WASHOE,WASHOE,258799.524299999,4375045.3759
LVM221100105188,HORSESHOE HILLS AVE,,HORSESHOE HILLS AVE,N DECATUR BLVD,,N DECATUR BLVD,2022-11-28T00:00:00.000,957,LAS VEGAS,CLARK,CLARK,660944.212899999,4020420.6204
SPPD23-9340,OTHER,GRANARY PARK AVE,GRANARY PARK AVE,OTHER,COYOTE CALL TR,COYOTE CALL TRL,2023-12-04T00:00:00.000,722,SPARKS,WASHOE,WASHOE,266566.666799999,4388085.1062
NHP220100400,OTHER,US95A/US50A,US50AE,OTHER,US50,US50W,2022-01-06T00:00:00.000,150,SILVER SPRINGS,LYON,LYON,308505.7318,4365650.58599999
NYSO23NY-4108,EAST ST,STATE 372,EAST ST,SR372,EAST,SR372W/CHARLES BROWN HWY,2023-12-01T00:00:00.000,2205,PAHRUMP,NYE,NYE,590640.6556,4007314.447
LVM220700110170,S FORT APACHE RD,,S FORT APACHE RD,W TROPICANA AVE,,W TROPICANA AVE,2022-07-28T00:00:00.000,1141,LAS VEGAS,CLARK,CLARK,653276.084499999,3996189.38199999
LVM230800037030,OTHER,PECOS RD,N PECOS RD,OTHER,LAS VEGAS BLVD,SR604S,2023-08-10T00:00:00.000,2040,LAS VEGAS,CLARK,CLARK,670917.483,4009467.0195
HP22-05362,VIA CONTESSA,,VIA CONTESSA,DEMOCRACY DR,,DEMOCRACY DR,2022-03-22T00:00:00.000,732,HENDERSON,CLARK,CLARK,670231.128499999,3977723.12609999
RPD23-1159,UNIVERSITY WAY,,UNIVERSITY WAY,E 6TH ST,,E 6TH ST,2023-01-19T00:00:00.000,2200,RENO,WASHOE,WASHOE,258173.844499999,4379676.6863
LVM210500098292,S LAS VEGAS BLVD,,S LAS VEGAS BLVD,E SAHARA AVE,,E SAHARA AVE,2021-05-21T00:00:00.000,1513,LAS VEGAS,CLARK,CLARK,665779.1989,4001457.7882
NHP190201417,OTHER,US95 NB,OTHER,OTHER,ANN RD,OTHER,2019-02-16T00:00:00.000,701,RENO,CLARK,CLARK,656621.757299999,4014899.9286
LVM230100052229,S JONES BLVD,,S JONES BLVD,W TROPICANA AVE,,W TROPICANA AVE,2023-01-13T00:00:00.000,1600,LAS VEGAS,CLARK,CLARK,659780.9364,3996339.8616
LVM231000057731,E POST RD,,E POST RD,S SANDHILL RD,,S SANDHILL RD,2023-10-17T00:00:00.000,1503,LAS VEGAS,CLARK,CLARK,671700.5625,3993950.82129999
LVM201200073414,E WARM SPRINGS RD,,E WARM SPRINGS RD,S BRUCE ST,,S BRUCE ST,2020-12-17T00:00:00.000,1855,,CLARK,CLARK,668852.631799999,3991951.35879999
LVM190900069856,BOULDER HWY,,BOULDER HWY,E RUSSELL RD,,E RUSSELL RD,2019-09-15T00:00:00.000,1029,LAS VEGAS,CLARK,CLARK,677180.617899999,3995100.3124
SPPD21-8060,S ROCK BLVD,,S ROCK BLVD,SR659 TO S ROCK BLVD,,SR659 TO S ROCK BLVD,2021-09-21T00:00:00.000,1616,SPARKS,WASHOE,WASHOE,263636.0322,4375636.3679
LVM200200102898,S DECATUR BLVD,,S DECATUR BLVD,W SAHARA AVE,,W SAHARA AVE,2020-02-21T00:00:00.000,2003,LAS VEGAS,CLARK,CLARK,661211.388,4001387.3307
LVM220500125930,S MARYLAND PKWY,,S MARYLAND PKWY,OTHER,E FLAMINGO,E FLAMINGO,2022-05-31T00:00:00.000,1422,LAS VEGAS,CLARK,CLARK,667603.291799999,3998484.6355
LVM210900066447,E FLAMINGO RD,,E FLAMINGO RD,BOULDER HWY,BOULDER,BOULDER HWY,2021-09-16T00:00:00.000,2,LAS VEGAS,CLARK,CLARK,673963.887799999,3998427.56709999
LVM231200048784,E BONANZA RD,,E BONANZA RD,REEF DR,,REEF DR,2023-12-15T00:00:00.000,532,LAS VEGAS,CLARK,CLARK,671270.854,4004871.03339999
SPPD21-7723,SPARKS BLVD,,SPARKS BLVD,E PRATER WAY,,E PRATER WAY,2021-09-09T00:00:00.000,2106,SPARKS,WASHOE,WASHOE,266666.8913,4380404.78979999
NHP210101988,SR157,,SR157,OTHER,CLARK COUNTY MILE MARKER 8,OTHER,2021-01-30T00:00:00.000,1525,,CLARK,CLARK,632632.597799999,4015306.8036
LVM220100121072,E BONANZA RD,,E BONANZA RD,WARDELLE ST,,WARDELLE ST,2022-01-30T00:00:00.000,2317,LAS VEGAS,CLARK,CLARK,670044.9637,4004874.25689999
NHP211100549,OTHER,IR15 N,OTHER,OTHER,SPRING MTN W TO IR15 N,OTHER,2021-11-07T00:00:00.000,2347,LAS VEGAS,CLARK,CLARK,,
RPD20-21145,KIETZKE LN,,KIETZKE LN,GALLETTI WAY,,GALLETTI WAY,2020-12-01T00:00:00.000,2138,RENO,WASHOE,WASHOE,260629.7236,4379496.0
CLSD22099700,PARKSIDE WAY,,PARKSIDE WAY,PARK VISTA DR,,PARK VISTA DR,2022-09-19T00:00:00.000,1524,LAS VEGAS,CLARK,CLARK,648996.593999999,4003886.21969999
NLPD2104110006066,CIVIC CENTER DR,,CIVIC CENTER DR,CONSTITUTION WAY,,CONSTITUTION WAY,2021-04-11T00:00:00.000,2050,NORTH LAS VEGAS,CLARK,CLARK,669230.8896,4007542.0204
ELPD2022-08903,13TH ST,,13TH ST,IDAHO ST,,IDAHO ST,2022-05-24T00:00:00.000,1629,ELKO,ELKO,ELKO,604892.632399999,4521612.17589999
NHP211200769,SR373,,SR373,OTHER,MILE MARKER 15,OTHER,2021-12-10T00:00:00.000,1730,,NYE,NYE,553313.2312,4053395.25129999
LVM190700150861,E TROPICANA AVE,,E TROPICANA AVE,ANDOVER DR,,ANDOVER DR,2019-07-30T00:00:00.000,2047,LAS VEGAS,CLARK,CLARK,675214.324699999,3996844.93099999
RPD21-4284,W MOANA LN,,W MOANA LN,S VIRGINIA ST,,S VIRGINIA ST,2021-03-11T00:00:00.000,1827,RENO,WASHOE,WASHOE,259515.363699999,4375059.095
EUSO1909-0015,,,,W BATEMAN ST,,W BATEMAN ST,2019-09-14T00:00:00.000,1058,,EUREKA,EUREKA,589333.212799999,4374121.82049999
NHP190400502,IR580,,IR580,GLENDALE AVE,GLENDALE AVE,GLENDALE AVE,2019-04-06T00:00:00.000,2025,RENO,WASHOE,WASHOE,260717.430599999,4378306.32689999
LVM191000035239,E OWENS AVE,,E OWENS AVE,N EASTERN AVE,,N EASTERN AVE,2019-10-08T00:00:00.000,1113,LAS VEGAS,CLARK,CLARK,669393.697399999,4006502.6392
LVM221200022768,LAKE MEAD BLVD,,SR147E,OTHER,N NELLIS BLVD,SR612,2022-12-06T00:00:00.000,1551,LAS VEGAS,CLARK,CLARK,674230.8125,4007455.5
NHP190101646,OTHER,SR604 US95 ON RAMP,OTHER,OTHER,SR604,OTHER,2019-01-19T00:00:00.000,2017,RENO,CLARK,CLARK,667487.75,4004858.75
LVM200300081822,POLARIS AVE,,POLARIS AVE,W RUSSELL RD,,W RUSSELL RD,2020-03-18T00:00:00.000,1510,LAS VEGAS,CLARK,CLARK,663357.081299999,3995390.22819999
LVM210400076914,S LAS VEGAS BLVD,,S LAS VEGAS BLVD,E SILVERADO RANCH BLVD,,E SILVERADO RANCH BLVD,2021-04-17T00:00:00.000,2032,LAS VEGAS,CLARK,CLARK,664701.677699999,3986763.69439999
LVM210700063652,REDWOOD ST,,REDWOOD ST,W SAHARA AVE,,W SAHARA AVE,2021-07-14T00:00:00.000,1229,LAS VEGAS,CLARK,CLARK,658078.851599999,4001376.06479999
LVM190100088583,S LAMB BLVD,,S LAMB BLVD,RIDGEDALE AVE,,RIDGEDALE AVE,2019-01-19T00:00:00.000,1402,LAS VEGAS,CLARK,CLARK,672496.327499999,4000495.0438
LVM230400081289,E TROPICANA AVE,,SR593,OTHER,NELLIS,SR612,2023-04-18T00:00:00.000,1523,LAS VEGAS,CLARK,CLARK,674147.4455,3996800.37989999
LVM230300030729,OTHER,BOULDER HWY,BOULDER HWY,E FLAMINGO RD,,E FLAMINGO RD,2023-03-08T00:00:00.000,304,LAS VEGAS,CLARK,CLARK,673923.315299999,3998520.8647
LVM230100000391,OTHER,E LAKE MEAD BLVD,E LAKE MEAD BLVD,OTHER,N WALNUT RD,N WALNUT RD,2023-01-01T00:00:00.000,104,LAS VEGAS,CLARK,CLARK,671887.573499999,4007347.4613
NHP220401731,CC215S TO IR15SCD1 INT12A,,CC215S TO IR15SCD1 INT12A,OTHER,IR15S,IR15SCD1,2022-04-25T00:00:00.000,536,LAS VEGAS,CLARK,CLARK,663811.512699999,3991960.38279999
LVM201000049042,E WIGWAM AVE,,E WIGWAM AVE,CHATHAM VALLEY ST,,CHATHAM VALLEY ST,2020-10-11T00:00:00.000,2139,,CLARK,CLARK,668352.0169,3989471.74269999
LVM211200121701,N DECATUR BLVD,,N DECATUR BLVD,W WASHINGTON AVE,,W WASHINGTON AVE,2021-12-30T00:00:00.000,1729,LAS VEGAS,CLARK,CLARK,661312.6412,4005509.367
RPD20-18748,W 2ND ST,,W 2ND ST,N ARLINGTON AVE,,N ARLINGTON AVE,2020-10-20T00:00:00.000,1605,RENO,WASHOE,WASHOE,257864.666199999,4378963.2529
LVM200100075401,E HACIENDA AVE,,E HACIENDA AVE,S NELLIS BLVD,,S NELLIS BLVD,2020-01-16T00:00:00.000,1540,LAS VEGAS,CLARK,CLARK,674296.131199999,3995985.3878
NHP190601522,OTHER,MLK BLVD S,OTHER,OTHER,MINERAL AVE,OTHER,2019-06-19T00:00:00.000,2208,RENO,CLARK,CLARK,665411.0706,4004738.093
LVM231000063488,E WASHINGTON AVE,,E WASHINGTON AVE,21ST ST,,21ST ST,2023-10-19T00:00:00.000,605,LAS VEGAS,CLARK,CLARK,669007.757699999,4005681.8065
LVM190300039297,S RAINBOW BLVD,,S RAINBOW BLVD,W HACIENDA AVE,,W HACIENDA AVE,2019-03-09T00:00:00.000,215,LAS VEGAS,CLARK,CLARK,658190.2947,3995435.0061
LVM190600084583,W HACIENDA AVE,,W HACIENDA AVE,ARVILLE ST,,ARVILLE ST,2019-06-18T00:00:00.000,1232,LAS VEGAS,CLARK,CLARK,662095.863199999,3995832.17129999
HP23-21708,ANTHEM PKWY,,ANTHEM PKWY,ATCHLEY DR,,ATCHLEY DR,2023-11-02T00:00:00.000,1406,HENDERSON,CLARK,CLARK,672034.8814,3980318.216
LVM220800017502,E BRIDGER AVE,,E BRIDGER AVE,S 1ST ST,,S 1ST ST,2022-08-05T00:00:00.000,302,LAS VEGAS,CLARK,CLARK,666684.244099999,4004269.3966
LVM211200077788,N DECATUR BLVD,,N DECATUR BLVD,W WASHINGTON AVE,,W WASHINGTON AVE,2021-12-19T00:00:00.000,1541,LAS VEGAS,CLARK,CLARK,661322.3168,4005509.83929999
LVM201000043172,E CHARLESTON BLVD,,E CHARLESTON BLVD,S MARYLAND PKWY,,S MARYLAND PKWY,2020-10-10T00:00:00.000,1346,LAS VEGAS,CLARK,CLARK,667703.2706,4003183.8538
LVM190900019384,E TROPICANA AVE,,E TROPICANA AVE,TAMARUS ST,,TAMARUS ST,2019-09-04T00:00:00.000,2126,LAS VEGAS,CLARK,CLARK,668114.847,3996762.7254
LVM221200115535,W LAKE MEAD BLVD,,ROCK SPRINGS DR,ROCK SPRINGS DR,,W LAKE MEAD BLVD,2022-12-29T00:00:00.000,2220,LAS VEGAS,CLARK,CLARK,657607.36,4007110.70419999
LVM231200043505,IDLEWOOD AVE,,IDLEWOOD AVE,LONGFELLOW ST,,LONGFELLOW ST,2023-12-13T00:00:00.000,1713,LAS VEGAS,CLARK,CLARK,671942.711099999,4011030.19539999
SPPD22-3722,HOWARD DR,,HOWARD DR,NICHOLS BLVD,,NICHOLS BLVD,2022-05-12T00:00:00.000,1045,SPARKS,WASHOE,WASHOE,265166.8298,4379646.10089999
LVM221100004375,RANCHO DR,,SR599N,VEGAS DR,,VEGAS DR,2022-11-02T00:00:00.000,450,LAS VEGAS,CLARK,CLARK,663120.8057,4006384.86749999
LVM210600009450,STEWART AVE,,STEWART AVE,N 11TH ST,,N 11TH ST,2021-06-02T00:00:00.000,2344,LAS VEGAS,CLARK,CLARK,667983.9215,4004266.26779999
LVM220600065591,S LAMB BLVD,,BOULDER HWY,BOULDER HWY,,E DESERT INN RD,2022-06-17T00:00:00.000,1516,LAS VEGAS,CLARK,CLARK,672596.432799999,3999874.0017
LVM210200005691,W CHARLESTON BLVD,,W CHARLESTON BLVD,S RAINBOW BLVD,,SR595,2021-02-02T00:00:00.000,1014,LAS VEGAS,CLARK,CLARK,657957.367899999,4003023.5327
LVM191200022609,MT MCKINLEY AVE,,MT MCKINLEY AVE,TOIYABE ST,,TOIYABE ST,2019-12-03T00:00:00.000,602,LAS VEGAS,CLARK,CLARK,676014.1781,4007628.93249999
LVM210500059500,OTHER,CANYON OVERLOOK,OTHER,OTHER,STARDUST,OTHER,2021-05-13T00:00:00.000,1303,LAS VEGAS,CLARK,CLARK,667232.6506,4004318.4528
LVM231000104841,W DORRELL LN,,W DORRELL LN,N DURANGO DR,,N DURANGO DR,2023-10-31T00:00:00.000,943,LAS VEGAS,CLARK,CLARK,653754.461199999,4017270.4371
LVM220200097725,S EASTERN AVE,,S EASTERN AVE,E SILVERADO RANCH BLVD,,E SILVERADO RANCH BLVD,2022-02-24T00:00:00.000,144,LAS VEGAS,CLARK,CLARK,669547.086799999,3986863.90379999
LVM230200066903,RIDGEDALE AVE,,RIDGEDALE AVE,S LAMB BLVD,,S LAMB BLVD,2023-02-16T00:00:00.000,2233,LAS VEGAS,CLARK,CLARK,672506.678299999,4000497.63429999
LVM200100133872,S EL CAPITAN WAY,,S EL CAPITAN WAY,W WARM SPRINGS RD,,W WARM SPRINGS RD,2020-01-28T00:00:00.000,1518,LAS VEGAS,CLARK,CLARK,654187.3479,3991464.0996
RPD20-14153,E 2ND ST,,E 2ND ST,S WELLS AVE,,S WELLS AVE,2020-08-14T00:00:00.000,839,RENO,WASHOE,WASHOE,259075.6687,4379053.87939999
NHP190700189,US50,,US50,KAHLE DR,,KAHLE DR,2019-07-03T00:00:00.000,821,RENO,DOUGLAS,DOUGLAS,245717.615799999,4317578.7881
LVM211200021785,S LAS VEGAS BLVD,,S LAS VEGAS BLVD,E HARMON AVE,,E HARMON AVE,2021-12-06T00:00:00.000,455,,CLARK,CLARK,664447.8448,3997562.39169999
HP20-04484,RAMROD AVE,,RAMROD AVE,MOUNTAIN VISTA ST,,MOUNTAIN VISTA ST,2020-03-03T00:00:00.000,712,HENDERSON,CLARK,CLARK,673496.2072,3994132.98939999
NHP200601386,OTHER,US95 NORTHBOUND ON RAMP,OTHER,OTHER,SR582,OTHER,2020-06-24T00:00:00.000,1209,,CLARK,CLARK,671982.297399999,4000569.9096
NHP220600449,US395N,,US395N,OTHER,TOPSY,Mile Post 33,2022-06-07T00:00:00.000,1315,,DOUGLAS,DOUGLAS,260052.5398,4331479.7116
NLPD1902200003714,VILLA ESPANA WAY,,VILLA ESPANA WAY,VISTA DEL RANCHO WAY,,VISTA DEL RANCHO WAY,2019-02-20T00:00:00.000,2116,NORTH LAS VEGAS,CLARK,CLARK,666691.838,4013695.25559999
SPPD22-6686,GALLERIA PKWY,,GALLERIA PKWY,DISC DR,,DISC DR,2022-08-23T00:00:00.000,1430,SPARKS,WASHOE,WASHOE,264617.6271,4384330.01009999
2208-066572,RUSSELL RD,,RUSSELL RD,OTHER,SR582,SR582N,2022-08-17T00:00:00.000,0,LAS VEGAS,CLARK,CLARK,676868.903599999,3995028.8263
NHP210902208,IR15 N,,IR15 N,OTHER,IR15/TROPICAL PARKWAY OFF RAMP,OTHER,2021-08-27T00:00:00.000,2206,,CLARK,CLARK,674104.941399999,4015534.91159999
LVM220300121746,BLUE DIAMOND RD,BLUE DIAMOND,SR160N,S DECATUR BLVD,DECATUR,S DECATUR BLVD,2022-03-29T00:00:00.000,1814,LAS VEGAS,CLARK,CLARK,661333.653099999,3988971.8617
LVM230400061970,OTHER,W SKY CANYON PARK DR,SKY CANYON PARK DR,OTHER,N SHAUMBER RD,SHAUMBER RD,2023-04-14T00:00:00.000,1023,LAS VEGAS,CLARK,CLARK,,
LVM220700015541,MILLER AVE,,MILLER AVE,REVERE ST,,REVERE ST,2022-07-04T00:00:00.000,2047,LAS VEGAS,CLARK,CLARK,666080.326799999,4007944.2782
LVM231000052176,CHARLESTON BLVD,W CHARLESTON BLVD,CHARLESTON BLVD,S COMMERCE ST,S COMMERCE ST,S COMMERCE ST,2023-10-15T17:00:00.000,123,LAS VEGAS,CLARK,CLARK,665924.4724,4003147.4374
CCSO20-3780,N EDMONDS DR,,N EDMONDS DR,FAIRVIEW DR,,FAIRVIEW DR,2020-07-10T00:00:00.000,103,CARSON CITY,CARSON CITY,CARSON CITY,263282.6473,4337105.4572
LVM200100139160,W WASHINGTON AVE,,W WASHINGTON AVE,LONGFORD MEDICAL DR,,LONGFORD MEDICAL DR,2020-01-29T00:00:00.000,1453,LAS VEGAS,CLARK,CLARK,657003.876,4005474.19129999
LVM200100106811,S HOLLYWOOD BLVD,,S HOLLYWOOD BLVD,E SAHARA AVE,,E SAHARA AVE,2020-01-23T00:00:00.000,927,LAS VEGAS,CLARK,CLARK,677316.971099999,4001772.2202
NHP221101399,IR80W,IR80,IR80W TO KEYSTONE AVE INT12,KEYSTONE AVE,KEYSTONE,KEYSTONE AVE,2022-11-18T00:00:00.000,45,,WASHOE,WASHOE,256723.4374,4379400.36119999
LVM200800037979,W CHARLESTON BLVD,,W CHARLESTON BLVD,S RAINBOW BLVD,,S RAINBOW BLVD,2020-08-09T00:00:00.000,1809,LAS VEGAS,CLARK,CLARK,658025.027499999,4003024.98029999
HP23-00723,IONE RD,,IONE RD,S EASTERN AVE,,S EASTERN AVE,2023-01-12T00:00:00.000,1206,HENDERSON,CLARK,CLARK,669692.319199999,3986655.56959999
RPD20-8329,W 7TH ST,,W 7TH ST,SIERRA HIGHLANDS DR,,SIERRA HIGHLANDS DR,2020-05-16T00:00:00.000,1228,RENO,WASHOE,WASHOE,253405.5629,4380437.5569
LVM231000071147,E SAHARA AVE,,E SAHARA AVE,NELLIS BLVD,,SR612,2023-10-21T00:00:00.000,924,LAS VEGAS,CLARK,CLARK,674049.633899999,4001687.85669999
CLSD22085810,E SAN MIGUEL AVE,,E SAN MIGUEL AVE,N LAMONT ST,,N LAMONT ST,2022-08-19T00:00:00.000,1505,LAS VEGAS,CLARK,CLARK,673584.065899999,4011912.3036
NLPD23100800201,E TONOPAH AVE,,E TONOPAH AVE,MCCARRAN ST,,MCCARRAN ST,2023-10-07T17:00:00.000,2303,NORTH LAS VEGAS,CLARK,CLARK,669742.002299999,4006913.8845
LVM230100017211,N TENAYA WAY,,N TENAYA WAY,RIVER RUN DR,,RIVER RUN DR,2023-01-05T00:00:00.000,637,LAS VEGAS,CLARK,CLARK,657241.124499999,4006651.74459999
LVM200100006873,SPRING MOUNTAIN RD,,SPRING MOUNTAIN RD,POLARIS AVE,,POLARIS AVE,2020-01-02T00:00:00.000,952,LAS VEGAS,CLARK,CLARK,663287.440799999,3999487.63829999
RPD22-14590,ODDIE BLVD,,ODDIE BLVD,MONTELLO ST,,MONTELLO ST,2022-08-06T00:00:00.000,1835,RENO,WASHOE,WASHOE,259833.781399999,4381031.75929999
LVM230500082703,13TH ST,,13TH ST,OTHER,STEWART AVE,STEWART AVE,2023-05-17T00:00:00.000,1208,LAS VEGAS,CLARK,CLARK,668189.4823,4004158.877
LVM221200114545,E DESERT INN RD,,E DESERT INN RD,S PECOS RD,,S PECOS RD,2022-12-29T00:00:00.000,1733,LAS VEGAS,CLARK,CLARK,670822.706899999,4000003.5723
LVM220300036698,AUTUMN GLEN CIR,,E MONROE AVE,E MONROE AVE,,AUTUMN GLEN CIR,2022-03-09T00:00:00.000,1552,LAS VEGAS,CLARK,CLARK,672765.9511,4006145.6718
RPD22-21401,E PLUMB LN,,E PLUMB LN,YORI AVE,,YORI AVE,2022-11-16T00:00:00.000,724,RENO,WASHOE,WASHOE,259812.7328,4376638.697
ELPD23EP-18365,CLARKSON DR,,CLARKSON DR,S 12TH ST,,S 12TH ST,2023-11-13T00:00:00.000,1927,ELKO,ELKO,ELKO,605856.1934,4520900.10109999
RPD23-9612,STEAD BLVD,,STEAD BLVD,SILVER LAKE RD,,SILVER LAKE RD,2023-06-02T00:00:00.000,715,RENO,WASHOE,WASHOE,252627.7466,4390159.8723
NHP220400692,OTHER,IR15/SPRING MTN NB OFF RAMP,IR15N TO SPRING MOUNTAIN RD INT39,OTHER,IR15,IR15N,2022-04-10T00:00:00.000,958,LAS VEGAS,CLARK,CLARK,663860.9901,3999351.3954
LVM231100086103,S NELLIS BLVD,,SR612,OTHER,PUEBLO DEL SOL,E TWAIN AVE,2023-11-24T00:00:00.000,2005,LAS VEGAS,CLARK,CLARK,674149.4325,3998941.12209999
LVM210100128182,S EASTERN AVE,,S EASTERN AVE,E WARM SPRINGS RD,,E WARM SPRINGS RD,2021-01-29T00:00:00.000,44,,CLARK,CLARK,669480.779199999,3991892.44849999
LVM190400133668,N RAINBOW BLVD,,N RAINBOW BLVD,SMOKE RANCH RD,,SMOKE RANCH RD,2019-04-27T00:00:00.000,1843,LAS VEGAS,CLARK,CLARK,658021.260099999,4007891.35669999
LVM200200073220,BOULDER HWY,,BOULDER HWY,S NELLIS BLVD,,S NELLIS BLVD,2020-02-15T00:00:00.000,1631,LAS VEGAS,CLARK,CLARK,674191.6875,3998242.25
RPD23-10421,DOUBLE DIAMOND PKWY,,DOUBLE DIAMOND PKWY,DOUBLE R BLVD,,DOUBLE R BLVD,2023-06-15T00:00:00.000,816,RENO,WASHOE,WASHOE,263245.571499999,4367650.4307
LVM190600114384,RYE ST,,RYE ST,W SAHARA AVE,,W SAHARA AVE,2019-06-24T00:00:00.000,1644,LAS VEGAS,CLARK,CLARK,663247.6699,4001486.8998
SPPD23-7435,BRIERLEY WAY,,SALOMON CIR,VISTA BLVD,,VISTA BLVD,2023-09-27T00:00:00.000,2141,SPARKS,WASHOE,WASHOE,267897.047199999,4379255.0413
NHP200701603,OTHER,EASTERN,OTHER,OTHER,US95 NB OFF RAMP,OTHER,2020-07-26T00:00:00.000,2102,,CLARK,CLARK,669446.7675,4004444.1698
NLPD2009090014865,W ROME BLVD,,W ROME BLVD,N DECATUR BLVD,,N DECATUR BLVD,2020-09-09T00:00:00.000,855,NORTH LAS VEGAS,CLARK,CLARK,661121.600499999,4016515.05
LVM211200013683,FREMONT ST,,FREMONT ST,N 8TH ST,FREMONT,N 8TH ST,2021-12-04T00:00:00.000,257,LAS VEGAS,CLARK,CLARK,667538.042299999,4004162.2379
NLPD2208160015332,ALLEN LN,,ALLEN LN,GILMORE AVE,,GILMORE AVE,2022-08-16T00:00:00.000,1418,NORTH LAS VEGAS,CLARK,CLARK,662751.7887,4010808.79289999
RPD19-10657,KIRMAN AVE,,KIRMAN AVE,RYLAND ST,,RYLAND ST,2019-06-05T00:00:00.000,845,RENO,WASHOE,WASHOE,259467.5773,4378649.7692
LVM190500004637,E FLAMINGO RD,,E FLAMINGO RD,PARADISE RD,,PARADISE RD,2019-05-01T00:00:00.000,2215,LAS VEGAS,CLARK,CLARK,666017.9139,3998199.9681
LVM190100017912,S RANCHO DR,,S RANCHO DR,PARK WAY DR,,PARK WAY DR,2019-01-04T00:00:00.000,1135,LAS VEGAS,CLARK,CLARK,664349.764899999,4004120.62749999
LVM200900046156,E SAHARA AVE,,E SAHARA AVE,S MARYLAND PKWY,,S MARYLAND PKWY,2020-09-10T00:00:00.000,2038,,CLARK,CLARK,667822.917799999,4001562.17049999
LVM220200074995,S MARYLAND PKWY,,S MARYLAND PKWY,VEGAS VALLEY DR,,VEGAS VALLEY DR,2022-02-18T00:00:00.000,1654,LAS VEGAS,CLARK,CLARK,667639.2015,4000637.2496
LVM191100128931,E FLAMINGO RD,,E FLAMINGO RD,SWENSON ST,,SWENSON ST,2019-11-27T00:00:00.000,1943,LAS VEGAS,CLARK,CLARK,666823.3205,3998260.75
LVM220300015277,JOE W BROWN DR,,JOE W BROWN DR,E DESERT INN RD,,E DESERT INN RD,2022-03-04T00:00:00.000,1319,LAS VEGAS,CLARK,CLARK,666815.2888,4000015.6763
NHP200600764,N SIERRA ST,,N SIERRA ST,OTHER,W SECOND ST,OTHER,2020-06-13T00:00:00.000,2342,,WASHOE,WASHOE,258078.868999999,4379006.2408
WNPD22-0806,4TH,,4TH,HANSON ST,,HANSON ST,2022-08-16T00:00:00.000,1508,WINNEMUCCA,HUMBOLDT,HUMBOLDT,,
ELPD2022-19171,IDAHO ST,,E IDAHO ST,12TH ST,,12TH ST,2022-10-31T00:00:00.000,1851,ELKO,ELKO,ELKO,604815.7717,4521525.97289999
LVM200900099542,W ALI BABA LN,,W ALI BABA LN,DEAN MARTIN DR,,DEAN MARTIN DR,2020-09-22T00:00:00.000,2005,,CLARK,CLARK,663574.281399999,3996061.55839999
RPD23-113129,N SIERRA ST,,N SIERRA ST,COLLEGE DR,,COLLEGE DR,2023-12-13T00:00:00.000,1325,RENO,WASHOE,WASHOE,257678.055399999,4380629.717
NLPD2205290009851,N PECOS RD,,N PECOS RD,E TROPICAL PKWY,,E TROPICAL PKWY,2022-05-29T00:00:00.000,413,NORTH LAS VEGAS,CLARK,CLARK,670782.064899999,4015475.25049999
LVM190100102811,W LAKE MEAD BLVD,,W LAKE MEAD BLVD,N TENAYA WAY,,N TENAYA WAY,2019-02-07T00:00:00.000,1455,LAS VEGAS,CLARK,CLARK,657223.153199999,4007111.6563
UNLV220337,S MARYLAND PKWY,,S MARYLAND PKWY,E HARMON AVE,,E HARMON AVE,2022-03-03T00:00:00.000,1001,,CLARK,CLARK,667652.9818,3997506.46199999
LVM190500094066,N LAS VEGAS BLVD,,N LAS VEGAS BLVD,BEESLEY DR,,BEESLEY DR,2019-05-19T00:00:00.000,2125,LAS VEGAS,CLARK,CLARK,676299.0174,4013487.1498
HP22-03709,HIGH VIEW DR,,HIGH VIEW DR,N GREEN VALLEY PKWY,,N GREEN VALLEY PKWY,2022-02-26T00:00:00.000,1443,HENDERSON,CLARK,CLARK,672688.912299999,3993080.003
LVM200900114156,N LAMB BLVD,,N LAMB BLVD,STEWART AVE,,STEWART AVE,2020-09-26T00:00:00.000,1306,LAS VEGAS,CLARK,CLARK,672653.4641,4003954.28629999
HP21-22554,CARNEGIE ST,,CARNEGIE ST,COZY HILL CIR,,COZY HILL CIR,2021-12-03T00:00:00.000,729,HENDERSON,CLARK,CLARK,671685.0986,3987012.2705
LVM220800034703,E WASHINGTON AVE,,E WASHINGTON AVE,N SLOAN LN,,N SLOAN LN,2022-08-09T00:00:00.000,824,,CLARK,CLARK,675851.105999999,4005852.6905
NHP230801287,OTHER,IR80,IR80E,OTHER,VIRGINIA,N VIRGINIA ST,2023-08-18T00:00:00.000,808,,WASHOE,WASHOE,258160.6067,4379918.01579999
LVM191100055988,W OWENS AVE,,W OWENS AVE,A ST,,A ST,2019-11-12T00:00:00.000,1820,LAS VEGAS,CLARK,CLARK,667055.3667,4006446.5009
LVM190700140178,N RAINBOW BLVD,,N RAINBOW BLVD,OTHER,CHEYENNE COMMONS,OTHER,2019-07-28T00:00:00.000,1833,LAS VEGAS,CLARK,CLARK,657995.478799999,4009271.3596
LVM200200083890,N CASINO CENTER BLVD,,N CASINO CENTER BLVD,E OGDEN AVE,,E OGDEN AVE,2020-02-17T00:00:00.000,2349,LAS VEGAS,CLARK,CLARK,666985.2772,4004608.50579999
RPD23-4123,E MOANA LN,,E MOANA LN,KIETZKE LN,,KIETZKE LN,2023-03-06T00:00:00.000,2107,RENO,WASHOE,WASHOE,260150.945899999,4375193.65489999
NLPD2203230005204,KIM LN,,KIM LN,E EVANS AVE,,E EVANS AVE,2022-03-23T00:00:00.000,30,NORTH LAS VEGAS,CLARK,CLARK,669911.6003,4008933.3604
HP21-02605,PASEO VERDE PKWY,,PASEO VERDE PKWY,VILLAGE PARK DR,,VILLAGE PARK DR,2021-02-11T00:00:00.000,1820,HENDERSON,CLARK,CLARK,672403.539099999,3987764.9251
LVM200400101545,N MICHAEL WAY,,N MICHAEL WAY,ALICIA PARK AVE,,ALICIA PARK AVE,2020-04-21T00:00:00.000,1513,LAS VEGAS,CLARK,CLARK,660408.862499999,4008578.4108
LVM200500142339,SAN BERNARDINO AVE,,SAN BERNARDINO AVE,S VALLEY VIEW BLVD,,S VALLEY VIEW BLVD,2020-05-29T00:00:00.000,1155,LAS VEGAS,CLARK,CLARK,662774.933799999,4001369.4241
NHP210200793,OTHER,IR215 SOUTHBOUND,OTHER,OTHER,CHEYENNE AVENUE OFF RAMP,OTHER,2021-02-12T00:00:00.000,2003,,CLARK,CLARK,,
LVM210700010369,S DECATUR BLVD,,S DECATUR BLVD,W SAHARA AVE,,W SAHARA AVE,2021-07-03T00:00:00.000,232,LAS VEGAS,CLARK,CLARK,661209.6353,4001466.5795
LVM211200039057,W ALEXANDER RD,,W ALEXANDER RD,CLIFF SHADOWS PKWY,,CLIFF SHADOWS PKWY,2021-12-10T00:00:00.000,714,LAS VEGAS,CLARK,CLARK,650099.7581,4011029.31149999
LVM231200025368,VEGAS VALLEY DR,,VEGAS VALLEY DR,NELLIS BLVD,,SR612,2023-12-08T00:00:00.000,1236,LAS VEGAS,CLARK,CLARK,674054.6293,4000871.30929999
HP21-15951,W WARM SPRINGS RD,,W WARM SPRINGS RD,CEBOLLA ST,,CEBOLLA ST,2021-08-30T00:00:00.000,1750,HENDERSON,CLARK,CLARK,674531.5778,3991912.69529999
RPD23-16117,SUTRO ST,,SUTRO ST,E 4TH ST,,E 4TH ST,2023-09-04T00:00:00.000,1729,RENO,WASHOE,WASHOE,259534.087799999,4379666.56259999
LVM221100086970,S RAINBOW BLVD,,S RAINBOW BLVD,W SHELBOURNE AVE,SHELBOURNE,SHELBOURNE,2022-11-23T00:00:00.000,1434,LAS VEGAS,CLARK,CLARK,658250.1578,3989545.69109999
LVM200300043975,S MARYLAND PKWY,,S MARYLAND PKWY,E SAHARA AVE,,E SAHARA AVE,2020-03-10T00:00:00.000,1413,LAS VEGAS,CLARK,CLARK,667625.360999999,4001416.59789999
NHP200700508,OTHER,CRAIG,OTHER,OTHER,IR15/CRAIG NB OFF RAMP,OTHER,2020-07-09T00:00:00.000,1653,,CLARK,CLARK,670724.0,4012265.25
NLPD2111250020554,N MARTIN L KING BLVD,,N MARTIN L KING BLVD,W CRAIG RD,,W CRAIG RD,2021-11-25T00:00:00.000,1617,NORTH LAS VEGAS,CLARK,CLARK,665164.247999999,4012019.34439999
RPD22-16334,SUTRO ST,,SUTRO ST,ODDIE BLVD,,ODDIE BLVD,2022-09-01T00:00:00.000,1701,RENO,WASHOE,WASHOE,259516.6983,4381036.6611
LVM190100112248,E WYOMING AVE,,E WYOMING AVE,S LAMB BLVD,,S LAMB BLVD,2019-01-24T00:00:00.000,1038,LAS VEGAS,CLARK,CLARK,672436.6079,4002495.1853
LVM210400107440,ESCONDIDO ST,S ESCONDIDO ST,ESCONDIDO ST,E FLAMINGO RD,E FLAMINGO RD,E FLAMINGO RD,2021-04-24T00:00:00.000,1022,LAS VEGAS,CLARK,CLARK,667806.9674,3998266.23589999
LVM221000116811,N GRAND CANYON DR,,N GRAND CANYON DR,EAGLE CANYON AVE,,EAGLE CANYON AVE,2022-10-30T00:00:00.000,1813,LAS VEGAS,CLARK,CLARK,652092.109799999,4019703.2127
LVM231000099505,W WARM SPRINGS RD,,W WARM SPRINGS RD,S BUFFALO DR,,S BUFFALO DR,2023-10-29T00:00:00.000,1729,LAS VEGAS,CLARK,CLARK,656589.2981,3991516.44959999
LVM200900015615,E CHARLESTON BLVD,,E CHARLESTON BLVD,S LAS VEGAS BLVD,,S LAS VEGAS BLVD,2020-09-04T00:00:00.000,1027,LAS VEGAS,CLARK,CLARK,666585.100899999,4003158.94009999
LVM220900052934,CERRITO ST,,CERRITO ST,SAN RAFAEL AVE,,SAN RAFAEL AVE,2022-09-13T00:00:00.000,1735,LAS VEGAS,CLARK,CLARK,673843.285,3996400.3241
LVM230400067550,W HARMON AVE,,ARVILLE ST,ARVILLE ST,,HARMON AVE,2023-04-15T00:00:00.000,1605,LAS VEGAS,CLARK,CLARK,662075.478299999,3997470.64379999
RPD22-14342,KIRMAN AVE,,KIRMAN AVE,CAPITOL HILL AVE,,CAPITOL HILL AVE,2022-08-03T00:00:00.000,735,RENO,WASHOE,WASHOE,259431.139399999,4377173.55379999
LVM220900006644,S DURANGO DR,,S DURANGO DR,W WARM SPRINGS RD,,W WARM SPRINGS RD,2022-09-02T00:00:00.000,1417,LAS VEGAS,CLARK,CLARK,654999.2209,3991272.60009999
LVM230900021632,S RAINBOW DR,,S RAINBOW BLVD,W BADURA,W BADURA,W BADURA AVE,2023-09-06T00:00:00.000,2142,LAS VEGAS,CLARK,CLARK,658284.4961,3992295.94629999
HP21-08921,BOULDER HWY S,,BOULDER HWY,WAGONWHEEL AVE,,WAGONWHEEL AVE,2021-05-18T00:00:00.000,16,HENDERSON,CLARK,CLARK,686352.491299999,3985644.63499999
NLPD2302120002960,BLACK OAKS ST,,BLACK OAKS ST,HIGH PARK AVE,,HIGH PARK AVE,2023-02-12T00:00:00.000,17,NORTH LAS VEGAS,CLARK,CLARK,665406.806099999,4016335.69969999
LVM191200079825,MCLEOD DR,,MCLEOD DR,PALORA AVE,,PALORA AVE,2019-12-17T00:00:00.000,1705,LAS VEGAS,CLARK,CLARK,670081.426699999,4000439.39589999
LVM221000047186,S EASTERN AVE,,S EASTERN AVE,WARM SPRINGS RD,,WARM SPRINGS RD,2022-10-12T00:00:00.000,1744,LAS VEGAS,CLARK,CLARK,669481.365199999,3991875.81489999
LVM200300144477,S RAINBOW BLVD,,S RAINBOW BLVD,W BADURA AVE,,W BADURA AVE,2020-03-30T00:00:00.000,2033,LAS VEGAS,CLARK,CLARK,658281.146399999,3992229.59679999
RPD23-6183,UNIVERSITY WAY,,FRWA24/N CENTER ST TO IR80E INT13,IR80E,,N CENTER ST,2023-04-08T00:00:00.000,315,RENO,WASHOE,WASHOE,258131.643699999,4379874.83479999
SPPD20-491,EL RANCHO DR,,EL RANCHO DR,ODDIE BL,,ODDIE BL,2020-01-16T00:00:00.000,1739,SPARKS,WASHOE,WASHOE,261451.9111,4380931.7113
LVM190100072533,W LAKE MEAD BLVD,,W LAKE MEAD BLVD,N TORREY PINES DR,,N TORREY PINES DR,2019-01-16T00:00:00.000,506,LAS VEGAS,CLARK,CLARK,658857.019999999,4007112.23269999
LVM210800068367,MOUNTAIN VISTA ST,,MOUNTAIN VISTA ST,PLAZA DE VISTA,,PLAZA DE VISTA,2021-08-16T00:00:00.000,2253,LAS VEGAS,CLARK,CLARK,673484.925099999,3995410.79399999
HP19-03314,GIBSON RD,,GIBSON RD,TRAIL CANYON RD,,TRAIL CANYON RD,2019-02-12T00:00:00.000,1200,HENDERSON,CLARK,CLARK,677538.763,3990862.17039999
LVM230200002257,N LAS VEGAS BLVD,,N LAS VEGAS BLVD,E WILSON AVE,,E WILSON AVE,2023-02-01T00:00:00.000,1407,LAS VEGAS,CLARK,CLARK,667593.661999999,4005065.35139999
NLPD2308280017256,LOSEE RD,,LOSEE RD,ROME BLVD,,ROME BLVD,2023-08-28T00:00:00.000,2100,NORTH LAS VEGAS,CLARK,CLARK,669125.9149,4016651.22
LVM210700138513,N EASTERN AVE,,N EASTERN AVE,HINKLE DR,,HINKLE DR,2021-07-31T00:00:00.000,119,LAS VEGAS,CLARK,CLARK,669400.532999999,4006300.25769999
LVM211100044490,OTHER,E STEWART,OTHER,OTHER,1 ST,OTHER,2021-11-11T00:00:00.000,1448,LAS VEGAS,CLARK,CLARK,,
LVM190900131089,N DECATUR BLVD,,N DECATUR BLVD,W WASHINGTON AVE,,W WASHINGTON AVE,2019-09-27T00:00:00.000,1640,LAS VEGAS,CLARK,CLARK,661322.3168,4005509.83929999
NHP220301330,OTHER,SR160,SR160N,OTHER,DEAN MARTIN DR,DEAN MARTIN DR,2022-03-19T00:00:00.000,225,LAS VEGAS,CLARK,CLARK,663226.114699999,3990063.6026
LVM230800067266,KOVAL LN,,KOVAL LN,E TOMPKINS AVE,,E TOMPKINS AVE,2023-08-19T00:00:00.000,1012,LAS VEGAS,CLARK,CLARK,665274.6337,3997136.16269999
LVM210900070545,PARADISE RD,,PARADISE RD,E FLAMINGO RD,,E FLAMINGO RD,2021-09-16T00:00:00.000,2235,LAS VEGAS,CLARK,CLARK,666188.790799999,3998044.50259999
LVM230800111242,E BONNEVILLE AVE,,E BONNEVILLE AVE,CASINO CENTER BLVD,,CASINO CENTER BLVD,2023-08-31T00:00:00.000,2033,LAS VEGAS,CLARK,CLARK,666555.3662,4003842.42129999
LVM190900009058,W SAHARA AVE,,W SAHARA AVE,S VALLEY VIEW BLVD,,S VALLEY VIEW BLVD,2019-09-19T00:00:00.000,1636,LAS VEGAS,CLARK,CLARK,663013.6736,4001485.01259999
LVM230200003053,E ST LOUIS AVE,,E ST LOUIS AVE,FREMONT ST,,FREMONT ST,2023-02-01T00:00:00.000,1722,LAS VEGAS,CLARK,CLARK,670386.2481,4002026.0184
CLSD23118991,DEL REY AVE,,DEL REY AVE,REDWOOD ST,,REDWOOD ST,2023-10-24T00:00:00.000,711,LAS VEGAS,CLARK,CLARK,658499.162399999,4002625.00659999
LVM201100051330,E FLAMINGO RD,,E FLAMINGO RD,KOVAL LN,,KOVAL LN,2020-11-12T00:00:00.000,2133,,CLARK,CLARK,665221.2395,3998205.33699999
LVM210600062099,S NELLIS BLVD,,S NELLIS BLVD,VEGAS VALLEY DR,,VEGAS VALLEY DR,2021-06-14T00:00:00.000,440,,CLARK,CLARK,674059.085699999,4000801.26219999
LVM221100052023,E PYLE AVE,,E PYLE AVE,S MARYLAND PKWY,,S MARYLAND PKWY,2022-11-14T00:00:00.000,1833,LAS VEGAS,CLARK,CLARK,667907.661899999,3986257.36229999
NHP231200576,OTHER,SR604,SR604N,OTHER,US93,IR15N,2023-12-09T00:00:00.000,2000,LAS VEGAS,CLARK,CLARK,683800.120299999,4020125.37639999
LVM200200047020,N LAS VEGAS BLVD,,N LAS VEGAS BLVD,N NELLIS BLVD,,N NELLIS BLVD,2020-02-10T00:00:00.000,1509,LAS VEGAS,CLARK,CLARK,674140.855899999,4011874.48499999
LVM190300105413,E SAHARA AVE,,E SAHARA AVE,S MARYLAND PKWY,,S MARYLAND PKWY,2019-03-22T00:00:00.000,1140,LAS VEGAS,CLARK,CLARK,667556.379999999,4001551.31849999
DCSO19SO00254,KAHLE DR,,KAHLE DR,FARIS CT,,FARIS CT,2019-01-03T00:00:00.000,632,CARSON CITY,DOUGLAS,DOUGLAS,245453.9603,4317728.9012
LVM221000009552,W CHEYENNE AVE,,W CHEYENNE AVE,ROWLAND ST,,ROWLAND ST,2022-10-03T00:00:00.000,1119,LAS VEGAS,CLARK,CLARK,659671.69,4009465.8263
LVM200100083155,S LAS VEGAS BLVD,,S LAS VEGAS BLVD,SIRENS COVE BLVD,,SIRENS COVE BLVD,2020-01-18T00:00:00.000,450,LAS VEGAS,CLARK,CLARK,664639.0043,3999210.47039999
SPPD21-4979,PYRAMID WAY,,PYRAMID WAY,L ST,,L ST,2021-06-16T00:00:00.000,1427,SPARKS,WASHOE,WASHOE,263465.7361,4380945.36429999
LVM220100103609,E PYLE AVE,,E PYLE AVE,PINE CANYON ST,PINE CANYON,PINE CANYON ST,2022-01-26T00:00:00.000,1517,LAS VEGAS,CLARK,CLARK,667417.6304,3986253.4921
LVM210200090313,E BONANZA RD,,E BONANZA RD,N EASTERN AVE,,N EASTERN AVE,2021-02-20T00:00:00.000,2205,LAS VEGAS,CLARK,CLARK,669541.5743,4004881.9066
LVM190900072507,E FLAMINGO RD,,E FLAMINGO RD,PECOS MCLEOD INT,,PECOS MCLEOD INT,2019-09-15T00:00:00.000,2338,LAS VEGAS,CLARK,CLARK,670662.281,3998386.5678
RPD23-13708,MILL ST,,MILL ST,KIETZKE LN,,KIETZKE LN,2023-08-03T00:00:00.000,1624,RENO,WASHOE,WASHOE,260222.2427,4378423.812
LVM220500127221,S PAVILION CENTER DR,,S PAVILION CENTER DR,OTHER,W MARKETWALK PLACE,OTHER,2022-05-31T00:00:00.000,2032,LAS VEGAS,CLARK,CLARK,650172.415799999,4001832.1201
NHP230601330,W CRAIG RD,,SR573,RANCHO DR,RANCHO DR,SR599N,2023-06-19T00:00:00.000,1933,,CLARK,CLARK,658829.5,4011972.25
LVM200500130497,W LAKE MEAD BLVD,,W LAKE MEAD BLVD,REVERE ST,,REVERE ST,2020-05-27T00:00:00.000,255,LAS VEGAS,CLARK,CLARK,666136.954599999,4007232.17349999
LVM230700100455,W HACIENDA AVE,,W HACIENDA AVE,WARING ST,,WARING ST,2023-07-23T00:00:00.000,2002,LAS VEGAS,CLARK,CLARK,653705.836,3995566.0908
NLPD2111130019745,AIRPORT DR,,SR599S,N RANCHO DR,,BEVVIE DR,2021-11-13T00:00:00.000,707,NORTH LAS VEGAS,CLARK,CLARK,661560.699,4008382.09999999
CCSO22-7945,N CARSON ST,,N CARSON ST,FLEISCHMANN WAY,,FLEISCHMANN WAY,2022-12-23T00:00:00.000,1810,CARSON CITY,CARSON CITY,CARSON CITY,260967.2592,4339478.18029999
LVM220900061144,RYAN AVE,,RYAN AVE,N 18TH ST,,N 18TH ST,2022-09-15T00:00:00.000,1755,LAS VEGAS,CLARK,CLARK,668683.183299999,4004983.11739999
LVM230200003429,E TWAIN AVE,,E TWAIN AVE,S SANDHILL RD,,S SANDHILL RD,2023-02-01T00:00:00.000,1913,LAS VEGAS,CLARK,CLARK,671714.3919,3999205.2725
LVM231200026209,S SANDHILL RD,,S SANDHILL RD,EDISON AVE,,EDISON AVE,2023-12-08T00:00:00.000,1705,LAS VEGAS,CLARK,CLARK,671712.2192,3999582.637
LVMLLV220700003757,E QUARTZ AVE,,QUARTZ AVE,HOPI ST,,HOPI ST,2022-07-01T00:00:00.000,2125,,CLARK,CLARK,625732.647099999,3963682.34799999
LVM190700048565,E CHARLESTON BLVD,,E CHARLESTON BLVD,S NELLIS BLVD,,S NELLIS BLVD,2019-07-10T00:00:00.000,1148,LAS VEGAS,CLARK,CLARK,674269.455299999,4003327.73619999
LVM210800067138,S JONES BLVD,,S JONES BLVD,SPRING MOUNTAIN RD,,SPRING MOUNTAIN RD,2021-08-16T00:00:00.000,1703,LAS VEGAS,CLARK,CLARK,659736.722799999,3999311.72959999
SPPD19-5594,NELSON WY,,NELSON WY,YORK WY,,YORK WY,2019-06-29T00:00:00.000,1522,SPARKS,WASHOE,WASHOE,263559.003399999,4381922.39499999
LVM231100045184,S RAINBOW BLVD,,SR595,OTHER,DEL REY AVE,DEL REY AVE,2023-11-13T00:00:00.000,1751,LAS VEGAS,CLARK,CLARK,658004.411899999,4002604.80969999
NLPD1902270004221,W CAREY AVE,,W CAREY AVE,N MARTIN L KING BLVD,,N MARTIN L KING BLVD,2019-02-27T00:00:00.000,1611,NORTH LAS VEGAS,CLARK,CLARK,665348.1758,4008032.6476
LVM190600137372,W CHARLESTON BLVD,,W CHARLESTON BLVD,SHADOW LN,,SHADOW LN,2019-06-29T00:00:00.000,1004,LAS VEGAS,CLARK,CLARK,,
RPD23-1224,US395N TO GOLDEN VALLEY RD INT73,,US395N TO GOLDEN VALLEY RD INT73,GOLDEN VALLEY RD,,GOLDEN VALLEY RD,2023-01-20T00:00:00.000,1913,RENO,WASHOE,WASHOE,256418.798299999,4387335.46059999
LVM190900003904,PALMYRA AVE,,PALMYRA AVE,CEREUS AVE,,CEREUS AVE,2019-09-01T00:00:00.000,1927,LAS VEGAS,CLARK,CLARK,661000.302799999,4000238.51129999
SPPD21-6717,SPARKS BLVD,,SPARKS BLVD,SAWGRASS LN,,SAWGRASS LN,2021-08-08T00:00:00.000,2121,SPARKS,WASHOE,WASHOE,265591.8863,4385879.69859999
LVM191100063890,N MAIN ST,,N MAIN ST,E OGDEN AVE,,E OGDEN AVE,2019-11-14T00:00:00.000,1112,LAS VEGAS,CLARK,CLARK,666777.772599999,4004714.2353
LVM190600092173,MOUNTAIN VISTA ST,,MOUNTAIN VISTA ST,MACHER WAY,,MACHER WAY,2019-06-19T00:00:00.000,2216,LAS VEGAS,CLARK,CLARK,673272.155299999,4001098.43659999
LVM220800097335,E FLAMINGO RD,,SR582S,BOULDER HWY,,SR592,2022-08-24T00:00:00.000,946,LAS VEGAS,CLARK,CLARK,673971.8125,3998427.75
RPD22-6344,SUTRO ST,,SUTRO ST,ODDIE BLVD,,ODDIE BLVD,2022-04-04T00:00:00.000,1824,RENO,WASHOE,WASHOE,259516.6983,4381036.6611
CCSO23-7006,N CARSON ST,,N CARSON ST,E PARK ST,,E PARK ST,2023-11-07T16:00:00.000,2052,CARSON CITY,CARSON CITY,CARSON CITY,260971.1878,4339587.05379999
LVM191200037063,W WASHINGTON AVE,,W WASHINGTON AVE,N RANCHO DR,,N RANCHO DR,2019-12-08T00:00:00.000,1716,LAS VEGAS,CLARK,CLARK,663721.0009,4005569.59149999
LVM190800121241,N RANCHO DR,,N RANCHO DR,W WASHINGTON AVE,,W WASHINGTON AVE,2019-08-25T00:00:00.000,25,LAS VEGAS,CLARK,CLARK,663691.5148,4005617.8867
LVM191000010814,BOULDER HWY,,BOULDER HWY,E HARMON AVE,,E HARMON AVE,2019-10-03T00:00:00.000,617,LAS VEGAS,CLARK,CLARK,674815.930399999,3997580.52969999
NLPD2212130023553,E CAREY AVE,,E CAREY AVE,N PECOS RD,,N PECOS RD,2022-12-13T00:00:00.000,1429,NORTH LAS VEGAS,CLARK,CLARK,670952.2171,4008163.16699999
LVM201100129858,MT HOOD ST,,MT HOOD ST,E CAREY AVE,,E CAREY AVE,2020-11-30T00:00:00.000,1827,,CLARK,CLARK,676568.480399999,4008195.3464
LVM221000058603,AIRPORT CONNECTOR NB TO T3 DEPARTURES,,AIRPORT CONNECTOR NB TO T3 DEPARTURES,FLIGHT PATH AVE,,FLIGHT PATH AVE,2022-10-15T00:00:00.000,2020,LAS VEGAS,CLARK,CLARK,667158.9682,3995094.3944
LVM201000078764,S DECATUR BLVD,,S DECATUR BLVD,W OAKEY BLVD,,W OAKEY BLVD,2020-10-18T00:00:00.000,1904,LAS VEGAS,CLARK,CLARK,661203.2651,4002541.434
LVM231100057167,W FLAMINGO RD,,W FLAMINGO RD,S LAS VEGAS BLVD,,S LAS VEGAS BLVD,2023-11-16T00:00:00.000,1340,LAS VEGAS,CLARK,CLARK,664427.5771,3998218.16569999
LVM190400118564,W TROPICANA AVE,,W TROPICANA AVE,SEPULVEDA BLVD,,SEPULVEDA BLVD,2019-04-24T00:00:00.000,1915,LAS VEGAS,CLARK,CLARK,659259.734899999,3996469.9284
RPD20-17311,E GROVE ST,,E GROVE ST,FLAGG DR,,FLAGG DR,2020-09-28T00:00:00.000,1735,RENO,WASHOE,WASHOE,259724.475599999,4376092.3573
LVM230300094711,E CHARLESTON BLVD,,SR159,NELLIS BLVD,,SR612,2023-03-22T00:00:00.000,1104,,CLARK,CLARK,674299.3293,4003328.2397
MSPD190303-23,E PIONEER BLVD,,E PIONEER BLVD,MESA BLVD,,MESA BLVD,2019-03-03T00:00:00.000,1700,MESQUITE,CLARK,CLARK,761783.285099999,4078405.8989
LVM200700033544,E FLAMINGO RD,,E FLAMINGO RD,MCLEOD DR,,MCLEOD DR,2020-07-08T00:00:00.000,1148,LAS VEGAS,CLARK,CLARK,670341.327999999,3998371.32599999
LVM210200003696,S LAS VEGAS BLVD,,S LAS VEGAS BLVD,E FLAMINGO RD,,E FLAMINGO RD,2021-02-01T00:00:00.000,2101,LAS VEGAS,CLARK,CLARK,664443.8771,3997970.46729999
LVM220700028787,E FLAMINGO RD,,E FLAMINGO RD,OTHER,S MARYLAND PKWY,OTHER,2022-07-07T00:00:00.000,2122,LAS VEGAS,CLARK,CLARK,667666.549999999,3998262.25459999
RPD20-15538,BRINKBY AVE,,BRINKBY AVE,LYMBERY ST,,LYMBERY ST,2020-09-03T00:00:00.000,745,RENO,WASHOE,WASHOE,259007.6074,4375508.25139999
LVM221100031035,VEGAS VALLEY DR,,VEGAS VALLEY DR,S LAMB BLVD,,S LAMB BLVD,2022-11-09T00:00:00.000,716,LAS VEGAS,CLARK,CLARK,672499.767699999,4000841.3997
NHP220900737,MARTIN L KING BLVD,MARTIN LUTHER KING SB,MARTIN L KING BLVD,US95S TO MARTIN L KING BLVD INT76C,,US95S TO MARTIN L KING BLVD INT76C,2022-09-10T00:00:00.000,1102,LAS VEGAS,CLARK,CLARK,665401.4274,4004897.9798
HP20-16979,AMERICAN PACIFIC DR,,AMERICAN PACIFIC DR,N STEPHANIE ST,,N STEPHANIE ST,2020-09-27T00:00:00.000,1715,HENDERSON,CLARK,CLARK,675963.348199999,3990342.38959999
LVM231100045257,DAISY PETAL ST,,DAISY PETAL ST,GLOWING EMBER CT,,GLOWING EMBER CT,2023-11-13T00:00:00.000,1820,LAS VEGAS,CLARK,CLARK,656257.5131,4015665.14829999
LVM211000128015,S BRUCE ST,,S BRUCE ST,CIRCLE DR,,CIRCLE DR,2021-10-30T00:00:00.000,1142,LAS VEGAS,CLARK,CLARK,668652.711099999,4003473.6765
HP22-00215,HITCHEN POST DR,,HITCHEN POST DR,BLUE SANDS CT,,BLUE SANDS CT,2022-01-04T00:00:00.000,1230,HENDERSON,CLARK,CLARK,678455.957299999,3994589.0537
LVM190200113754,S DECATUR BLVD,,S DECATUR BLVD,FAIRCENTER DR,,FAIRCENTER DR,2019-02-25T00:00:00.000,1302,LAS VEGAS,CLARK,CLARK,661294.4148,4002808.64369999
SPPD23-7947,EL RANCHO DR,,EL RANCHO DR,SULLIVAN LN,,SULLIVAN LN,2023-10-17T00:00:00.000,1450,SPARKS,WASHOE,WASHOE,261713.9889,4383080.03109999
LVM221200089103,E FLAMINGO RD,,E FLAMINGO RD,PARADISE RD,,PARADISE RD,2022-12-23T00:00:00.000,127,LAS VEGAS,CLARK,CLARK,666142.3299,3998205.8594
SPPD21-9403,VISTA BLVD,,VISTA BLVD,MT MCKINLEY DR,,MT MCKINLEY DR,2021-11-03T00:00:00.000,1917,SPARKS,WASHOE,WASHOE,266443.859,4384082.40169999
HP19-23660,E HORIZON RIDGE PKWY,,E HORIZON RIDGE PKWY,E HORIZON DR,,E HORIZON DR,2019-10-24T00:00:00.000,1539,,CLARK,CLARK,680956.602099999,3986963.97949999
LVM190400061992,W SAHARA AVE,,W SAHARA AVE,S FORT APACHE RD,,S FORT APACHE RD,2019-04-13T00:00:00.000,1034,LAS VEGAS,CLARK,CLARK,653153.8015,4001307.90269999
NHP190801973,OTHER,IR15,OTHER,OTHER,MILE MARKER 48,OTHER,2019-08-24T00:00:00.000,403,,CLARK,CLARK,670447.310499999,4012115.8704
HP23-03209,BOULDER HWY,,BOULDER HWY NB,E SUNSET RD,,E SUNSET RD,2023-02-18T00:00:00.000,44,HENDERSON,CLARK,CLARK,679050.998499999,3993130.7649
LVM190400013935,W LAKE MEAD BLVD,,W LAKE MEAD BLVD,PINK ROSE ST,,PINK ROSE ST,2019-04-03T00:00:00.000,1805,LAS VEGAS,CLARK,CLARK,664749.953099999,4007213.209
LVM221200091638,OSO BLANCA RD,,OSO BLANCA RD,SEVERENCE LN,,SEVERENCE LN,2022-12-23T00:00:00.000,1756,LAS VEGAS,CLARK,CLARK,653572.900299999,4018246.22499999
LVM190600140144,AVIATION ST,,AVIATION ST,PENTAGON AVE,,PENTAGON AVE,2019-06-29T00:00:00.000,2141,LAS VEGAS,CLARK,CLARK,674526.006199999,4012719.3103
LVM210500095506,VEGAS VALLEY DR,,VEGAS VALLEY DR,S NELLIS BLVD,,S NELLIS BLVD,2021-05-20T00:00:00.000,2320,LAS VEGAS,CLARK,CLARK,673952.5091,4000869.5861
LVM231100021644,OTHER,BOULDER HWY,BOULDER HWY,OTHER,MAYORGA,MAYORGA ST,2023-11-07T00:00:00.000,1039,,CLARK,CLARK,672840.786299999,3999662.00559999
LVM210800106897,LINDELL RD,,LINDELL RD,OTHER,RISE ROCKET WAY,OTHER,2021-08-25T00:00:00.000,1520,LAS VEGAS,CLARK,CLARK,667247.379499999,4004235.28629999
RPD22-20034,VALLEY RD,,VALLEY RD,CRANLEIGH DR,,CRANLEIGH DR,2022-10-24T00:00:00.000,2156,RENO,WASHOE,WASHOE,258711.044099999,4380819.84789999
HP22-17537,WARM SPRINGS RD,,WARM SPRINGS RD,JULIA ST,,JULIA ST,2022-09-07T00:00:00.000,2000,HENDERSON,CLARK,CLARK,676368.132799999,3991954.3933
LVM190800032120,CRESTDALE LN,,CRESTDALE LN,N TOWN CENTER DR,,N TOWN CENTER DR,2019-08-07T00:00:00.000,1212,LAS VEGAS,CLARK,CLARK,651034.8547,4004873.30859999
LVM230300074891,N RAINBOW BLVD,,N RAINBOW BLVD,PEAK DR,,PEAK DR,2023-03-17T00:00:00.000,2144,LAS VEGAS,CLARK,CLARK,658004.706299999,4008758.22
NLPD2302280004114,WILD FILLY LN,,WILD FILLY LN,RANCH FOREMAN RD,,RANCH FOREMAN RD,2023-02-28T00:00:00.000,1939,NORTH LAS VEGAS,CLARK,CLARK,661719.486999999,4009796.62849999
LVM230500019214,S RAINBOW BLVD,,S RAINBOW BLVD,MESA VERDE LN,,MESA VERDE LN,2023-05-04T00:00:00.000,2247,LAS VEGAS,CLARK,CLARK,658243.9367,3990241.19769999
LVM230100068728,OTHER,S MARION ST,MARION ST,OTHER,E WELTER AVE,WELTER AVE,2023-01-17T00:00:00.000,1800,LAS VEGAS,CLARK,CLARK,672851.5262,4001816.2464
RPD20-505,N ARLINGTON AVE,,N ARLINGTON AVE,W COMMERCIAL RW,,W COMMERCIAL RW,2020-01-08T00:00:00.000,1131,RENO,WASHOE,WASHOE,257823.5404,4379096.29839999
LVM230300091159,RUMRILL ST,,RUMRILL ST,TORREMOLINOS AVE,,TORREMOLINOS AVE,2023-03-21T00:00:00.000,1517,LAS VEGAS,CLARK,CLARK,656041.5244,3986129.4294
HP22-21098,S PUEBLO BLVD,,S PUEBLO BLVD,NEWPORT DR,,NEWPORT DR,2022-10-28T00:00:00.000,1823,HENDERSON,CLARK,CLARK,683887.994599999,3988888.66559999
NHP230701386,SR659,,SR659,E PRATER WAY,,E PRATER WAY,2023-07-20T00:00:00.000,2135,SPARKS,WASHOE,WASHOE,265082.266699999,4380479.9012
LVM200400071199,S CASINO CENTER BLVD,,S CASINO CENTER BLVD,GARCES AVE,,GARCES AVE,2020-04-15T00:00:00.000,1453,LAS VEGAS,CLARK,CLARK,666523.3152,4003694.5579
LVM210900017245,E DESERT INN RD,,E DESERT INN RD,PECOS MCLEOD INT,,PECOS MCLEOD INT,2021-09-04T00:00:00.000,2042,LAS VEGAS,CLARK,CLARK,670174.887799999,3999997.6545
NHP191201043,OTHER,SR582,OTHER,OTHER,LAMB BOULEVARD,OTHER,2019-12-13T00:00:00.000,1800,RENO,CLARK,CLARK,672263.2082,4000268.38599999
NLPD2312130024654,W WASHBURN RD,,W WASHBURN RD,CAMINO AL NORTE,,CAMINO AL NORTE,2023-12-13T00:00:00.000,720,NORTH LAS VEGAS,CLARK,CLARK,665928.678399999,4013741.50269999
LVM191000137708,W CHARLESTON BLVD,,W CHARLESTON BLVD,S DECATUR BLVD,,S DECATUR BLVD,2019-10-29T00:00:00.000,1621,LAS VEGAS,CLARK,CLARK,661389.4577,4003083.2354
LVM191100060655,S EASTERN AVE,,S EASTERN AVE,E ROBINDALE RD,,E ROBINDALE RD,2019-11-13T00:00:00.000,1825,LAS VEGAS,CLARK,CLARK,669509.3025,3991081.49789999
LVM210700076321,W ROCHELLE AVE,,W ROCHELLE AVE,CAMERON ST,,CAMERON ST,2021-07-17T00:00:00.000,230,LAS VEGAS,CLARK,CLARK,661620.138899999,3997838.29389999
LVM220400120034,E LAKE MEAD PKWY,,E LAKE MEAD PKWY,OTHER,N MARTIN LUTHER KING,N MARTIN LUTHER KING,2022-04-28T00:00:00.000,2109,LAS VEGAS,CLARK,CLARK,,
LVM231000001802,N SLOAN LN,,S SLOAN LN,OTHER,SAHARA,E SAHARA AVE,2023-10-01T00:00:00.000,1623,LAS VEGAS,CLARK,CLARK,675681.4413,4001843.8658
LVM220500059620,FRANK SINATRA DR,,FRANK SINATRA DR,W HARMON AVE,,W HARMON AVE,2022-05-15T00:00:00.000,958,LAS VEGAS,CLARK,CLARK,667235.0618,4004317.2365
LVM220700093838,E LAKE MEAD BLVD,,E LAKE MEAD BLVD,N PECOS RD,,N PECOS RD,2022-07-24T00:00:00.000,915,LAS VEGAS,CLARK,CLARK,670970.865399999,4007343.05519999
NLPD2310130020548,CHEYENNE AVE,,CHEYENNE AVE,MARTIN L KING BLVD,,MARTIN L KING BLVD,2023-10-13T00:00:00.000,2002,NORTH LAS VEGAS,CLARK,CLARK,665484.489599999,4009668.62069999
LVM230300024567,KAREN AVE,,KAREN AVE,MALIBU ST,,MALIBU ST,2023-03-06T00:00:00.000,1814,LAS VEGAS,CLARK,CLARK,667977.927699999,4001181.8289
LVM201100059029,W CHARLESTON BLVD,,W CHARLESTON BLVD,S BUFFALO DR,,S BUFFALO DR,2020-11-14T00:00:00.000,1519,LAS VEGAS,CLARK,CLARK,656010.119099999,4002990.1238
LVM210500042663,S MARYLAND PKWY,,S MARYLAND PKWY,E PYLE AVE,,E PYLE AVE,2021-05-10T00:00:00.000,54,LAS VEGAS,CLARK,CLARK,667907.6852,3986260.19019999
LVM231000066871,S LAS VEGAS BLVD,,S LAS VEGAS BLVD,ARBY AVE,,ARBY AVE,2023-10-19T17:00:00.000,58,LAS VEGAS,CLARK,CLARK,664603.25,3992278.512
LVM230600024404,ELKHORN RD,,ELKHORN RD,N GRAND CANYON DR,,N GRAND CANYON DR,2023-06-06T00:00:00.000,716,LAS VEGAS,CLARK,CLARK,652038.2812,4017663.8265
LVM221200098425,OTHER,W ROBINDALE RD,W ROBINDALE RD,OTHER,S RAINBOW RD,S RAINBOW BLVD,2022-12-25T00:00:00.000,1516,LAS VEGAS,CLARK,CLARK,658245.358699999,3990757.251
LVM190200012308,STEWART AVE,,STEWART AVE,N NELLIS BLVD,,N NELLIS BLVD,2019-02-03T00:00:00.000,1945,LAS VEGAS,CLARK,CLARK,674536.218,4004172.0172
LVM221000016962,JONES BLVD,,JONES BLVD,CARL AVE,,CARL AVE,2022-10-05T00:00:00.000,811,LAS VEGAS,CLARK,CLARK,659686.300599999,4006716.53669999
NLPD2306200012473,BELMONT ST,,BELMONT ST,E CAREY AVE,,E CAREY AVE,2023-06-20T00:00:00.000,1537,NORTH LAS VEGAS,CLARK,CLARK,670185.0085,4008153.4502
NHP201201727,OTHER,SPRING MOUNTAIN ROAD,OTHER,SR604,,SR604,2020-12-26T00:00:00.000,2343,,CLARK,CLARK,664610.158499999,3999423.01039999
NLPD2112020021006,N MARTIN L KING BLVD,,N MARTIN L KING BLVD,PONTIAC AVE,,PONTIAC AVE,2021-12-02T00:00:00.000,1712,NORTH LAS VEGAS,CLARK,CLARK,665336.953399999,4008261.5918
HP21-22857,ACC W LAKE MEAD PKWY,,ACC W LAKE MEAD PKWY,TAYLOR ST,,TAYLOR ST,2021-12-07T00:00:00.000,1442,HENDERSON,CLARK,CLARK,,
LVM200200010578,E CHICAGO AVE,,E CHICAGO AVE,S NELLIS BLVD,,S NELLIS BLVD,2020-02-03T00:00:00.000,734,LAS VEGAS,CLARK,CLARK,674016.6627,4002374.80309999
LVM190600101871,E TWAIN AVE,,E TWAIN AVE,SWENSON ST,,SWENSON ST,2019-06-21T00:00:00.000,2316,LAS VEGAS,CLARK,CLARK,666943.7438,3999076.31469999
CCSO19-7751,E LONG ST,,E LONG ST,N CARSON ST,,N CARSON ST,2019-11-12T00:00:00.000,1714,CARSON CITY,CARSON CITY,CARSON CITY,260977.3382,4339743.18979999
LVM190500009790,S JONES BLVD,,S JONES BLVD,PALMYRA AVE,,PALMYRA AVE,2019-05-02T00:00:00.000,2316,LAS VEGAS,CLARK,CLARK,659711.871,4000151.30519999
LVM220800047291,W FLAMINGO RD,,W FLAMINGO RD,RAINBOW BLVD,,RAINBOW BLVD,2022-08-12T00:00:00.000,839,LAS VEGAS,CLARK,CLARK,658135.156999999,3998079.66809999
LVM230100118462,N RAMPART BLVD,,N RAMPART BLVD,W CHEYENNE AVE,,W CHEYENNE AVE,2023-01-30T00:00:00.000,1122,LAS VEGAS,CLARK,CLARK,654709.8178,4009200.0263
NHP190200843,IR80 W,,IR80 W,OTHER,N SIERRA ST ON RAMP,OTHER,2019-02-10T00:00:00.000,1238,RENO,WASHOE,WASHOE,257729.2274,4379841.6337
LVM190700080842,N RAINBOW BLVD,,N RAINBOW BLVD,W CHEYENNE AVE,,W CHEYENNE AVE,2019-07-16T00:00:00.000,2157,LAS VEGAS,CLARK,CLARK,657989.8782,4009582.58
LVM210200080990,E SAHARA AVE,,E SAHARA AVE,VAN PATTEN PL,,VAN PATTEN PL,2021-02-18T00:00:00.000,118,LAS VEGAS,CLARK,CLARK,666611.680999999,4001491.04859999
NHP231100802,OTHER,IR15/LAKE MEAD BLVD N OFF RAMP,IR15N TO SR147E INT45,OTHER,LAKE MEAD BLVD,LAKE MEAD BLVD,2023-11-11T00:00:00.000,752,LAS VEGAS,CLARK,CLARK,667471.466699999,4007268.98289999
HP22-09662,CARNEGIE ST,,CARNEGIE ST,COZY HILL CIR,,COZY HILL CIR,2022-05-18T00:00:00.000,1430,HENDERSON,CLARK,CLARK,,
NHP220301158,US95N,US95 N,US95N,N DURANGO DR,DURANGO,N DURANGO DR,2022-03-17T00:00:00.000,550,LAS VEGAS,CLARK,CLARK,654199.4707,4018060.1972
LVM231100053647,W SUNSET RD,,W SUNSET RD,JIM ROGERS WAY,,JIM ROGERS WAY,2023-11-14T16:00:00.000,1707,LAS VEGAS,CLARK,CLARK,655429.449699999,3993127.28299999
LVM231200043583,N HONOLULU ST,,N HONOLULU ST,DIAMOND HEAD DR,,DIAMOND HEAD DR,2023-12-13T00:00:00.000,1743,LAS VEGAS,CLARK,CLARK,671523.2318,4004658.75
HP23-06213,N VALLE VERDE DR,,N VALLE VERDE DR,WARM SPRINGS RD,,WARM SPRINGS RD,2023-04-04T00:00:00.000,1240,HENDERSON,CLARK,CLARK,673948.1451,3991914.19849999
LVM190100079205,N RANCHO DR,,N RANCHO DR,W BONANZA RD,,W BONANZA RD,2019-01-17T00:00:00.000,1317,LAS VEGAS,CLARK,CLARK,664059.4971,4005157.33029999
LVM190900043140,E FLAMINGO RD,,E FLAMINGO RD,TUSCANY CASINO DR,,TUSCANY CASINO DR,2019-09-09T00:00:00.000,1906,LAS VEGAS,CLARK,CLARK,665685.888899999,3998202.8484
NLPD2212280024473,N LAS VEGAS BLVD,,N LAS VEGAS BLVD SOUTHBOUND,HAMILTON ST,,HAMILTON ST,2022-12-28T00:00:00.000,1550,NORTH LAS VEGAS,CLARK,CLARK,668634.8994,4007714.12619999
WASO20-5343,PEMBROKE DR,,PEMBROKE DR,VETERANS PKWY,,VETERANS PKWY,2020-12-21T00:00:00.000,1456,RENO,WASHOE,WASHOE,265298.8991,4375606.4845
LVM230400055512,S PECOS RD,,S PECOS RD,ZODIAC CT,,ZODIAC CT,2023-04-12T00:00:00.000,2205,LAS VEGAS,CLARK,CLARK,670947.3842,3996997.6128
LVM230700104432,N JONES BLVD,,N JONES BLVD,OTHER,CARMEN BLVD,CARMEN BLVD,2023-07-24T00:00:00.000,1856,LAS VEGAS,CLARK,CLARK,659706.506199999,4005885.6018
LVM231100053684,E HACIENDA AVE,,S PECOS RD,S PECOS RD,,E HACIENDA AVE,2023-11-14T16:00:00.000,1719,LAS VEGAS,CLARK,CLARK,670959.6151,3995990.4045
LVM221000117310,S RANCHO DR,,S RANCHO DR,TEDDY DR,,TEDDY DR,2022-10-31T00:00:00.000,2112,LAS VEGAS,CLARK,CLARK,664130.9084,4001014.19639999
LVM210300018291,S DECATUR BLVD,,S DECATUR BLVD,W OAKEY BLVD,,W OAKEY BLVD,2021-03-04T00:00:00.000,1834,LAS VEGAS,CLARK,CLARK,661193.6363,4002269.4864
LVM190800122895,S MARYLAND PKWY,,S MARYLAND PKWY,E TROPICANA AVE,,E TROPICANA AVE,2019-08-25T00:00:00.000,1018,LAS VEGAS,CLARK,CLARK,667711.834999999,3996747.20399999
RPD19-7631,E 2ND ST,,E 2ND ST,,,,2019-04-22T00:00:00.000,742,RENO,WASHOE,WASHOE,260573.647099999,4379019.45219999
LVM231200081424,N LAMB BLVD,,N LAMB BLVD,JUDSON AVE,,JUDSON AVE,2023-12-23T16:00:00.000,1815,,CLARK,CLARK,672606.663499999,4007719.2543
LVM200900037689,W SAHARA AVE,,W SAHARA AVE,S CIMARRON RD,,S CIMARRON RD,2020-09-09T00:00:00.000,106,LAS VEGAS,CLARK,CLARK,655574.0059,4001294.331
RPD20-20917,KIRMAN AVE,,KIRMAN AVE,BALZAR CIR,,BALZAR CIR,2020-11-27T00:00:00.000,445,RENO,WASHOE,WASHOE,259424.644399999,4377732.18869999
LVM191200093062,W WASHINGTON AVE,,W WASHINGTON AVE,MAGNOLIA AVE,,MAGNOLIA AVE,2019-12-20T00:00:00.000,1318,LAS VEGAS,CLARK,CLARK,663392.266599999,4005569.7957
LVM211000047349,E TROPICANA AVE,,E TROPICANA AVE,KELCH DR,KELCH,KELCH DR,2021-10-12T00:00:00.000,351,LAS VEGAS,CLARK,CLARK,665831.5481,3996712.4556
LVM221000112844,E BRUCE WOODBURY DR,,E BRUCE WOODBURY DR,S CASINO DR,,S CASINO DR,2022-10-29T00:00:00.000,1706,LAUGHLIN,CLARK,CLARK,720894.4671,3893600.0964
LVM201000007239,E FLAMINGO RD,,E FLAMINGO RD,BOULDER HWY,,BOULDER HWY,2020-10-02T00:00:00.000,1424,,CLARK,CLARK,673987.051599999,3998428.1322
CCSO23-2258,S CARSON ST,,S CARSON ST,S STEWART ST,,S STEWART ST,2023-04-15T00:00:00.000,2122,,CARSON CITY,CARSON CITY,260903.700199999,4337629.4611
LVM231200020426,LAKE MEAD BLVD,,LAKE MEAD BLVD,OTHER,PECOS RD,PECOS RD,2023-12-06T00:00:00.000,2253,LAS VEGAS,CLARK,CLARK,670974.377799999,4007343.0426
LVM220900020968,COBBLESTONE AVE,,COBBLESTONE AVE,CANDLELIGHT ST,,CANDLELIGHT ST,2022-09-05T00:00:00.000,2202,LAS VEGAS,CLARK,CLARK,657371.0827,4004246.75489999
LVM200800122744,W CHARLESTON BLVD,,W CHARLESTON BLVD,S DECATUR BLVD,,S DECATUR BLVD,2020-08-28T00:00:00.000,2034,LAS VEGAS,CLARK,CLARK,661386.4089,4003083.22499999
LVM230100111790,BERMUDA RD,,BERMUDA RD,E PEBBLE RD,,E PEBBLE RD,2023-01-28T00:00:00.000,1400,LAS VEGAS,CLARK,CLARK,666280.767199999,3988602.00769999
LVM230800004989,S RANCHO DR,,S RANCHO DR,OTHER,W CHARLESTON BLVD,W CHARLESTON BLVD,2023-08-01T17:00:00.000,802,LAS VEGAS,CLARK,CLARK,664361.1512,4003118.1557
LVM211100030086,TREE LINE DR,,TREE LINE DR,E SAHARA AVE,,E SAHARA AVE,2021-11-08T00:00:00.000,643,LAS VEGAS,CLARK,CLARK,667093.2701,4004308.4023
LVM220500053436,N NELLIS BLVD,,SR612,OTHER,E CHARLESTON BLVD,E CHARLESTON BLVD,2022-05-13T00:00:00.000,2013,LAS VEGAS,CLARK,CLARK,674299.9375,4003337.08919999
NLPD2311260023496,E LAKE MEAD BLVD,,E LAKE MEAD BLVD,MCDANIEL ST,,MCDANIEL ST,2023-11-26T00:00:00.000,229,NORTH LAS VEGAS,CLARK,CLARK,669089.372,4007307.21749999
LVM230500132592,LAKE MEAD BLVD,,LAKE MEAD BLVD,OTHER,N PECOS RD,N PECOS RD,2023-05-26T00:00:00.000,2316,LAS VEGAS,CLARK,CLARK,671053.9236,4007342.0247
LVM230600022045,S LAS VEGAS BLVD,,S LAS VEGAS BLVD,BOB STUPAK AVE,,BOB STUPAK AVE,2023-06-05T00:00:00.000,1634,LAS VEGAS,CLARK,CLARK,665963.8869,4001820.56489999
RPD22-23800,W PLUMB LN,,W PLUMB LN,S ARLINGTON AVE,,S ARLINGTON AVE,2022-12-27T00:00:00.000,650,RENO,WASHOE,WASHOE,257783.921799999,4376666.08929999
LVM191000041591,W ROBINDALE RD,,W ROBINDALE RD,S TENAYA WAY,,S TENAYA WAY,2019-10-09T00:00:00.000,1624,LAS VEGAS,CLARK,CLARK,657533.152599999,3990682.605
LVM201200109340,S EASTERN AVE,,S EASTERN AVE,E TROPICANA AVE,,E TROPICANA AVE,2020-12-26T00:00:00.000,1412,LAS VEGAS,CLARK,CLARK,669329.699599999,3996694.7736
LVM211100127269,OTHER,W CHARLESTON BLVD,OTHER,OTHER,DECATUR,OTHER,2021-11-30T00:00:00.000,1503,LAS VEGAS,CLARK,CLARK,649893.8879,4002880.2989
LVM210900069045,TREE LINE DR,,TREE LINE DR,AMERICAN BEAUTY AVE,,AMERICAN BEAUTY AVE,2021-09-16T00:00:00.000,1534,LAS VEGAS,CLARK,CLARK,676804.742999999,4002537.64809999
LVM190600042044,E WARM SPRINGS RD,,E WARM SPRINGS RD,SPENCER ST,,SPENCER ST,2019-06-09T00:00:00.000,2035,LAS VEGAS,CLARK,CLARK,668741.348699999,3991960.5186
CCSO21-3940,N STEWART ST,,N STEWART ST,E TELEGRAPH ST,,E TELEGRAPH ST,2021-06-12T00:00:00.000,2104,CARSON CITY,CARSON CITY,CARSON CITY,261162.512099999,4338827.97699999
RPD23-9836,N VIRGINIA ST,,N VIRGINIA ST,MAPLE ST,,MAPLE ST,2023-06-05T00:00:00.000,1809,RENO,WASHOE,WASHOE,258016.826,4379852.2892
HP22-21941,SR582N,,SR582N,E FOSTER AVE,,E FOSTER AVE,2022-11-09T00:00:00.000,1900,HENDERSON,CLARK,CLARK,,
LVM191000138492,W LAKE MEAD BLVD,,W LAKE MEAD BLVD,N BUFFALO DR,,N BUFFALO DR,2019-10-29T00:00:00.000,1929,LAS VEGAS,CLARK,CLARK,656324.360999999,4007105.92229999
LVM210300112811,FREMONT ST,,FREMONT ST,N BRUCE ST,,N BRUCE ST,2021-03-24T00:00:00.000,1747,LAS VEGAS,CLARK,CLARK,668645.0333,4003606.29439999
RPD23-18394,KIETZKE LN,,KIETZKE LN,GENTRY WAY,,GENTRY WAY,2023-10-07T00:00:00.000,1944,RENO,WASHOE,WASHOE,260170.461799999,4375529.97939999
RPD19-12062,W 7TH ST,,W 7TH ST,N MCCARRAN BLVD,,N MCCARRAN BLVD,2019-06-22T00:00:00.000,916,RENO,WASHOE,WASHOE,253742.6495,4380257.6366
LVM230400036191,E FLAMINGO RD,,E FLAMINGO RD,LAS VEGAS BLVD,,LAS VEGAS BLVD,2023-04-08T00:00:00.000,2258,LAS VEGAS,CLARK,CLARK,664447.083399999,3998217.971
NHP221100697,US50W,,US50E,RUBY HILL,,RUBY HILL AVE,2022-11-09T00:00:00.000,850,,EUREKA,EUREKA,589323.875,4374166.5
LVM200100147450,N JONES BLVD,,N JONES BLVD,HEATHER MIST LN,,HEATHER MIST LN,2020-01-31T00:00:00.000,626,LAS VEGAS,CLARK,CLARK,659507.6253,4009242.4219
LVM200700048454,S MARYLAND PKWY,,S MARYLAND PKWY,VEGAS VALLEY DR,,VEGAS VALLEY DR,2020-07-11T00:00:00.000,1720,LAS VEGAS,CLARK,CLARK,667640.6096,4000556.95989999
LVM190300002649,W CHARLESTON BLVD,,W CHARLESTON BLVD,S TONOPAH DR,,S TONOPAH DR,2019-03-01T00:00:00.000,1433,LAS VEGAS,CLARK,CLARK,664612.947599999,4003120.5175
NHP211101358,SR445,,SR445,HIGHLAND RANCH PKWY,,HIGHLAND RANCH PKWY,2021-11-18T00:00:00.000,1942,RENO,WASHOE,WASHOE,265430.1123,4387873.0873
LVM210300108430,S MARYLAND PKWY,,S MARYLAND PKWY,E KATIE AVE,,E KATIE AVE,2021-03-23T00:00:00.000,1829,LAS VEGAS,CLARK,CLARK,667615.8638,3998889.2408
NHP210500487,IR80 E,,IR80 E,OTHER,WELLS ON RAMP,OTHER,2021-05-07T00:00:00.000,1500,,WASHOE,WASHOE,259545.6094,4380048.0
NLPD2110250018513,N LAS VEGAS BLVD,,SR604N,BELMONT,,BELMONT ST,2021-10-25T00:00:00.000,1830,NORTH LAS VEGAS,CLARK,CLARK,670205.631799999,4008888.7332
RPD22-14632,W 4TH ST,,W 4TH ST,KEYSTONE AVE,,KEYSTONE AVE,2022-08-07T00:00:00.000,314,RENO,WASHOE,WASHOE,257005.973699999,4379040.8607
LVM221100052772,S LAS VEGAS BLVD,,S LAS VEGAS BLVD,SPRING MOUNTAIN RD,,SANDS AVE,2022-11-14T00:00:00.000,2254,LAS VEGAS,CLARK,CLARK,664743.785699999,3999415.78509999
LVM190700082616,W CHARLESTON BLVD,,W CHARLESTON BLVD,SHADOW LN,,SHADOW LN,2019-07-17T00:00:00.000,821,LAS VEGAS,CLARK,CLARK,664980.6857,4003131.18559999
LVM231100103957,CHATEAU ST JEAN DR,,CHATEAU ST JEAN DR,DONELLE AVE,,DONELLE AVE,2023-11-29T00:00:00.000,2347,LAS VEGAS,CLARK,CLARK,667173.951299999,3987630.05419999
LVM190600030267,S LAS VEGAS BLVD,,S LAS VEGAS BLVD,E FLAMINGO RD,,E FLAMINGO RD,2019-06-07T00:00:00.000,1006,LAS VEGAS,CLARK,CLARK,664444.882399999,3998030.5676
NHP221101899,SR160N,,SR160N,WILSON RD,,WILSON RD,2022-11-24T00:00:00.000,1900,PAHRUMP,NYE,NYE,590660.6753,4008102.40909999
LVM230600112515,ROYAL CREST ST,,ROYAL CREST ST,TWAIN AVE,,TWAIN AVE,2023-06-24T00:00:00.000,1748,LAS VEGAS,CLARK,CLARK,666546.3229,3998979.3231
LVM231200001602,E SAHARA AVE,,E SAHARA AVE,PARADISE RD,,PARADISE RD,2023-12-01T00:00:00.000,1239,LAS VEGAS,CLARK,CLARK,666011.3322,4001455.38639999
NLPD1906180012570,W GOWAN RD,,W GOWAN RD,SCOTT ROBINSON BLVD,,SCOTT ROBINSON BLVD,2019-06-18T00:00:00.000,1844,NORTH LAS VEGAS,CLARK,CLARK,664788.8814,4010434.63
LVM230900064870,S MARTIN L KING BLVD,,S MARTIN L KING BLVD,SYMPHONY PARK AVE,,SYMPHONY PARK AVE,2023-09-19T00:00:00.000,808,LAS VEGAS,CLARK,CLARK,665408.494099999,4004672.88519999
SPPD22-2727,CULPEPPER DR,,CULPEPPER DR,OTHER,PIERO CT,PIERO CT,2022-04-07T00:00:00.000,1608,SPARKS,WASHOE,WASHOE,268761.2832,4382795.5788
HP19-19858,W WARM SPRINGS RD,,W WARM SPRINGS RD,ANNABELLE LN,,ANNABELLE LN,2019-09-07T00:00:00.000,1019,HENDERSON,CLARK,CLARK,675572.8227,3991940.3956
LVM200700040392,N LAMB BLVD,,N LAMB BLVD,E TONOPAH AVE,,E TONOPAH AVE,2020-07-09T00:00:00.000,2221,LAS VEGAS,CLARK,CLARK,672634.5683,4006957.95839999
HP19-10255,BOULDER HWY N,,BOULDER HWY N,E SUNSET RD,,E SUNSET RD,2019-05-06T00:00:00.000,636,HENDERSON,,,679193.337899999,3992981.36659999
LVM210500143469,CAMBRIDGE ST,,CAMBRIDGE ST,E FLAMINGO RD,,E FLAMINGO RD,2021-05-31T00:00:00.000,15,LAS VEGAS,CLARK,CLARK,667214.208499999,3998320.70009999
RPD23-15392,S VIRGINIA ST,,S VIRGINIA ST,E LIBERTY ST,,E LIBERTY ST,2023-08-25T00:00:00.000,1358,RENO,WASHOE,WASHOE,258357.1692,4378468.37849999
RPD22-12448,TYBO AVE,,TYBO AVE,NYALA ST,,NYALA ST,2022-07-06T00:00:00.000,1830,RENO,WASHOE,WASHOE,260530.723299999,4380383.5866
LVM190800058000,E CHARLESTON BLVD,,E CHARLESTON BLVD,S EASTERN AVE,,S EASTERN AVE,2019-08-12T00:00:00.000,1322,LAS VEGAS,CLARK,CLARK,669191.0241,4003207.36439999
RPD21-21851,E PECKHAM LN,,E PECKHAM LN,KIETZKE LN,,KIETZKE LN,2021-11-20T00:00:00.000,1304,RENO,WASHOE,WASHOE,260331.311999999,4374432.35639999
HP19-21512,CENTER ST,,CENTER ST,BURKHOLDER BOULEVARD,,BURKHOLDER BOULEVARD,2019-09-27T00:00:00.000,1506,HENDERSON,CLARK,CLARK,683161.5767,3990058.25689999
LVM220500011521,S DECATUR BLVD,,S DECATUR BLVD,W HARMON AVE,,W HARMON AVE,2022-05-03T00:00:00.000,2048,LAS VEGAS,CLARK,CLARK,661296.6041,3997376.638
LVM231200064416,S MARYLAND PKWY,,S MARYLAND PKWY,FLAMINGO RD,,SR592,2023-12-19T00:00:00.000,1705,LAS VEGAS,CLARK,CLARK,667598.983099999,3998342.2344
LVM200500126865,E FLAMINGO RD,,E FLAMINGO RD,S PECOS RD,,S PECOS RD,2020-05-26T00:00:00.000,1047,LAS VEGAS,CLARK,CLARK,670921.751699999,3998398.7408
LVM190100034646,E HARMON AVE,,E HARMON AVE,TAMARUS ST,,TAMARUS ST,2019-01-08T00:00:00.000,121,LAS VEGAS,CLARK,CLARK,667998.212299999,3997502.0559
WASO22-6494,MILITARY RD,,MILITARY RD,THOLL DR,,THOLL DR,2022-12-14T00:00:00.000,808,RENO,WASHOE,WASHOE,255051.543499999,4390855.75659999
LVM220200084691,SOUTHERN HIGHLANDS PKWY,,SOUTHERN HIGHLANDS PKWY,SHINNECOCK HILLS AVE,,SHINNECOCK HILLS AVE,2022-02-20T00:00:00.000,2333,LAS VEGAS,CLARK,CLARK,661792.049899999,3984536.74709999
RPD23-19311,E PATRIOT BLVD,,E PATRIOT BLVD,COLBERT DR,,COLBERT DR,2023-10-20T00:00:00.000,1920,RENO,WASHOE,WASHOE,261166.542,4371444.4667
NHP190502057,SR159,,SR159,OTHER,CANYON POINTE,OTHER,2019-05-24T00:00:00.000,2034,RENO,CLARK,CLARK,649894.4018,4002868.2815
LVM230900100562,N MAIN ST,,N MAIN ST,E OWENS AVE,,E OWENS AVE,2023-09-29T00:00:00.000,506,LAS VEGAS,CLARK,CLARK,667587.9105,4006318.0471
NLPD2203260005470,E OWENS AVE,,E OWENS AVE,PATRICIA ST,,PATRICIA ST,2022-03-26T00:00:00.000,1848,NORTH LAS VEGAS,CLARK,CLARK,669798.8804,4006500.75439999
LVM190800049593,CONVENTION CENTER DR,,CONVENTION CENTER DR,S LAS VEGAS BLVD,,S LAS VEGAS BLVD,2019-08-10T00:00:00.000,2040,LAS VEGAS,CLARK,CLARK,665247.455199999,4000188.78759999
NHP221100190,OTHER,IR80 E,IR80E,MM215,,Mile Post 215,2022-11-02T00:00:00.000,2127,VALMY,HUMBOLDT,HUMBOLDT,487134.931499999,4517702.07709999
LVM230200101086,S LAS VEGAS BLVD,,S LAS VEGAS BLVD,W FLAMINGO RD,,W FLAMINGO RD,2023-02-25T00:00:00.000,202,LAS VEGAS,CLARK,CLARK,664443.5723,3997952.24479999
LVM230900058869,N NELLIS BLVD,,SR612,OTHER,STEWART,STEWART AVE,2023-09-17T00:00:00.000,1302,LAS VEGAS,CLARK,CLARK,674301.8879,4004157.8812
LVM200500128781,GRENVILLE AVE,,GRENVILLE AVE,GLORIETA LN,,GLORIETA LN,2020-05-26T00:00:00.000,1811,LAS VEGAS,CLARK,CLARK,652443.886599999,4007251.70069999
LVM190200002554,ARVILLE ST,,ARVILLE ST,W TOMPKINS AVE,,W TOMPKINS AVE,2019-02-01T00:00:00.000,1512,LAS VEGAS,CLARK,CLARK,662094.9801,3997047.45289999
LVM220800018737,N DURANGO DR,,N DURANGO DR,W DEER SPRINGS WAY,,W DEER SPRINGS WAY,2022-08-05T00:00:00.000,1132,LAS VEGAS,CLARK,CLARK,653764.1067,4016868.22529999
LVM190400036448,RADWICK DR,,RADWICK DR,E LAKE MEAD BLVD,,E LAKE MEAD BLVD,2019-04-08T00:00:00.000,930,LAS VEGAS,CLARK,CLARK,677879.203399999,4007534.482
LVM211200121603,W SAHARA AVE,,W SAHARA AVE,S DURANGO DR,,S DURANGO DR,2021-12-30T00:00:00.000,1706,LAS VEGAS,CLARK,CLARK,655142.357699999,4001299.05279999
LVM191100022082,W MAULE AVE,,W MAULE AVE,S GRAND CANYON DR,,S GRAND CANYON DR,2019-11-05T00:00:00.000,1550,LAS VEGAS,CLARK,CLARK,652517.314,3992235.75469999
LVM221200010568,S NELLIS BLVD,,NELLIS BLVD,OTHER,E CHARLESTON BLVD,CHARLESTON BLVD,2022-12-03T00:00:00.000,1554,LAS VEGAS,CLARK,CLARK,674300.0037,4003323.6784
LVM201000111418,W SAHARA AVE,,W SAHARA AVE,S DECATUR BLVD,,S DECATUR BLVD,2020-10-26T00:00:00.000,856,LAS VEGAS,CLARK,CLARK,661204.7596,4001466.42679999
LVM190200059551,S JONES BLVD,,S JONES BLVD,W TWAIN AVE,,W TWAIN AVE,2019-02-13T00:00:00.000,1946,LAS VEGAS,CLARK,CLARK,659744.8195,3998922.5929
LVM210100099647,OTHER,UNIVERSITY CENTER,OTHER,OTHER,DESERT INN,OTHER,2021-01-22T00:00:00.000,1824,LAS VEGAS,CLARK,CLARK,666835.3891,3999780.2236
MSPD211114033,E PIONEER BLVD,,E PIONEER BLVD,MESA BLVD,,MESA BLVD,2021-11-14T00:00:00.000,1325,MESQUITE,CLARK,CLARK,761783.8517,4078404.48369999
LVM190700141460,N DURANGO DR,,N DURANGO DR,W DORRELL LN,,W DORRELL LN,2019-07-29T00:00:00.000,46,LAS VEGAS,CLARK,CLARK,653757.508999999,4017270.47639999
CCSO22-5011,E NYE LN,,E NYE LN,AIRPORT RD,,AIRPORT RD,2022-08-16T00:00:00.000,1543,CARSON CITY,CARSON CITY,CARSON CITY,263925.614099999,4341026.50469999
LVM23110008834,W ALEXANDER RD,,W ALEXANDER RD,N DECATUR BLVD,,N DECATUR BLVD,2023-11-25T00:00:00.000,1530,LAS VEGAS,CLARK,CLARK,661090.480499999,4011170.74359999
NLPD23042300008094,APEX POWER PKWY,,APEX POWER PKWY,BELCHER BLVD,,US93S,2023-04-23T00:00:00.000,1317,NORTH LAS VEGAS,CLARK,CLARK,683282.520899999,4032870.60219999
LVM190900064719,BOULDER HWY,,BOULDER HWY,S NELLIS BLVD,,S NELLIS BLVD,2019-09-14T00:00:00.000,802,LAS VEGAS,CLARK,CLARK,674186.453999999,3998247.3637
LVM220300024333,E RUSSELL RD,,E RUSSELL RD,BOULDER HWY S,BOULDER HIGHWAY,BOULDER HWY,2022-03-06T00:00:00.000,1730,LAS VEGAS,CLARK,CLARK,677002.739199999,3995047.1552
RPD21-8013,KIETZKE LN,,KIETZKE LN,GENTRY WAY,,GENTRY WAY,2021-05-09T00:00:00.000,1131,RENO,WASHOE,WASHOE,260167.016999999,4375417.5668
LVM191000008612,N NELLIS BLVD,,N NELLIS BLVD,MEIKLE LN,,MEIKLE LN,2019-10-02T00:00:00.000,1757,LAS VEGAS,CLARK,CLARK,674232.1468,4007375.28419999
NLPD2110050017211,LOSEE RD,,LOSEE RD,E CENTENNIAL PKWY,,E CENTENNIAL PKWY,2021-10-05T00:00:00.000,1827,NORTH LAS VEGAS,CLARK,CLARK,669130.097299999,4016246.08009999
LVM200300011723,S FORT APACHE RD,,S FORT APACHE RD,LAKE NORTH DR,,LAKE NORTH DR,2020-03-03T00:00:00.000,1446,LAS VEGAS,CLARK,CLARK,653175.436999999,4000903.6742
LVM200900058219,W CHARLESTON BLVD,,W CHARLESTON BLVD,S RANCHO DR,,S RANCHO DR,2020-09-13T00:00:00.000,1237,LAS VEGAS,CLARK,CLARK,664356.668899999,4003124.6367
NHP200800290,SR339,,SR339,OTHER,UNKNOWN,OTHER,2020-08-05T00:00:00.000,1938,,LYON,LYON,310077.3381,4312804.73399999
LVM221200110406,BOULDER HWY,,SR582N,E. RUSSELL RD,E BOULDER RANCH AVE,RUSSELL RD,2022-12-28T00:00:00.000,1832,LAS VEGAS,CLARK,CLARK,677138.524299999,3995144.42769999
LVM231000002019,E BONANZA DR,,E BONANZA RD,OTHER,SANDHILL,N SANDHILL RD,2023-10-01T00:00:00.000,1752,LAS VEGAS,CLARK,CLARK,671588.659099999,4004877.59349999
LVM190300009428,W RENO AVE,,W RENO AVE,LUXOR DR,,LUXOR DR,2019-03-02T00:00:00.000,2301,LAS VEGAS,CLARK,CLARK,664077.252799999,3996278.7006
LVM211000008625,S 15TH ST,,S 15TH ST,E CARSON AVE,,E CARSON AVE,2021-10-03T00:00:00.000,110,LAS VEGAS,CLARK,CLARK,668201.8041,4003665.81619999
LVM211100019120,S EASTERN AVE,,S EASTERN AVE,OTHER,E FLAMINGO,OTHER,2021-11-05T00:00:00.000,1304,LAS VEGAS,CLARK,CLARK,669287.310499999,3998306.8167
NHP200100598,OTHER,SR163,OTHER,OTHER,CL16,OTHER,2020-01-08T00:00:00.000,2127,,CLARK,CLARK,715789.375,3896503.0
LVM210100121811,S JONES BLVD,,S JONES BLVD,OTHER,MINERAL MOUND AVE,OTHER,2021-01-27T00:00:00.000,1731,LAS VEGAS,CLARK,CLARK,659846.315,3990408.807
RPD23-8825,S MCCARRAN BLVD,,SR659,SMITHRIDGE DR,,SMITHRIDGE DR,2023-05-20T00:00:00.000,1221,RENO,WASHOE,WASHOE,260263.700199999,4373412.1557
HP22-03405,MALL RING CIR,,MALL RING CIR,MALL RING CIR S,,MALL RING CIR S,2022-02-21T00:00:00.000,1435,HENDERSON,CLARK,CLARK,676452.0448,3992918.90789999
LVM200300042425,E BONANZA RD,,E BONANZA RD,N CASINO CENTER BLVD,,N CASINO CENTER BLVD,2020-03-10T00:00:00.000,734,LAS VEGAS,CLARK,CLARK,667251.157999999,4005091.0226
CCSO19-7905,N CARSON ST,,N CARSON ST,,,,2019-11-19T00:00:00.000,1828,CARSON CITY,CARSON CITY,CARSON CITY,260931.2761,4340600.69889999
HP22-05811,WIGWAM PKWY,,WIGWAM PKWY,N STEPHANIE ST,,N STEPHANIE ST,2022-03-28T00:00:00.000,1210,HENDERSON,CLARK,CLARK,675955.130699999,3989539.38189999
LVM200200060152,W FLAMINGO RD,,W FLAMINGO RD,ARVILLE ST,,ARVILLE ST,2020-02-13T00:00:00.000,141,LAS VEGAS,CLARK,CLARK,662287.586699999,3998269.06269999
NHP230701739,IR15N,,IR15N,TROPICANA AVE,,TROPICANA AVE,2023-07-26T00:00:00.000,738,LAS VEGAS,CLARK,CLARK,663787.3908,3996719.67569999
LVM220300068562,N GRAND CANYON DR,,N GRAND CANYON DR,GILCREASE AVE,W GILCREASE AVE,GILCREASE AVE,2022-03-17T00:00:00.000,722,LAS VEGAS,CLARK,CLARK,652109.6955,4018888.4581
LVM190900104805,W CHEYENNE AVE,,W CHEYENNE AVE,SOFT BREEZES DR,,SOFT BREEZES DR,2019-09-22T00:00:00.000,945,LAS VEGAS,CLARK,CLARK,655944.462199999,4009560.75669999
LVM210200117254,N TORREY PINES DR,,N TORREY PINES DR,W LONE MOUNTAIN RD,,W LONE MOUNTAIN RD,2021-02-26T00:00:00.000,732,LAS VEGAS,CLARK,CLARK,658687.045599999,4012806.9986
LVM231100092403,N LAMB BLVD,,N LAMB BLVD,E WASHINGTON AVE,,E WASHINGTON AVE,2023-11-26T00:00:00.000,1755,LAS VEGAS,CLARK,CLARK,672627.449,4005770.0481
HP23-05364,PRICE ST,,PRICE ST,E BARRETT ST,,E BARRETT ST,2023-03-22T00:00:00.000,1631,HENDERSON,CLARK,CLARK,680054.038099999,3992525.61219999
RPD19-11626,S VIRGINIA ST,,S VIRGINIA ST,DAMONTE RANCH PKWY,,DAMONTE RANCH PKWY,2019-06-17T00:00:00.000,27,RENO,WASHOE,WASHOE,262675.707,4366948.3098
LVM191200003099,PARADISE RD,,PARADISE RD,E HARMON AVE,,E HARMON AVE,2019-12-01T00:00:00.000,1712,LAS VEGAS,CLARK,CLARK,666302.970099999,3997623.6574
NHP221102302,SR341,,SR341,TOLL RD,,TOLL RD,2022-11-30T00:00:00.000,1733,,WASHOE,WASHOE,,
HP22-13578,MOJAVE RD,,S MOJAVE RD,E LAKE MEAD PKWY,,SR582N,2022-07-13T00:00:00.000,1247,HENDERSON,CLARK,CLARK,670413.1469,4002219.0898
CCSO21-4431,SNEDDON WAY,,SNEDDON WAY,SHERMAN LN,,SHERMAN LN,2021-07-03T00:00:00.000,916,CARSON CITY,CARSON CITY,CARSON CITY,263772.1456,4340535.92479999
LVM220300073383,S DECATUR BLVD,,S DECATUR BLVD,W SAHARA AVE,,W SAHARA AVE,2022-03-18T00:00:00.000,1029,LAS VEGAS,CLARK,CLARK,661216.365199999,4001161.85339999
RPD19-23273,SOUTH MEADOWS PKWY,,SOUTH MEADOWS PKWY,LAUREN CT,,LAUREN CT,2019-11-21T00:00:00.000,1558,RENO,WASHOE,WASHOE,262816.240699999,4369153.02559999
HP22-24320,W WARM SPRINGS RD,,WARM SPRINGS RD,N ARROYO GRANDE BLVD,,N ARROYO GRANDE BLVD,2022-12-15T00:00:00.000,645,HENDERSON,CLARK,CLARK,675032.9543,3991930.4425
LVM220100032051,N BUFFALO DR,,N BUFFALO DR,VEGAS DR,,VEGAS DR,2022-01-08T00:00:00.000,1739,LAS VEGAS,CLARK,CLARK,656464.752299999,4006288.5029
NHP200201223,W CHARLESTON BLVD,SR159 W,W CHARLESTON BLVD,OTHER,US95 N ON RAMP,OTHER,2020-02-17T00:00:00.000,837,,CLARK,CLARK,671553.0625,4003715.0
NLPD2207030012167,FUSELIER DR,,FUSELIER DR,JUBILANCE POINT CT,,JUBILANCE POINT CT,2022-07-03T00:00:00.000,314,NORTH LAS VEGAS,CLARK,CLARK,663759.187199999,4011058.58269999
LVM230600023218,TREE LINE RD,,TREE LINE DR,OTHER,SAHARA,E SAHARA AVE,2023-06-05T00:00:00.000,2140,LAS VEGAS,CLARK,CLARK,676906.796099999,4001962.4649
LVM190500116945,S EASTERN AVE,,S EASTERN AVE,E ROCHELLE AVE,,E ROCHELLE AVE,2019-05-24T00:00:00.000,1051,LAS VEGAS,CLARK,CLARK,669289.1589,3997895.0764
NHP210500306,OTHER,IR215/FLAMINGO NB OFF RAMP,OTHER,OTHER,FLAMINGO,OTHER,2021-05-05T00:00:00.000,1002,,CLARK,CLARK,652878.3749,3998037.90259999
LVM191100009667,S DECATUR BLVD,,S DECATUR BLVD,W SUNSET RD,,W SUNSET RD,2019-11-02T00:00:00.000,2357,LAS VEGAS,CLARK,CLARK,661379.571899999,3993474.32469999
LVM230800008820,S LAS VEGAS BLVD,,S LAS VEGAS BLVD,CIRCUS CIRCUS DR,,CIRCUS CIRCUS DR,2023-08-03T00:00:00.000,648,LAS VEGAS,CLARK,CLARK,665405.1017,4000718.11339999
LVM230800005030,S FORT APACHE RD,,S FORT APACHE RD,W FLAMINGO RD,,W FLAMINGO RD,2023-08-01T17:00:00.000,814,,CLARK,CLARK,653270.3453,3998037.3737
LVM220500103688,S NELLIS BLVD,,SR612,E SAHARA AVE,,E SAHARA AVE,2022-05-26T00:00:00.000,40,LAS VEGAS,CLARK,CLARK,674050.0241,4001637.56609999
HP20-01111,HIGH VIEW DR,,HIGH VIEW DR,N GREEN VALLEY PKWY,,N GREEN VALLEY PKWY,2020-01-16T00:00:00.000,1546,HENDERSON,CLARK,CLARK,672688.912299999,3993080.003
RPD21-7463,S CENTER ST,,S CENTER ST,MORAN ST,,MORAN ST,2021-05-01T00:00:00.000,1245,RENO,WASHOE,WASHOE,258559.6544,4378239.90029999
LVM211100059072,W LAKE MEAD BLVD,,W LAKE MEAD BLVD,LIRIO WAY,,LIRIO WAY,2021-11-14T00:00:00.000,2118,LAS VEGAS,CLARK,CLARK,659105.713,4007112.4097
LVM230800107323,E CHARLESTON BLVD,,SR159,OTHER,LAMB BLVD,N LAMB BLVD,2023-08-30T00:00:00.000,1929,LAS VEGAS,CLARK,CLARK,672703.3245,4003284.64169999
YPD22YE-0249,MAIN ST,,SR208,GOLDFIELD AVE,,US95AN,2022-06-10T00:00:00.000,2120,YERINGTON,LYON,LYON,312664.312699999,4318321.5894
SPPD19-754,SULLIVAN LN,,SULLIVAN LN,ODDIE BL,,ODDIE BL,2019-01-25T00:00:00.000,1112,SPARKS,WASHOE,WASHOE,261855.071399999,4380981.1905
SPPD20-8351,PYRAMID WY,,PYRAMID WY,YORK WY,,YORK WY,2020-11-05T00:00:00.000,1505,SPARKS,WASHOE,WASHOE,263499.347799999,4381741.27429999
NHP230800741,IR80W,,IR80W,IR80W TO GOLD RANCH RD INT2,,IR80W TO GOLD RANCH RD INT2,2023-08-10T00:00:00.000,1926,,WASHOE,WASHOE,242179.4786,4377399.5568
LVM200500109279,N EASTERN AVE,,N EASTERN AVE,E BONANZA RD,,E BONANZA RD,2020-05-22T00:00:00.000,1942,LAS VEGAS,CLARK,CLARK,669419.322399999,4004854.32579999
LVM231200098202,OTHER,W BLUE DIAMOND RD,SR160N,OTHER,S. DURANGO DR,S DURANGO DR,2023-12-28T16:00:00.000,1932,LAS VEGAS,CLARK,CLARK,655056.9342,3987564.0
LVM220500049162,OTHER,W GOLD AVE,OTHER,OTHER,N J ST,OTHER,2022-05-12T00:00:00.000,1912,LAS VEGAS,CLARK,CLARK,665755.858099999,4006305.54529999
NHP200600389,S VIRGINIA ST,,S VIRGINIA ST,SOUTH MEADOWS PKWY,,SOUTH MEADOWS PKWY,2020-06-07T00:00:00.000,1958,RENO,WASHOE,WASHOE,261638.640599999,4369183.0
NHP220601123,E SAHARA AVE,,E SAHARA AVE,S LAS VEGAS BLVD,,S LAS VEGAS BLVD,2022-06-17T00:00:00.000,858,LAS VEGAS,CLARK,CLARK,,
LVM211100041177,ASTROLOGY CT,,ASTROLOGY CT,CELESTIAL AVE,,CELESTIAL AVE,2021-11-10T00:00:00.000,1900,LAS VEGAS,CLARK,CLARK,655515.3485,4006134.3285
NHP211100508,IR15 N,,IR15 N,LAMB BLVD,,LAMB BLVD,2021-11-07T00:00:00.000,100,,CLARK,CLARK,672154.666299999,4013904.84349999
LVM230500005352,N LAS VEGAS BLVD,,N LAS VEGAS BLVD,E WASHINGTON AVE,,E WASHINGTON AVE,2023-05-02T00:00:00.000,418,LAS VEGAS,CLARK,CLARK,667722.730499999,4005397.94079999
CLSD19102813,SEARLES AVE,,SEARLES AVE,N BRUCE ST,,N BRUCE ST,2019-09-27T00:00:00.000,704,LAS VEGAS,,,668625.3392,4006077.50029999
LVM190100023996,W FLAMINGO RD,,W FLAMINGO RD,S JONES BLVD,,S JONES BLVD,2019-01-05T00:00:00.000,1755,LAS VEGAS,CLARK,CLARK,659761.6875,3998107.75
LVM190800108783,N JONES BLVD,,N JONES BLVD,SMOKE RANCH RD,,SMOKE RANCH RD,2019-08-22T00:00:00.000,1428,LAS VEGAS,CLARK,CLARK,659687.1491,4007942.03429999
LVM201100008080,PARADISE RD,,PARADISE RD,E TWAIN AVE,,E TWAIN AVE,2020-11-02T00:00:00.000,2305,,CLARK,CLARK,666042.391499999,3998968.164
LVM190800063410,ALPINE PL,,ALPINE PL,S DECATUR BLVD,,S DECATUR BLVD,2019-08-13T00:00:00.000,1324,LAS VEGAS,CLARK,CLARK,661383.7691,4003186.52099999
LVM200700064124,S VALLEY VIEW BLVD,,S VALLEY VIEW BLVD,BURANO AVE,,BURANO AVE,2020-07-15T00:00:00.000,958,LAS VEGAS,CLARK,CLARK,663180.288099999,3984083.22739999
HP21-05639,NEWPORT DR,,NEWPORT DR,FELIZ CONTADO CT,,FELIZ CONTADO CT,2021-03-30T00:00:00.000,1834,HENDERSON,CLARK,CLARK,684289.730299999,3988899.02649999
HP19-18108,,,SANTA PAULA WAY,PALO VERDE DR,,PALO VERDE DR,2019-08-16T00:00:00.000,1835,HENDERSON,CLARK,CLARK,683413.589999999,3990273.93889999
LVM210900029725,W AGATE AVE,,W AGATE AVE,S LAS VEGAS BLVD,,S LAS VEGAS BLVD,2021-09-07T00:00:00.000,1641,LAS VEGAS,CLARK,CLARK,664429.3766,3988228.7869
NHP221002028,US95A,,US95AN,5TH STREET,5TH,Mile Post 39,2022-10-29T00:00:00.000,1908,SILVER SPRINGS,LYON,LYON,307034.489599999,4357827.30959999
LVM190500053767,S MARYLAND PKWY,,S MARYLAND PKWY,E DESERT INN RD,,E DESERT INN RD,2019-05-11T00:00:00.000,2151,LAS VEGAS,CLARK,CLARK,667648.996,4000076.56609999
SPPD23-8782,WEDEKIND RD,,WEDEKIND RD,SULLIVAN LN,,SULLIVAN LN,2023-11-15T00:00:00.000,732,SPARKS,WASHOE,WASHOE,261887.8073,4381953.91039999
LVM230600133589,W TROPICANA AVE,,W TROPICANA AVE,S VALLEY VIEW BLVD,,S VALLEY VIEW BLVD,2023-06-29T00:00:00.000,1152,LAS VEGAS,CLARK,CLARK,662973.720099999,3996657.4165
LVM210800079674,W LAKE MEAD BLVD,,W LAKE MEAD BLVD,N JONES BLVD,,N JONES BLVD,2021-08-19T00:00:00.000,1104,LAS VEGAS,CLARK,CLARK,659778.281,4007120.5874
LVM230200050311,E CHARLESTON BLVD,,SR159,OTHER,N NELLIS BLVD,SR612,2023-02-13T00:00:00.000,255,LAS VEGAS,CLARK,CLARK,674365.0672,4003330.43119999
LVM221000038324,W TROPICANA AVE,,W TROPICANA AVE,S VALLEY VIEW BLVD,,S VALLEY VIEW BLVD,2022-10-10T00:00:00.000,1354,LAS VEGAS,CLARK,CLARK,663053.833999999,3996660.21089999
LVM210900047009,OTHER,E LAKE MEAD BLVD,OTHER,OTHER,N NELLIS,OTHER,2021-09-11T00:00:00.000,1615,LAS VEGAS,CLARK,CLARK,674230.955,4007447.0928
NHP220101526,OTHER,IR80,OTHER,OTHER,WELLS AVE,OTHER,2022-01-23T00:00:00.000,2110,,WASHOE,WASHOE,,
LVM210800036723,S PECOS RD,,S PECOS RD,E HACIENDA AVE,,E HACIENDA AVE,2021-08-09T00:00:00.000,1706,LAS VEGAS,CLARK,CLARK,670956.705199999,3995987.19749999
LVM200700087809,S EASTERN AVE,,S EASTERN AVE,E TROPICANA AVE,,E TROPICANA AVE,2020-07-20T00:00:00.000,2039,LAS VEGAS,CLARK,CLARK,669318.2684,3996673.4967
LVM211200000741,N LAS VEGAS BLVD,,N LAS VEGAS BLVD,E OWENS AVE,,E OWENS AVE,2021-12-01T00:00:00.000,703,LAS VEGAS,CLARK,CLARK,667783.571399999,4006469.26759999
LVM190900004512,SIRENS COVE BLVD,,SIRENS COVE BLVD,S LAS VEGAS BLVD,,S LAS VEGAS BLVD,2019-09-01T00:00:00.000,2216,LAS VEGAS,CLARK,CLARK,664613.1145,3999176.36079999
SPPD21-5344,PRATER WAY,,PRATER WAY,15TH ST,,15TH ST,2021-06-27T00:00:00.000,1957,SPARKS,WASHOE,WASHOE,262642.772099999,4380187.5339
RPD22-14627,W 2ND ST,,W 2ND ST,ARLINGTON AVE,,ARLINGTON AVE,2022-08-07T00:00:00.000,155,RENO,WASHOE,WASHOE,257882.5684,4378966.9747
LVM220900016421,N RAINBOW BLVD,,N RAINBOW BLVD,OTHER,RAINBOW RIDGE PLAZA,RAINBOW RIDGE PLAZA,2022-09-04T00:00:00.000,1908,LAS VEGAS,CLARK,CLARK,667235.0618,4004317.2365
LVM220500097084,N PECOS RD,,N PECOS RD,E BONANZA RD,,E BONANZA RD,2022-05-24T00:00:00.000,1215,LAS VEGAS,CLARK,CLARK,671028.896399999,4004866.45629999
LVM190200054357,W FLAMINGO RD,,W FLAMINGO RD,S HUALAPAI WAY,,S HUALAPAI WAY,2019-02-12T00:00:00.000,1829,LAS VEGAS,CLARK,CLARK,651411.3739,3998042.3958
RPD23-3048,E 2ND ST,,E 2ND ST,LAKE ST,,LAKE ST,2023-02-17T00:00:00.000,1753,RENO,WASHOE,WASHOE,258418.3798,4379080.64849999
LVM210200044391,N JONES BLVD,,N JONES BLVD,W LAKE MEAD BLVD,,W LAKE MEAD BLVD,2021-02-10T00:00:00.000,2137,LAS VEGAS,CLARK,CLARK,659687.062699999,4007292.77429999
RPD19-8291,SHADOW PARK DR,,SHADOW PARK DR,MAE ANNE AVE,,MAE ANNE AVE,2019-05-01T00:00:00.000,1412,RENO,WASHOE,WASHOE,252779.468899999,4379611.4633
RPD21-17237,EVERGREEN ST,,EVERGREEN ST,SOUTH MEADOWS PKWY,,SOUTH MEADOWS PKWY,2021-09-15T00:00:00.000,714,RENO,WASHOE,WASHOE,263422.891499999,4369407.0548
RPD21-13047,E 4TH ST,,E 4TH ST,SAGE ST,,SAGE ST,2021-07-20T00:00:00.000,2138,RENO,WASHOE,WASHOE,259882.913099999,4379738.9962
NLPD1909070018320,N LAS VEGAS BLVD,,N LAS VEGAS BLVD,HAMILTON ST,,HAMILTON ST,2019-09-07T00:00:00.000,1728,NORTH LAS VEGAS,CLARK,CLARK,668636.5701,4007694.4032
LVM230400097706,ECHO MESA DR,,ECHO MESA DR,DEL WEBB BLVD,,DEL WEBB BLVD,2023-04-22T00:00:00.000,507,LAS VEGAS,CLARK,CLARK,653257.3381,4008767.4436
LVM220900081394,N PECOS AVE,,E OWENS AVE,OTHER,E OWENS AVE,PECOS RD,2022-09-20T00:00:00.000,2003,LAS VEGAS,CLARK,CLARK,670846.5218,4006494.5686
LVM220100079750,E SAHARA AVE,,E SAHARA AVE,S EASTERN AVE,,S EASTERN AVE,2022-01-20T00:00:00.000,1935,LAS VEGAS,CLARK,CLARK,669251.726999999,4001581.1521
LVM191000097162,S PECOS RD,,S PECOS RD,PEPPER LN,,PEPPER LN,2019-10-21T00:00:00.000,615,LAS VEGAS,CLARK,CLARK,671007.218999999,3994038.04519999
NHP230501514,IR15N,,IR15N,SPEEDWAY BLVD,,SPEEDWAY BLVD,2023-05-22T00:00:00.000,448,LAS VEGAS,CLARK,CLARK,677147.765399999,4017020.7091
LVM200300049015,SPRING MOUNTAIN RD,,SPRING MOUNTAIN RD,ARVILLE ST,,ARVILLE ST,2020-03-11T00:00:00.000,1515,LAS VEGAS,CLARK,CLARK,662127.938299999,3999465.23069999
WNPD19-0503,MELARKEY ST,,MELARKEY ST,W WINNEMUCCA BLVD,,W WINNEMUCCA BLVD,2019-05-26T00:00:00.000,256,WINNEMUCCA,,,438097.780899999,4536000.0657
NYSO21NY-3745,S BLAGG RD,BLAGG,S BLAGG RD,E ETON ST,ETON,E ETON ST,2021-09-14T00:00:00.000,749,,NYE,NYE,,
LVM210700010506,E NAPLES DR,,E NAPLES DR,PARADISE RD,,PARADISE RD,2021-07-03T00:00:00.000,309,LAS VEGAS,CLARK,CLARK,666301.859,3997255.7467
LVM211100030116,GARDEN PARK DR,,GARDEN PARK DR,S TOWN CENTER DR,,S TOWN CENTER DR,2021-11-08T00:00:00.000,704,LAS VEGAS,CLARK,CLARK,650773.636699999,3999342.4802
LVM210900070274,CAMBRIDGE ST,,CAMBRIDGE ST,OTHER,FLAMINGO,OTHER,2021-09-16T00:00:00.000,2112,LAS VEGAS,CLARK,CLARK,667233.0546,3999341.50669999
LVM220900070054,W LAKE MEAD BLVD,,W LAKE MEAD BLVD,N TENAYA WAY,,N TENAYA WAY,2022-09-17T00:00:00.000,2157,LAS VEGAS,CLARK,CLARK,657381.884499999,4007112.45739999
LVM221100018373,S VALLEY VIEW BLVD,,S VALLEY VIEW BLVD,FLAMINGO RD,,FLAMINGO RD,2022-11-05T00:00:00.000,1824,LAS VEGAS,CLARK,CLARK,662899.313699999,3998151.3146
LVM191000081190,S PECOS RD,,S PECOS RD,E SUNSET RD,,E SUNSET RD,2019-10-17T00:00:00.000,1731,LAS VEGAS,CLARK,CLARK,671017.638399999,3993705.004
RPD22-9856,E 2ND ST,,E 2ND ST,GLENDALE AVE,,GLENDALE AVE,2022-05-29T00:00:00.000,326,RENO,WASHOE,WASHOE,260257.844399999,4379030.63839999
CLSD22017907,W WIGWAM AVE,,W WIGWAM AVE,S TORREY PINES DR,,S TORREY PINES DR,2022-02-15T00:00:00.000,1004,LAS VEGAS,CLARK,CLARK,659053.633999999,3989211.6652
NHP200100587,US95,,US95,OTHER,US95/SUMMERLIN PKWY S/B OFF RAMP,OTHER,2020-01-08T00:00:00.000,1805,,CLARK,CLARK,657850.9395,4005630.378
NHP201201268,SR147 W,,SR147 W,OTHER,IR15 S OFF RAMP,OTHER,2020-12-19T00:00:00.000,955,,CLARK,CLARK,667242.285199999,4007278.686
LVM230200015403,KOVAL LN,,KOVAL LN,E HARMON AVE,,E HARMON AVE,2023-02-04T00:00:00.000,1806,LAS VEGAS,CLARK,CLARK,665256.7202,3997716.90579999
LVM210800021825,E SAHARA AVE,,E SAHARA AVE,S EASTERN AVE,,S EASTERN AVE,2021-08-06T00:00:00.000,544,LAS VEGAS,CLARK,CLARK,669251.4872,4001591.25
LVM210700026928,N 8TH ST,,N 8TH ST,STEWART AVE,,STEWART AVE,2021-07-06T00:00:00.000,1023,LAS VEGAS,CLARK,CLARK,667675.350899999,4004448.98939999
RPD19-19888,SUTRO ST,,SUTRO ST,ODDIE BLVD,,ODDIE BLVD,2019-10-03T00:00:00.000,537,RENO,WASHOE,WASHOE,259516.6983,4381036.6611
HP23-19212,CENTER ST,,CENTER ST,FULLERTON AVE,,FULLERTON AVE,2023-09-28T00:00:00.000,1939,HENDERSON,CLARK,CLARK,683098.268899999,3991934.46299999
NLPD2311070022298,E CRAIG RD,,E CRAIG RD,LAWRENCE ST,,LAWRENCE ST,2023-11-07T00:00:00.000,952,NORTH LAS VEGAS,CLARK,CLARK,668837.083899999,4012177.90499999
LVM200800076585,S MARYLAND PKWY,,S MARYLAND PKWY,KAREN AVE,,KAREN AVE,2020-08-18T00:00:00.000,1430,LAS VEGAS,CLARK,CLARK,667627.493499999,4001294.445
NLPD2202050002200,W CRAIG RD,,W CRAIG RD,SIMMONS ST,,SIMMONS ST,2022-02-05T00:00:00.000,1309,NORTH LAS VEGAS,CLARK,CLARK,663529.6063,4012040.5106
NLPD19050400009264,W CAREY AVE,,W CAREY AVE,ENGLESTAD ST,,ENGLESTAD ST,2019-05-04T00:00:00.000,2012,NORTH LAS VEGAS,CLARK,CLARK,666558.958899999,4008064.35109999
LVM190800134231,ALPINE PL,,ALPINE PL,S DECATUR BLVD,,S DECATUR BLVD,2019-08-27T00:00:00.000,1827,LAS VEGAS,CLARK,CLARK,661388.9,4003168.66899999
NHP220901258,E COLLEGE PKWY,,E COLLEGE PKWY,IMPERIAL WAY,,IMPERIAL WAY,2022-09-17T00:00:00.000,551,,CARSON CITY,CARSON CITY,260739.353299999,4341595.79939999
LVM190900033181,S FORT APACHE RD,,S FORT APACHE RD,W CHARLESTON BLVD,,W CHARLESTON BLVD,2019-09-07T00:00:00.000,1812,LAS VEGAS,CLARK,CLARK,653687.520899999,4002941.3002
LVM230300102757,S DURANGO DR,,S DURANGO DR,W WARM SPRINGS RD,,W WARM SPRINGS RD,2023-03-24T00:00:00.000,346,LAS VEGAS,CLARK,CLARK,654988.782999999,3991631.50149999
UNR23-519,N SIERRA ST,,N SIERRA ST,COLLEGE CT,,COLLEGE CT,2023-09-20T00:00:00.000,805,RENO,WASHOE,WASHOE,257736.9648,4380429.118
LVM200200103727,SIERRA STONE LN,,SIERRA STONE LN,COUNTRY DAY LN,,COUNTRY DAY LN,2020-02-21T00:00:00.000,2329,LAS VEGAS,CLARK,CLARK,668981.267799999,3992539.9174
LVM210900125442,E DESERT INN RD,,E DESERT INN RD,PARADISE RD,,PARADISE RD,2021-09-29T00:00:00.000,1820,LAS VEGAS,CLARK,CLARK,666048.067999999,3999891.5127
HP23-21441,BOULDER HWY,,BOULDER HWY NB,CORN ST,,CORN ST,2023-10-29T00:00:00.000,1930,HENDERSON,CLARK,CLARK,679681.576999999,3992467.9514
SPPD21-10384,15TH ST,,15TH ST,PRATER WAY,,PRATER WAY,2021-12-07T00:00:00.000,748,SPARKS,WASHOE,WASHOE,262642.772099999,4380187.5339
LVM191100122497,OTHER,8050 S RAINBOW,OTHER,OTHER,8050 S RAINBOW,OTHER,2019-11-26T00:00:00.000,1350,LAS VEGAS,CLARK,CLARK,,
LVM230300136041,E ALEXANDER RD,,E ALEXANDER RD,OTHER,N LAMB BLVD,SR610,2023-03-31T00:00:00.000,1616,LAS VEGAS,CLARK,CLARK,672535.3189,4011465.95309999
RPD19-18914,LOTUS ST,,LOTUS ST,HONEYSUCKLE DR,,HONEYSUCKLE DR,2019-09-20T00:00:00.000,723,RENO,WASHOE,WASHOE,251998.714499999,4390096.1502
LVM220400035604,E DESERT INN RD,,E DESERT INN RD,S EASTERN AVE,,S EASTERN AVE,2022-04-09T00:00:00.000,141,,CLARK,CLARK,669307.348199999,3999988.3759
LVM231200014409,WARM SPRINGS RD,,WARM SPRINGS RD,S LAS VEGAS BLVD,,LAS VEGAS BLVD,2023-12-05T00:00:00.000,856,LAS VEGAS,CLARK,CLARK,664612.8216,3991806.31079999
RPD23-1221,EVANS AVE,,EVANS AVE,E 5TH ST,,E 5TH ST,2023-01-20T00:00:00.000,1847,RENO,WASHOE,WASHOE,258430.277499999,4379582.0283
LVM201200060195,E TWAIN AVE,,E TWAIN AVE,S NELLIS BLVD,,S NELLIS BLVD,2020-12-14T00:00:00.000,1847,,CLARK,CLARK,674128.006199999,3999298.6191
HP20-20512,E LAKE MEAD PKWY,,E LAKE MEAD PKWY,TAYLOR ST,,TAYLOR ST,2020-11-21T00:00:00.000,1730,HENDERSON,CLARK,CLARK,681985.609899999,3990387.9627
LVM230400042321,EL PARQUE AVE,,EL PARQUE AVE,EDMOND ST,,EDMOND ST,2023-04-10T00:00:00.000,1006,LAS VEGAS,CLARK,CLARK,660921.001899999,4002061.5566
NHP210501898,W CHARLESTON BLVD,,W CHARLESTON BLVD,SACRAMENTO DR,,SACRAMENTO DR,2021-05-26T00:00:00.000,2300,,CLARK,CLARK,672017.5596,4003265.03199999
LVM220400116824,E CHARLESTON BLVD,,E CHARLESTON BLVD,S 10TH ST,10TH,S 10TH ST,2022-04-28T00:00:00.000,647,LAS VEGAS,CLARK,CLARK,667201.6527,4003170.8529
CCSO21-282,WRIGHT WAY,,WRIGHT WAY,S STEWART ST,,S STEWART ST,2021-01-19T00:00:00.000,1057,,CARSON CITY,CARSON CITY,261067.9219,4337619.0
CLSD22057113,E VIKING RD,,E VIKING RD,ANNIE OAKLEY DR,,ANNIE OAKLEY DR,2022-05-19T00:00:00.000,650,LAS VEGAS,CLARK,CLARK,672031.812099999,3998809.33449999
BCPD21BC1262,Nevada Way,,Nevada Way,DATE ST,,DATE ST,2021-11-14T00:00:00.000,2015,BOULDER CITY,CLARK,CLARK,694708.240699999,3983289.6501
NLPD2209230018104,ROSA ROSALES CT,,ROSA ROSALES CT,PIZZAZ DR,,PIZZAZ DR,2022-09-23T00:00:00.000,800,NORTH LAS VEGAS,CLARK,CLARK,666991.6814,4012582.5601
NLPD1903270006393,W CRAIG RD,,W CRAIG RD,N DECATUR BLVD,,N DECATUR BLVD,2019-03-27T00:00:00.000,1941,NORTH LAS VEGAS,CLARK,CLARK,661001.3432,4011921.83359999
LVM220800102792,SPENCER ST,,SPENCER ST,E CACTUS AVE,,E CACTUS AVE,2022-08-25T00:00:00.000,1524,LAS VEGAS,CLARK,CLARK,668732.9002,3985830.7802
LVM220600013436,S VALLEY VIEW BLVD,,S VALLEY VIEW BLVD,EL CAMINO AVE,,EL CAMINO AVE,2022-06-04T00:00:00.000,749,LAS VEGAS,CLARK,CLARK,662771.857099999,4001711.38829999
LVM230800048549,E CARTIER AVE,,E CARTIER AVE,SAN MARCOS ST,,SAN MARCOS ST,2023-08-14T00:00:00.000,613,LAS VEGAS,CLARK,CLARK,671526.773699999,4008566.9338
RPD21-382,E 2ND ST,,E 2ND ST,LAKE ST,,LAKE ST,2021-01-07T00:00:00.000,1745,RENO,WASHOE,WASHOE,258418.3798,4379080.64849999
LVM200100128626,S EASTERN AVE,,S EASTERN AVE,FRANKLIN AVE,,FRANKLIN AVE,2020-01-27T00:00:00.000,1559,LAS VEGAS,CLARK,CLARK,669219.790699999,4002788.97819999
LVM200200087976,W OAKEY BLVD,,W OAKEY BLVD,S DECATUR BLVD,,S DECATUR BLVD,2020-02-18T00:00:00.000,1843,LAS VEGAS,CLARK,CLARK,661196.0619,4002268.07259999
RPD19-7507,N CENTER ST,,N CENTER ST,E 6TH ST,,E 6TH ST,2019-04-20T00:00:00.000,600,RENO,WASHOE,WASHOE,258173.844499999,4379676.6863
RPD19-20074,N ARLINGTON AVE,,N ARLINGTON AVE,W 1ST ST,,W 1ST ST,2019-10-05T00:00:00.000,1942,RENO,WASHOE,WASHOE,257882.495199999,4378821.5303
NHP220501068,IR15N,SAHARA AVE,IR15N,OTHER,IR15 NB ON RAMP,SR589 TO IR15N INT40,2022-05-16T00:00:00.000,1703,,CLARK,CLARK,664828.989299999,4001877.97159999
LVM220500009226,E HARMON AVE,,E HARMON AVE,S LAS VEGAS BLVD,,S LAS VEGAS BLVD,2022-05-03T00:00:00.000,929,LAS VEGAS,CLARK,CLARK,664511.501,3997505.54539999
LVM211200025685,OTHER,BOULDER HIGHWAY,OTHER,OTHER,S SANDHILL RD,OTHER,2021-12-07T00:00:00.000,342,LAS VEGAS,CLARK,CLARK,671602.303299999,4000965.4907
RPD20-15157,MCCARRAN BLVD,,MCCARRAN BLVD,SIERRA MADRE DR,,SIERRA MADRE DR,2020-08-28T00:00:00.000,2025,RENO,WASHOE,WASHOE,263638.5504,4374027.57799999
LVM220800056598,GRAND TETON DR,,GRAND TETON DR,N TEE PEE LN,,N TEE PEE LN,2022-08-14T00:00:00.000,1521,LAS VEGAS,CLARK,CLARK,652508.443699999,4019295.54509999
LVM200500027628,W TROPICANA AVE,,W TROPICANA AVE,SEPULVEDA BLVD,,SEPULVEDA BLVD,2020-05-06T00:00:00.000,1224,LAS VEGAS,CLARK,CLARK,659259.734899999,3996469.9284
NHP221200479,OTHER,US395,US395N,OTHER,10TH ST,TENTH ST,2022-12-06T00:00:00.000,1513,,DOUGLAS,DOUGLAS,260002.7777,4315602.72709999
ELPD2019-16247,SILVER ST,,SILVER ST,3RD ST,,3RD ST,2019-07-18T00:00:00.000,1121,ELKO,,,604311.0771,4520581.27109999
LVM221100011525,S NELLIS BLVD,,S NELLIS BLVD,OTHER,E HARMON AVE,E HARMON AVE,2022-11-03T00:00:00.000,2138,LAS VEGAS,CLARK,CLARK,674227.2505,3997651.76909999
LVM230500072546,SIERRA VISTA DR,,SIERRA VISTA DR,S UNIVERSITY CENTER DR,,S UNIVERSITY CENTER DR,2023-05-15T00:00:00.000,1254,,CLARK,CLARK,666951.568799999,3999620.0633
HP19-10373,E PATRICK LN,,E PATRICK LN,WHITNEY RANCH DR,,WHITNEY RANCH DR,2019-05-06T00:00:00.000,1515,,CLARK,CLARK,675313.892599999,3994384.9107
LVM190400023716,GLENNDAVIS DR,,GLENNDAVIS DR,SUN VALLEY DR,,SUN VALLEY DR,2019-04-05T00:00:00.000,1630,LAS VEGAS,CLARK,CLARK,673838.2367,3997284.0019
NLPD22829,E CRAIG RD,,E CRAIG RD,NORTH 5,,N 5TH ST,2022-12-02T00:00:00.000,551,NORTH LAS VEGAS,CLARK,CLARK,667797.376099999,4012144.0361
NHP190500710,OTHER,US95/SR582 NORTHBOUND OFF RAMP,OTHER,OTHER,SR582,OTHER,2019-05-10T00:00:00.000,756,RENO,CLARK,CLARK,671990.6824,4000559.023
LVM210200020790,VEGAS VALLEY DR,,VEGAS VALLEY DR,MOUNTAIN VISTA ST,,MOUNTAIN VISTA ST,2021-02-05T00:00:00.000,1615,LAS VEGAS,CLARK,CLARK,673277.014299999,4000856.3958
RPD23-2831,W 2ND ST,,W 2ND ST,N ARLINGTON AVE,,N ARLINGTON AVE,2023-02-14T00:00:00.000,1625,RENO,WASHOE,WASHOE,257861.678999999,4378962.63189999
LVM190900102550,CLAYMONT ST,,CLAYMONT ST,COTTAGE GROVE AVE,,COTTAGE GROVE AVE,2019-08-21T00:00:00.000,736,LAS VEGAS,CLARK,CLARK,667217.405199999,3997960.7243
NHP221101668,US50,,US50,ROBERSON LN,,ROBERSON LN,2022-11-21T00:00:00.000,1811,,CHURCHILL,CHURCHILL,338929.5393,4372463.96959999
NHP190101670,TROPICANA AVE,,TROPICANA AVE,OTHER,FORT APACHE RD APEX,OTHER,2019-01-20T00:00:00.000,618,RENO,CLARK,CLARK,653276.287399999,3996384.43339999
RPD21-7066,N VIRGINIA ST,,N VIRGINIA ST,N MCCARRAN BLVD,,N MCCARRAN BLVD,2021-04-24T00:00:00.000,1549,RENO,WASHOE,WASHOE,260105.8002,4373416.3175
LVM211200045180,E FLAMINGO RD,,E FLAMINGO RD,PALOS VERDES ST,S PALOS VERDES ST,PALOS VERDES ST,2021-12-11T00:00:00.000,1735,LAS VEGAS,CLARK,CLARK,666452.689299999,3998266.061
LVM200200074600,N YALE ST,,N YALE ST,W WASHINGTON AVE,,W WASHINGTON AVE,2020-02-15T00:00:00.000,2216,LAS VEGAS,CLARK,CLARK,661251.656299999,4005507.8968
LVM210800090324,W CRAIG RD,,W CRAIG RD,OTHER,S LAMB,OTHER,2021-08-21T00:00:00.000,1819,LAS VEGAS,CLARK,CLARK,672648.196899999,4012325.0315
LVM230600004265,S MAIN ST,,S MAIN ST,E CLARK AVE,,E CLARK AVE,2023-06-01T00:00:00.000,2132,LAS VEGAS,CLARK,CLARK,666448.508999999,4004062.4187
LVM230600020984,W TROPICANA AVE,,W TROPICANA AVE,CAMERON ST,,CAMERON ST,2023-06-05T00:00:00.000,1217,LAS VEGAS,CLARK,CLARK,661597.938199999,3996630.2583
SPPD23-225,VICTORIAN AVE,,VICTORIAN AVE,22ND ST,,22ND ST,2023-01-10T00:00:00.000,17,SPARKS,WASHOE,WASHOE,261649.1342,4379851.65709999
LVM211000003129,EL CAPITAN WAY,,EL CAPITAN WAY,PINE PITCH DR,PINE PITCH DR,PINE PITCH DR,2021-10-01T00:00:00.000,1922,LAS VEGAS,CLARK,CLARK,653829.341099999,4019162.8076
LVM231200099437,S LAS VEGAS BLVD,,S LAS VEGAS BLVD,CIRCUS CIRCUS DR,,CIRCUS CIRCUS DR,2023-12-30T00:00:00.000,34,LAS VEGAS,CLARK,CLARK,665387.526899999,4000683.2826
LVM210700006324,N DURANGO DR,,N DURANGO DR,W CHEYENNE AVE,,W CHEYENNE AVE,2021-07-02T00:00:00.000,1203,LAS VEGAS,CLARK,CLARK,654707.665699999,4009573.21729999
LVM210600027803,S EASTERN AVE,,S EASTERN AVE,E SUNSET RD,,E SUNSET RD,2021-06-06T00:00:00.000,2257,,CLARK,CLARK,669415.255199999,3993523.5449
NLPD2201110000643,W LAKE MEAD BLVD,,W LAKE MEAD BLVD,VICTOR WAY,,VICTOR WAY,2022-01-11T00:00:00.000,1108,NORTH LAS VEGAS,CLARK,CLARK,663897.5195,4007384.19419999
NLPD1902210003729,N LAS VEGAS BLVD,,N LAS VEGAS BLVD,E CAREY AVE,CAREY,E CAREY AVE,2019-02-21T00:00:00.000,350,NORTH LAS VEGAS,CLARK,CLARK,669187.0053,4008121.5383
LVM201000070338,E CHEYENNE AVE,,E CHEYENNE AVE,N LAS VEGAS BLVD,,N LAS VEGAS BLVD,2020-10-16T00:00:00.000,1636,,CLARK,CLARK,671481.516599999,4009779.94959999
LVM230400020346,N LAS VEGAS BLVD,,SR604N,N PECOS RD,,N PECOS RD,2023-04-05T00:00:00.000,1455,LAS VEGAS,CLARK,CLARK,671133.9709,4009588.97949999
WASO22-6555,CALICO DR,,CALICO DR,E 9TH AVE,,E 9TH AVE,2022-12-18T00:00:00.000,1649,SUN VALLEY,WASHOE,WASHOE,261876.456199999,4387847.01549999
LVM200900011629,W CHARLESTON BLVD,,W CHARLESTON BLVD,S RAMPART BLVD,,S RAMPART BLVD,2020-09-03T00:00:00.000,1433,LAS VEGAS,CLARK,CLARK,653687.520899999,4002941.3002
LVM200200108490,E TROPICANA AVE,,E TROPICANA AVE,DUKE ELLINGTON WAY,,DUKE ELLINGTON WAY,2020-02-22T00:00:00.000,1748,LAS VEGAS,CLARK,CLARK,664983.9138,3996693.59759999
LVM220600113842,E BONANZA RD,,E BONANZA RD,MARION DR,,MARION DR,2022-06-29T00:00:00.000,1710,LAS VEGAS,CLARK,CLARK,673611.2597,4004953.6476
LVM190400122854,CLIFF SHADOWS PKWY,,CLIFF SHADOWS PKWY,BABY YOVANI AVE,,BABY YOVANI AVE,2019-04-25T00:00:00.000,1620,LAS VEGAS,CLARK,CLARK,650000.435899999,4010914.5468
LVM220800011499,DECATUR BLVD,,DECATUR BLVD,OTHER,CRAIG,CRAIG RD,2022-08-03T00:00:00.000,1439,LAS VEGAS,CLARK,CLARK,661062.3124,4011921.47179999
LVM190300100802,S EASTERN AVE,,S EASTERN AVE,OTHER,DESERT INN,OTHER,2019-03-21T00:00:00.000,1433,LAS VEGAS,CLARK,CLARK,669301.272699999,4000019.4493
LVM230600104513,E SAHARA AVE,,E SAHARA AVE,STATE ST,,STATE ST,2023-06-22T00:00:00.000,2229,LAS VEGAS,CLARK,CLARK,666918.7734,4001510.26789999
RPDRP22-19495,LYMBERY ST,,LYMBERY ST,BRINKBY AVE,,BRINKBY AVE,2022-10-16T00:00:00.000,1850,RENO,WASHOE,WASHOE,258963.181099999,4375587.46289999
LVM220500030045,E LAKE MEAD BLVD,E LAKE MEAD BLVD,SR147E,N NELLIS BLVD,N NELLIS BLVD,SR612,2022-05-08T00:00:00.000,642,LAS VEGAS,CLARK,CLARK,674228.3781,4007455.35969999
NHP220201463,OTHER,SR160,SR160N,OTHER,DEAN MARTIN DR,DEAN MARTIN DR,2022-02-21T00:00:00.000,1651,LAS VEGAS,CLARK,CLARK,663281.6994,3990095.3416
LVM200100089393,S RAMPART BLVD,,S RAMPART BLVD,ALTA DR,,ALTA DR,2020-01-19T00:00:00.000,1451,LAS VEGAS,CLARK,CLARK,653979.782599999,4003808.21179999
LVM210900089393,DELOS DR,,DELOS DR,OTHER,FLAMINGO RD,OTHER,2021-09-21T00:00:00.000,948,LAS VEGAS,CLARK,CLARK,661000.5844,3998227.2716
NLPD2209270018449,LAKE MEAD BLVD,,LAKE MEAD BLVD,N LAS VEGAS BLVD,,N LAS VEGAS BLVD,2022-09-27T00:00:00.000,2322,NORTH LAS VEGAS,CLARK,CLARK,668187.7103,4007285.0241
NHP200101791,US50,,US50,OTHER,LAKE PARKWAY,OTHER,2020-01-24T00:00:00.000,2125,,DOUGLAS,DOUGLAS,245116.8057,4316450.6927
LVM190100008759,S LAMB BLVD,,S LAMB BLVD,E CHARLESTON BLVD,,E CHARLESTON BLVD,2019-01-02T00:00:00.000,1508,LAS VEGAS,CLARK,CLARK,672689.807,4003281.56369999
HP22-02951,BOULDER HWY N,,BROADBENT BLVD,BROADBENT BLVD,,BOULDER HWY NB,2022-02-14T00:00:00.000,2233,HENDERSON,CLARK,CLARK,678203.226099999,3994286.3714
LVM190600086756,N RAINBOW BLVD,,N RAINBOW BLVD,PEAK DR,,PEAK DR,2019-06-18T00:00:00.000,2041,LAS VEGAS,CLARK,CLARK,658004.6155,4008763.09679999
RPD23-23792,VINE ST,,VINE ST,W 4TH ST,,W 4TH ST,2023-12-27T00:00:00.000,1859,RENO,WASHOE,WASHOE,257155.506,4379158.4107
LVM211200121642,W TROPICANA AVE,,W TROPICANA AVE,S TEE PEE LN,,S TEE PEE LN,2021-12-30T00:00:00.000,1559,LAS VEGAS,CLARK,CLARK,652831.580799999,3996384.0438
LVM201200075035,W TROPICANA AVE,,W TROPICANA AVE,S DURANGO DR,,S DURANGO DR,2020-12-18T00:00:00.000,458,LAS VEGAS,CLARK,CLARK,654882.991799999,3996416.41349999
ELPD2020-19057,5TH ST,,5TH ST,COURT ST,,COURT ST,2020-09-25T00:00:00.000,1351,ELKO,ELKO,ELKO,604215.0115,4520975.94339999
LVM200800095466,W CHARLESTON BLVD,W CHARLESTON,W CHARLESTON BLVD,VISTA CENTER DR,S VISTA CENTER DR,VISTA CENTER DR,2020-08-22T00:00:00.000,1748,,CLARK,CLARK,648759.896399999,4002845.6698
LVM190200105070,SPRING MOUNTAIN RD,,SPRING MOUNTAIN RD,SPRING VISTAS DR,,SPRING VISTAS DR,2019-02-23T00:00:00.000,1822,LAS VEGAS,CLARK,CLARK,656268.959599999,3999271.40699999
LVM230400013824,S EASTERN AVE,,S EASTERN AVE,E ST LOUIS AVE,,E ST LOUIS AVE,2023-04-04T00:00:00.000,704,LAS VEGAS,CLARK,CLARK,669239.018099999,4002024.08789999
SPPD22-3778,GALLERIA PKWY,,GALLERIA PKWY,DISC DR,,DISC DR,2022-05-14T00:00:00.000,1158,SPARKS,WASHOE,WASHOE,264635.251699999,4384419.7357
LVM210700079645,E LAKE MEAD BLVD,,E LAKE MEAD BLVD,N WALNUT RD,,N WALNUT RD,2021-07-17T00:00:00.000,2112,LAS VEGAS,CLARK,CLARK,671800.707499999,4007346.87959999
LVM220600068794,S DECATUR BLVD,,S DECATUR BLVD,OTHER,W PENNWOOD,PENNWOOD AVE,2022-06-18T00:00:00.000,903,LAS VEGAS,CLARK,CLARK,661227.504599999,4000661.3561
RPD22-22414,HUNTER LAKE DR,,HUNTER LAKE DR,W PLUMB LN,,W PLUMB LN,2022-12-03T00:00:00.000,939,RENO,WASHOE,WASHOE,256178.316499999,4376660.2038
LVM210400024094,E SAHARA AVE,,E SAHARA AVE,S 6TH ST,,S 6TH ST,2021-04-06T00:00:00.000,1020,LAS VEGAS,CLARK,CLARK,666745.547299999,4001499.31259999
LVM190500030658,EL PARQUE AVE,,EL PARQUE AVE,S DECATUR BLVD,,S DECATUR BLVD,2019-05-07T00:00:00.000,827,LAS VEGAS,CLARK,CLARK,661196.1271,4002067.62199999
LVM210200022224,MOUNTAIN VISTA ST,,MOUNTAIN VISTA ST,E HACIENDA AVE,,E HACIENDA AVE,2021-02-05T00:00:00.000,2231,LAS VEGAS,CLARK,CLARK,673470.6617,3995933.1983
NLPD2003180005364,E CHEYENNE AVE,,E CHEYENNE AVE,CIVIC CENTER DR,,CIVIC CENTER DR,2020-03-18T00:00:00.000,2300,NORTH LAS VEGAS,CLARK,CLARK,668995.144799999,4009731.66449999
LVM221000045045,S MARTIN L KING BLVD,,S MARTIN L KING BLVD,US 95 SOUTH,,US 95 SOUTH,2022-10-12T00:00:00.000,702,LAS VEGAS,CLARK,CLARK,665408.273199999,4004683.16819999
LVM210500019651,S NELLIS BLVD,,S NELLIS BLVD,VEGAS VALLEY DR,,VEGAS VALLEY DR,2021-05-05T00:00:00.000,755,,CLARK,CLARK,674056.7306,4000873.1743
WASO22-5037,EAGLE CANYON DR,,EAGLE CANYON DR,GOLDENEYE PKWY,,GOLDENEYE PKWY,2022-09-27T00:00:00.000,750,SPARKS,WASHOE,WASHOE,265723.284699999,4392737.9747
LVM191200056312,S NELLIS BLVD,,S NELLIS BLVD,E DESERT INN RD,,E DESERT INN RD,2019-12-12T00:00:00.000,1743,LAS VEGAS,CLARK,CLARK,674089.222199999,4000074.12879999
SPPD19-10148,GLENDALE AV,,GLENDALE AV,S ROCK BL,,S ROCK BL,2019-11-13T00:00:00.000,1754,SPARKS,WASHOE,WASHOE,262092.802799999,4378988.7849
LVM200400027758,E RENO AVE,,E RENO AVE,S LAMB BLVD,,S LAMB BLVD,2020-04-06T00:00:00.000,1324,LAS VEGAS,CLARK,CLARK,672561.4478,3996367.5138
LVM190900142747,COVINGTON CROSS DR,,COVINGTON CROSS DR,N TOWN CENTER DR,,N TOWN CENTER DR,2019-09-30T00:00:00.000,723,LAS VEGAS,CLARK,CLARK,652007.974299999,4005546.7091
RPD19-10754,GENTRY WAY,,GENTRY WAY,S VIRGINIA ST,,S VIRGINIA ST,2019-06-06T00:00:00.000,957,RENO,WASHOE,WASHOE,259405.0218,4375419.47529999
LVM190700040463,N 28TH ST,,N 28TH ST,E BONANZA RD,,E BONANZA RD,2019-07-08T00:00:00.000,1930,LAS VEGAS,CLARK,CLARK,669822.723199999,4004784.6544
SPPD22-44,VICTORIAN AVE,,VICTORIAN AVE,ROCK BLVD,,ROCK BLVD,2022-01-02T00:00:00.000,1932,SPARKS,WASHOE,WASHOE,,
LVM190500024967,E CHEYENNE AVE,,E CHEYENNE AVE,N LAMB BLVD,,N LAMB BLVD,2019-05-06T00:00:00.000,252,LAS VEGAS,CLARK,CLARK,672479.696299999,4009802.7741
LVM220200073918,S MARYLAND PKWY,,S MARYLAND PKWY,E FLAMINGO RD,E FLAMINGO AVE,SR592,2022-02-18T00:00:00.000,1140,LAS VEGAS,CLARK,CLARK,667596.531,3998262.1093
LVM220200013566,PARADISE RD,,PARADISE RD,E HARMON AVE,,E HARMON AVE,2022-02-04T00:00:00.000,416,LAS VEGAS,CLARK,CLARK,666289.172799999,3997674.51879999
CLSD22082867,OTHER,,OTHER,TORINO & CANYON SADDLE,,TORINO & CANYON SADDLE,2022-08-12T00:00:00.000,1430,LAS VEGAS,CLARK,CLARK,,
LVM190100030767,W ALEXANDER RD,,W ALEXANDER RD,DRISCOLL MOUNTAIN ST,,DRISCOLL MOUNTAIN ST,2019-01-07T00:00:00.000,831,LAS VEGAS,CLARK,CLARK,650707.6353,4011068.7397
LVM200800045563,E CHARLESTON BLVD,,E CHARLESTON BLVD,N 28TH ST,,N 28TH ST,2020-08-11T00:00:00.000,1319,LAS VEGAS,CLARK,CLARK,669873.9873,4003216.9567
LVM210100017396,S 15TH ST,,S 15TH ST,FREMONT ST,,FREMONT ST,2021-01-04T00:00:00.000,1145,LAS VEGAS,CLARK,CLARK,668267.7597,4003798.4129
HP22-08870,BOULDER HWY N,,BOULDER HWY,N MAJOR AVE,,N MAJOR AVE,2022-05-06T00:00:00.000,2326,HENDERSON,CLARK,CLARK,682727.148,3989257.8508
NHP210501093,OTHER,US95 NORTHBOUND,IR515N,OTHER,US95/SR159 NB ON RAMP,SR159 TO IR515N INT72,2021-05-15T00:00:00.000,2055,,CLARK,CLARK,671461.0164,4003848.242
LVM201000017584,SPRING MOUNTAIN RD,,SPRING MOUNTAIN RD,S JONES BLVD,,S JONES BLVD,2020-10-04T00:00:00.000,2032,,CLARK,CLARK,659769.333399999,3999323.49589999
LVM210400136945,ESSEX WEST DR,,ESSEX WEST DR,ALPINE PL,,ALPINE PL,2021-04-30T00:00:00.000,1835,LAS VEGAS,CLARK,CLARK,661753.421299999,4003174.54419999
LVM231200015366,S CASINO CENTER BLVD,,S CASINO CENTER BLVD,E BRIDGER AVE,,E BRIDGER AVE,2023-12-05T00:00:00.000,1330,LAS VEGAS,CLARK,CLARK,666785.963,4004214.37729999
LVM200200011025,AMIGO ST,,AMIGO ST,ST ROSE PKWY,,ST ROSE PKWY,2020-02-03T00:00:00.000,935,LAS VEGAS,CLARK,CLARK,667566.821999999,3984224.58889999
NLPD2307160014315,N PECOS RD,,N PECOS RD,LAS VEGAS BLVD,,SR604N,2023-07-16T00:00:00.000,2315,NORTH LAS VEGAS,CLARK,CLARK,670921.6195,4009312.4572
NHP200101917,US50,,US50,OTHER,MILE MARKER 12 LYON,OTHER,2020-01-26T00:00:00.000,1944,,LYON,LYON,283320.2761,4353573.8823
LVM190900037174,S 4TH ST,,S 4TH ST,E CLARK AVE,,E CLARK AVE,2019-09-08T00:00:00.000,1441,LAS VEGAS,CLARK,CLARK,666857.4856,4003842.38609999
NHP210502045,SR443,,SR443,OTHER,2ND AVE,OTHER,2021-05-28T00:00:00.000,1542,,WASHOE,WASHOE,261215.0842,4385051.83599999
LVM230200057024,FAIRBANKS RD,,FAIRBANKS RD,CAROLYN DR,,CAROLYN DR,2023-02-14T00:00:00.000,1632,LAS VEGAS,CLARK,CLARK,659118.9374,3997888.3978
LVM220100091643,S VALLEY VIEW BLVD,,S VALLEY VIEW BLVD,W FLAMINGO RD,FLAMINGO,SR592,2022-01-23T00:00:00.000,1813,LAS VEGAS,CLARK,CLARK,662889.279299999,3998456.8585
NHP190900076,SR147,,SR147,OTHER,ARNONA,OTHER,2019-09-01T00:00:00.000,2120,RENO,CLARK,CLARK,678823.7706,4007823.14629999
LVM190100107355,E TONOPAH AVE,,E TONOPAH AVE,COSMIC DR,,COSMIC DR,2019-01-23T00:00:00.000,1205,LAS VEGAS,CLARK,CLARK,672418.398299999,4006952.94859999
LVM220900101179,S VALLEY VIEW BLVD,,S VALLEY VIEW BLVD,EL CONLON AVE,,EL CONLON AVE,2022-09-25T00:00:00.000,1624,LAS VEGAS,CLARK,CLARK,662779.6379,4001287.3637
RPD21-4702,SOUTH MEADOWS MARKETPLACE DR,,SOUTH MEADOWS MARKETPLACE DR,S VIRGINIA ST,,S VIRGINIA ST,2021-03-18T00:00:00.000,1742,RENO,WASHOE,WASHOE,261645.5668,4369186.18139999
LVM231200050690,21ST ST,,21ST ST,OTHER,BONANZA RD,BONANZA RD,2023-12-15T00:00:00.000,1711,LAS VEGAS,CLARK,CLARK,669014.817499999,4004880.7872
NLPD1905110009805,BERG ST,,BERG ST,E CHEYENNE AVE,,E CHEYENNE AVE,2019-05-11T00:00:00.000,1646,NORTH LAS VEGAS,CLARK,CLARK,669613.756,4009739.54529999
LVM200900091192,E BONANZA RD,,E BONANZA RD,N LAS VEGAS BLVD,,N LAS VEGAS BLVD,2020-09-21T00:00:00.000,2300,LAS VEGAS,CLARK,CLARK,667538.770499999,4004954.50239999
HP22-09805,W HORIZON RIDGE PKWY,,W HORIZON RIDGE PKWY,ANNET ST,,ANNET ST,2022-05-20T00:00:00.000,1406,HENDERSON,CLARK,CLARK,672149.2669,3986289.1358
RPD20-3573,WEST ST,,WEST ST,W COMMERCIAL ROW,,W COMMERCIAL ROW,2020-02-21T00:00:00.000,1939,RENO,WASHOE,WASHOE,257933.1834,4379132.05709999
LVM231000093840,W LONE MOUNTAIN RD,,W LONE MOUNTAIN RD,SERENE DR,,SERENE DR,2023-10-27T00:00:00.000,2144,LAS VEGAS,CLARK,CLARK,658252.7301,4012844.40579999
LVM210400079967,S LAS VEGAS BLVD,,S LAS VEGAS BLVD,E OAKEY BLVD,,E OAKEY BLVD,2021-04-18T00:00:00.000,1354,LAS VEGAS,CLARK,CLARK,666145.040699999,4002180.4229
SPPD22-2512,PYRAMID WAY,,PYRAMID WAY,ODDIE BL,,ODDIE BL,2022-03-31T00:00:00.000,1103,SPARKS,WASHOE,WASHOE,,
LVM210800092442,S LAS VEGAS BLVD,,S LAS VEGAS BLVD,CONVENTION CENTER DR,,CONVENTION CENTER DR,2021-08-22T00:00:00.000,454,,CLARK,CLARK,665151.573499999,4000217.25109999
LVM230900089927,S SANDHILL RD,,S SANDHILL RD,E PATRICK LN,,E PATRICK LN,2023-09-26T00:00:00.000,955,LAS VEGAS,CLARK,CLARK,671843.847199999,3994358.5095
LVM230300033422,E SAHARA AVE,,E SAHARA AVE,ATLANTIC ST,,ATLANTIC ST,2023-03-08T00:00:00.000,1622,LAS VEGAS,CLARK,CLARK,669647.7866,4001604.9065
LVM211200040905,W LAKE MEAD BLVD,,W LAKE MEAD BLVD,PUEBLO VISTA DR,,PUEBLO VISTA DR,2021-12-10T00:00:00.000,1652,LAS VEGAS,CLARK,CLARK,655541.1441,4007199.06
HP20-05008,BOULDER HWY S,,BOULDER HWY S,W ROLLY ST,,W ROLLY ST,2020-03-10T00:00:00.000,657,HENDERSON,CLARK,CLARK,679965.0455,3992123.1084
LVM201100095620,S LAS VEGAS BLVD,,S LAS VEGAS BLVD,BELLAGIO DR,,BELLAGIO DR,2020-11-22T00:00:00.000,2059,,CLARK,CLARK,664442.6314,3997802.899
RPD19-3995,KIETZKE LN,,KIETZKE LN,VASSAR ST,,VASSAR ST,2019-02-28T00:00:00.000,7,RENO,WASHOE,WASHOE,260219.325899999,4377457.31719999
NHP230600569,OTHER,GRAND CENTRAL PKWY N,S GRAND CENTRAL PKWY,OTHER,CITY PKWY,CITY PKWY,2023-06-09T00:00:00.000,921,LAS VEGAS,CLARK,CLARK,666431.2076,4004767.1839
LVM210700037325,S SANDHILL RD,,S SANDHILL RD,E TROPICANA AVE,,E TROPICANA AVE,2021-07-08T00:00:00.000,1450,LAS VEGAS,CLARK,CLARK,671776.2719,3996745.7934
LVM210800010210,S DECATUR BLVD,,S DECATUR BLVD,MEADOWS LN,,MEADOWS LN,2021-08-03T00:00:00.000,1407,LAS VEGAS,CLARK,CLARK,661353.4581,4004263.129
NLPD1911250023643,N MARTIN L KING BLVD,,N MARTIN L KING BLVD,W CHEYENNE AVE,,W CHEYENNE AVE,2019-11-26T00:00:00.000,2252,NORTH LAS VEGAS,CLARK,CLARK,665277.376699999,4009660.7531
HP19-30715,WINDMILL PKWY,,WINDMILL PKWY,VALLE VERDE DR,,VALLE VERDE DR,2019-11-21T00:00:00.000,1749,HENDERSON,CLARK,CLARK,673986.469299999,3990287.59989999
LVM201000104087,OTHER,FESTIVAL PLAZA DR,OTHER,SUMMERLIN CENTRE DR,,SUMMERLIN CENTRE DR,2020-10-24T00:00:00.000,1421,,CLARK,CLARK,,
LVM220100023948,SPRING MOUNTAIN RD,,SPRING MOUNTAIN RD,S VALLEY VIEW BLVD,,S VALLEY VIEW BLVD,2022-01-06T00:00:00.000,1459,LAS VEGAS,CLARK,CLARK,662888.7105,3999496.16779999
LVM211000120900,BOULDER HWY S,,BOULDER HWY S,E TROPICANA AVE,,E TROPICANA AVE,2021-10-28T00:00:00.000,1752,,CLARK,CLARK,675345.955099999,3996980.0819
LVM210400067154,W CHEYENNE AVE,,W CHEYENNE AVE,JOANN WAY,,JOANN WAY,2021-04-15T00:00:00.000,1650,LAS VEGAS,CLARK,CLARK,660477.1776,4009500.5777
SPPD19-2553,WEDEKIND RD,,WEDEKIND RD,FARREL ROSS DR,,FARREL ROSS DR,2019-03-22T00:00:00.000,1600,SPARKS,WASHOE,WASHOE,261367.648099999,4381927.6993
LVM200800085825,E FLAMINGO RD,,E FLAMINGO RD,PARADISE RD,,PARADISE RD,2020-08-20T00:00:00.000,1638,,CLARK,CLARK,666144.7368,3998206.25
LVM230400138690,W OWENS AVE,,W OWENS AVE,N MAIN ST,,N MAIN ST,2023-04-30T00:00:00.000,1941,LAS VEGAS,CLARK,CLARK,667661.399,4006460.5219
LVM220800042373,SPRING MOUNTAIN RD,,SPRING MOUNTAIN RD,OTHER,S RAINBOW BLVD,SR595,2022-08-11T00:00:00.000,141,LAS VEGAS,CLARK,CLARK,658007.3057,3999319.6588
NLPD2009240015797,N LAS VEGAS BLVD,,N LAS VEGAS BLVD,VAN DER MEER ST,,VAN DER MEER ST,2020-09-24T00:00:00.000,1240,NORTH LAS VEGAS,CLARK,CLARK,670214.3529,4008916.1468
RPD22-22811,W 5TH ST,,W 5TH ST,N VIRGINIA ST,,N VIRGINIA ST,2022-12-10T00:00:00.000,215,RENO,WASHOE,WASHOE,258030.845099999,4379495.7736
LVM220200078465,LINQ LN,,LINQ LN,E FLAMINGO RD,,E FLAMINGO RD,2022-02-19T00:00:00.000,1246,LAS VEGAS,CLARK,CLARK,664889.9407,3998337.5555
LVM210100043955,S DECATUR BLVD,,S DECATUR BLVD,W TROPICANA AVE,,W TROPICANA AVE,2021-01-10T00:00:00.000,947,LAS VEGAS,CLARK,CLARK,661314.0356,3996621.57159999
LVM230400078099,THEME RD,,THEME RD,WEATHERBURN AVE,,WEATHERBURN AVE,2023-04-17T00:00:00.000,2201,LAS VEGAS,CLARK,CLARK,676798.2225,3999327.97369999
LVM221000111666,OTHER,SANDHILL,E DESERT INN RD,OTHER,DESER INN RD,S SANDHILL RD,2022-10-29T00:00:00.000,928,LAS VEGAS,CLARK,CLARK,671723.1265,4000009.31849999
ELPD2019-27598,COLLEGE PKWY,,COLLEGE PKWY,WALNUT ST,,WALNUT ST,2019-12-11T00:00:00.000,1709,ELKO,,,603827.571,4521916.9614
LVM200200016483,E CHARLESTON BLVD,,E CHARLESTON BLVD,S 8TH ST,,S 8TH ST,2020-02-04T00:00:00.000,1132,LAS VEGAS,CLARK,CLARK,667034.127899999,4003166.01349999
LVM190200044629,E CHARLESTON BLVD,,E CHARLESTON BLVD,S MARYLAND PKWY,,S MARYLAND PKWY,2019-02-10T00:00:00.000,1836,LAS VEGAS,CLARK,CLARK,667586.830199999,4003181.54099999
NHP190801200,SIX MILE CANYON RD,SIX MILE CANYON,SIX MILE CANYON RD,RING RD,RING ROAD,RING RD,2019-08-15T00:00:00.000,630,RENO,LYON,LYON,281916.168499999,4353199.90689999
RPD20-4250,MILL ST,,MILL ST,YORI AVE,,YORI AVE,2020-03-02T00:00:00.000,1831,RENO,WASHOE,WASHOE,259865.221199999,4378604.8208
LVM191200000676,FASHION SHOW DR,,FASHION SHOW DR,S LAS VEGAS BLVD,,S LAS VEGAS BLVD,2019-12-01T00:00:00.000,335,LAS VEGAS,CLARK,CLARK,664871.3425,3999663.9546
LVM210100131699,STEWART AVE,,STEWART AVE,N NELLIS BLVD,,N NELLIS BLVD,2021-01-29T00:00:00.000,1910,LAS VEGAS,CLARK,CLARK,674301.8879,4004157.8812
LVM210700065774,N JONES BLVD,,N JONES BLVD,TURMON AVE,,TURMON AVE,2021-07-14T00:00:00.000,2137,LAS VEGAS,CLARK,CLARK,659687.0942,4007314.87299999
NHP231001739,N DURANGO DR,,N DURANGO DR,W DEER SPRINGS WAY,,W DEER SPRINGS WAY,2023-10-23T00:00:00.000,610,LAS VEGAS,CLARK,CLARK,653764.091799999,4016869.13959999
LVM230200095399,E CHARLESTON BLVD,,SR159,OTHER,28TH ST,28TH ST,2023-02-23T00:00:00.000,1830,LAS VEGAS,CLARK,CLARK,669877.948699999,4003217.03079999
UNLV231221,COTTAGE GROVE AVE,,COTTAGE GROVE AVE,CLAYMONT ST,,CLAYMONT ST,2023-09-21T00:00:00.000,1944,,CLARK,CLARK,667217.4883,3997959.20219999
LVM191100031228,S EASTERN AVE,,S EASTERN AVE,HOUSTON DR,,HOUSTON DR,2019-11-07T00:00:00.000,1343,LAS VEGAS,CLARK,CLARK,669217.1308,4002889.64719999
RPD21-5795,W TAYLOR ST,,W TAYLOR ST,HUMBOLDT ST,,HUMBOLDT ST,2021-04-05T00:00:00.000,853,RENO,WASHOE,WASHOE,258045.5405,4377813.03199999
NHP190902322,OTHER,TROPICANA AVE,OTHER,OTHER,IR15 SB ON RAMP,OTHER,2019-09-28T00:00:00.000,309,,CLARK,CLARK,663659.3508,3996639.97409999
LVM210300037017,E SAHARA AVE,,E SAHARA AVE,S EASTERN AVE,,S EASTERN AVE,2021-03-08T00:00:00.000,1723,LAS VEGAS,CLARK,CLARK,669251.4872,4001591.25
LVM201100066490,E DESERT INN RD,,E DESERT INN RD,CHANNEL 8 DR,,CHANNEL 8 DR,2020-11-16T00:00:00.000,906,,CLARK,CLARK,665191.7865,3999963.3486
LVM201200090129,E CHARLESTON BLVD,,E CHARLESTON BLVD,PECOS ST,,PECOS ST,2020-12-21T00:00:00.000,1722,LAS VEGAS,CLARK,CLARK,671089.6758,4003240.048
LVM220400111071,BOB STUPAK AVE,,BOB STUPAK AVE,S LAS VEGAS BLVD,,S LAS VEGAS BLVD,2022-04-26T00:00:00.000,1924,LAS VEGAS,CLARK,CLARK,665378.2158,3983824.87519999
RPD22-102418,MILL ST,,MILL ST,KIETZKE LN,,KIETZKE LN,2022-03-16T00:00:00.000,1217,RENO,WASHOE,WASHOE,260256.654299999,4378406.31819999
HP23-10071,N ARROYO GRANDE BLVD,,N ARROYO GRANDE BLVD,AMERICAN PACIFIC DR,,AMERICAN PACIFIC DR,2023-05-27T00:00:00.000,2129,HENDERSON,CLARK,CLARK,675144.145299999,3990492.0918
HP19-22413,E RICHMAR AVE,,E RICHMAR AVE,S EASTERN AVE,,S EASTERN AVE,2019-10-08T00:00:00.000,1542,HENDERSON,CLARK,CLARK,669530.3843,3987546.19999999
LVM230900020353,E TWAIN AVE,,E TWAIN AVE,CAMBRIDGE ST,,CAMBRIDGE ST,2023-09-06T00:00:00.000,1448,LAS VEGAS,CLARK,CLARK,667048.522499999,3999092.0392
LVM210200047025,N JONES BLVD,,N JONES BLVD,W WASHINGTON AVE,,W WASHINGTON AVE,2021-02-11T00:00:00.000,1228,LAS VEGAS,CLARK,CLARK,659723.5206,4005456.1727
LVM200300001357,N NELLIS BLVD,,N NELLIS BLVD,CEDAR AVE,,CEDAR AVE,2020-03-01T00:00:00.000,915,LAS VEGAS,CLARK,CLARK,674289.9232,4004576.1465
LVM220100010087,E TROPICANA AVE,,E TROPICANA AVE,WILBUR ST,WILBUR ST,WILBUR ST,2022-01-03T00:00:00.000,406,LAS VEGAS,CLARK,CLARK,667309.433699999,3996744.52529999
NHP200301591,US95,,US95,OTHER,MARTIN L KING SB ON RAMP,OTHER,2020-03-24T00:00:00.000,1124,,CLARK,CLARK,666427.5645,4004917.7607
RPD19-9054,S VIRGINIA ST,,S VIRGINIA ST,PINE ST,,PINE ST,2019-05-11T00:00:00.000,1246,RENO,WASHOE,WASHOE,258301.678199999,4378626.1875
LVM211200007340,N MARTIN L KING BLVD,,N MARTIN L KING BLVD,OTHER,BONANZA RD,OTHER,2021-12-02T00:00:00.000,1630,LAS VEGAS,CLARK,CLARK,665399.5098,4005205.38929999
LVM230600020640,E TWAIN AVE,,E TWAIN AVE,S UNIVERSITY CENTER DR,,S UNIVERSITY CENTER DR,2023-06-05T00:00:00.000,1056,LAS VEGAS,CLARK,CLARK,666832.8481,3999042.1827
RPD19-21686,HARVARD WY,,HARVARD WY,E PLUMB LN,,E PLUMB LN,2019-10-29T00:00:00.000,637,RENO,WASHOE,WASHOE,260478.3073,4376549.82159999
LVM210800119762,E FLAMINGO RD,,E FLAMINGO RD,OTHER,S EASTERN,OTHER,2021-08-28T00:00:00.000,1521,LAS VEGAS,CLARK,CLARK,669182.052,3998304.5291
LVM231000106117,S EASTERN AVE,,S EASTERN AVE,E ROBINDALE RD,,E ROBINDALE RD,2023-10-31T00:00:00.000,1622,LAS VEGAS,CLARK,CLARK,669509.3025,3991081.49789999
NLPD2309050017829,N LAS VEGAS BLVD,,LAS VEGAS BLVD,E EVANS,,EVANS AVE,2023-09-05T00:00:00.000,1945,NORTH LAS VEGAS,CLARK,CLARK,670056.657999999,4008776.56149999
LVM190900058654,BOULDER HWY,,BOULDER HWY,E TWAIN AVE,,E TWAIN AVE,2019-09-12T00:00:00.000,2245,LAS VEGAS,CLARK,CLARK,673062.474899999,3999382.05849999
LVM210400053514,S PECOS RD,,S PECOS RD,E PATRICK LN,,E PATRICK LN,2021-04-12T00:00:00.000,1815,,CLARK,CLARK,670996.2191,3994401.24689999
LVM220100095234,E PYLE AVE,,E PYLE AVE,RICE PAPER ST,,RICE PAPER ST,2022-01-24T00:00:00.000,1540,LAS VEGAS,CLARK,CLARK,666987.1398,3986252.4888
LVM231200074959,W BRUCE WOODBURY DR,,W BRUCE WOODBURY DR,COUGAR DR,,COUGAR DR,2023-12-21T16:00:00.000,1821,LAUGHLIN,CLARK,CLARK,717126.6194,3892682.8231
LVM191200097791,N LAS VEGAS BLVD,,N LAS VEGAS BLVD,FOREMASTER LN,,FOREMASTER LN,2019-12-21T00:00:00.000,1237,LAS VEGAS,CLARK,CLARK,667787.268199999,4006222.41909999
NHP220701029,CRAIG RD,,CRAIG RD,US95S,,US95S,2022-07-14T00:00:00.000,1030,,CLARK,CLARK,657524.5,4012048.5
LVM190900124548,E SAHARA AVE,,E SAHARA AVE,S MARYLAND PKWY,,S MARYLAND PKWY,2019-09-26T00:00:00.000,1019,LAS VEGAS,CLARK,CLARK,667618.792899999,4001554.56739999
LVM191000008047,S FORT APACHE RD,,S FORT APACHE RD,W RUSSELL RD,,W RUSSELL RD,2019-10-02T00:00:00.000,1548,LAS VEGAS,CLARK,CLARK,653286.471699999,3994638.4679
LVM191200086939,E TROPICANA AVE,,E TROPICANA AVE,S NELLIS BLVD,,S NELLIS BLVD,2019-12-19T00:00:00.000,735,LAS VEGAS,CLARK,CLARK,674283.0476,3996802.7988
LVM211000132628,N LAS VEGAS BLVD,,N LAS VEGAS BLVD,E BONANZA RD,,E BONANZA RD,2021-10-31T00:00:00.000,1257,LAS VEGAS,CLARK,CLARK,667558.389399999,4004994.10539999
LVM211000124061,OTHER,UNIVERSITY CENTER DR,OTHER,OTHER,NAPLES DR,OTHER,2021-10-29T00:00:00.000,1418,LAS VEGAS,CLARK,CLARK,666513.935999999,3997345.03749999
NLPD2101110000685,N LAS VEGAS BLVD,,N LAS VEGAS BLVD,CIVIC CENTER DR,,CIVIC CENTER DR,2021-01-12T00:00:00.000,317,NORTH LAS VEGAS,CLARK,CLARK,668999.830599999,4007980.81059999
LVM200700083619,S EASTERN AVE,,S EASTERN AVE,E CHARLESTON BLVD,,E CHARLESTON BLVD,2020-07-19T00:00:00.000,2058,LAS VEGAS,CLARK,CLARK,669209.030199999,4003204.71759999
NHP230101169,OTHER,IR215E,CC215E,OTHER,DECATUR BOULEVARD ON RAMP,DECATUR BLVD TO CC215E INT13,2023-01-14T00:00:00.000,1625,,CLARK,CLARK,661182.1299,3992928.176
LVM221100098757,OTHER,S LAUREL,OTHER,OTHER,E CHARLESTON,OTHER,2022-11-26T00:00:00.000,1644,LAS VEGAS,CLARK,CLARK,670867.7142,4003196.40939999
LVM230600099312,S TORREY PINES DR,,S TORREY PINES DR,FAIRBANKS RD,,FAIRBANKS RD,2023-06-21T00:00:00.000,2116,LAS VEGAS,CLARK,CLARK,658954.2346,3997884.32029999
WASD21W-01196,E GOLDEN VALLEY RD,,E GOLDEN VALLEY RD,ESTATES RD,,ESTATES RD,2021-12-08T00:00:00.000,1345,RENO,WASHOE,WASHOE,257335.0586,4388032.3823
CCSO21-4608,S SALIMAN RD,,S SALIMAN RD,E 5TH ST,,E 5TH ST,2021-07-09T00:00:00.000,2114,,CARSON CITY,CARSON CITY,,
NLPD2003270005754,W ANN RD,,W ANN RD,N DECATUR BLVD,,N DECATUR BLVD,2020-03-27T00:00:00.000,1620,NORTH LAS VEGAS,CLARK,CLARK,661052.9687,4014453.56719999
LVM230900069901,E SUNSET RD,,SR562,PECOS RD,,S PECOS RD,2023-09-20T00:00:00.000,1454,LAS VEGAS,CLARK,CLARK,671022.2317,3993558.7346
RPD23-9584,E 4TH ST,,E 4TH ST,LINE DR,,LINE DR,2023-05-29T00:00:00.000,2055,RENO,WASHOE,WASHOE,259971.0952,4379741.02199999
LVM221200063066,W LAKE MEAD BLVD,,LAKE MEAD BLVD,N RAINBOW BLVD,,RAINBOW BLVD,2022-12-16T00:00:00.000,1452,LAS VEGAS,CLARK,CLARK,658061.928999999,4007119.0215
CLSD22086557,S GRAND CANYON DR,,S GRAND CANYON DR,W FORD AVE,,W FORD AVE,2022-08-22T00:00:00.000,859,LAS VEGAS,CLARK,CLARK,652541.739,3988577.5283
RPD23-6525,S VIRGINIA ST,,S VIRGINIA ST,W PATRIOT BLVD,,E PATRIOT BLVD,2023-04-13T00:00:00.000,1241,RENO,WASHOE,WASHOE,261036.5432,4370666.66469999
NHP220200671,SR445,,SR445,LOS ALTOS PKWY,,LOS ALTOS PKWY,2022-02-11T00:00:00.000,355,RENO,WASHOE,WASHOE,264163.996199999,4384362.788
LVM190800146315,E SAHARA AVE,,E SAHARA AVE,TREE LINE DR,,TREE LINE DR,2019-08-30T00:00:00.000,726,LAS VEGAS,CLARK,CLARK,676736.681499999,4001772.36749999
HP23-11182,ST ROSE PKWY,,ST ROSE PKWY,BOWES AVE,,BOWES AVE,2023-06-11T00:00:00.000,2044,HENDERSON,CLARK,CLARK,665150.482599999,3981975.458
LVM210200026952,PACIFIC SUMMIT ST,,PACIFIC SUMMIT ST,E SAHARA AVE,,E SAHARA AVE,2021-02-06T00:00:00.000,2231,,CLARK,CLARK,676013.124699999,4001784.31839999
LVM190700060685,S LAS VEGAS BLVD,,S LAS VEGAS BLVD,OTHER,S BOB STUPAK AVE,OTHER,2019-07-12T00:00:00.000,2106,LAS VEGAS,CLARK,CLARK,665921.6128,4001737.0844
LVM200100004578,KOVAL LN,,KOVAL LN,E HARMON AVE,,E HARMON AVE,2020-01-01T00:00:00.000,2046,LAS VEGAS,CLARK,CLARK,665267.2922,3997383.60659999
LVM210700091976,N 21ST ST,,N 21ST ST,MARLIN AVE,,MARLIN AVE,2021-07-20T00:00:00.000,1908,LAS VEGAS,CLARK,CLARK,669032.0213,4004154.3175
ELPD2022-04720,IDAHO ST,,IDAHO ST,BOYD DR,,BOYD DR,2022-03-15T00:00:00.000,20,ELKO,ELKO,ELKO,605435.894399999,4522397.18469999
LVM230500126563,SOPRANO LN,,SOPRANO LN,TRENT AVE,,TRENT AVE,2023-05-25T00:00:00.000,1845,LAS VEGAS,CLARK,CLARK,659959.652999999,4003373.0063
LVM220400021235,S LAS VEGAS BLVD,,S LAS VEGAS BLVD,FASHION SHOW DR,FASHION SHOW DRIVE,FASHION SHOW DR,2022-04-05T00:00:00.000,2003,LAS VEGAS,CLARK,CLARK,664884.1693,3999658.7499
LVM201200051262,S RAINBOW BLVD,,S RAINBOW BLVD,ENDORA DR,,ENDORA DR,2020-12-12T00:00:00.000,1743,,CLARK,CLARK,658126.744599999,3998491.53439999
SPPD20-8834,NUGGET AVE,,NUGGET AVE,S MCCARRAN BL,,S MCCARRAN BL,2020-11-23T00:00:00.000,1722,SPARKS,WASHOE,WASHOE,264582.642199999,4379472.3966
LVM210800026919,S EASTERN AVE,,S EASTERN AVE,E SAHARA AVE,,E SAHARA AVE,2021-08-07T00:00:00.000,1001,LAS VEGAS,CLARK,CLARK,669251.5032,4001587.89839999
LVM201000009174,W LONE MOUNTAIN RD,,W LONE MOUNTAIN RD,RANCHO DR N,,RANCHO DR N,2020-10-02T00:00:00.000,2308,LAS VEGAS,CLARK,CLARK,658127.7691,4012855.8691
NLPD2303260006035,E CARTIER AVE,,E CARTIER AVE,WHITE OAK RD,,WHITE OAK RD,2023-03-26T00:00:00.000,1900,NORTH LAS VEGAS,CLARK,CLARK,668242.6369,4008499.5294
RPD23-21762,KIETZKE LN,,KIETZKE LN,OTHER,GENTRY,GENTRY WAY,2023-11-26T00:00:00.000,1841,RENO,WASHOE,WASHOE,260167.016999999,4375417.5668
RPD22-9053,KIETZKE LN,,KIETZKE LN,E MOANA LN,,E MOANA LN,2022-05-16T00:00:00.000,2141,RENO,WASHOE,WASHOE,260148.220499999,4375102.26329999
LVM190400037298,FREMONT ST,,FREMONT ST,N LAS VEGAS BLVD,,N LAS VEGAS BLVD,2019-04-08T00:00:00.000,1319,LAS VEGAS,CLARK,CLARK,667226.708999999,4004321.4517
LVM210600023054,W FLAMINGO RD,,W FLAMINGO RD,S JONES BLVD,,S JONES BLVD,2021-06-05T00:00:00.000,2109,LAS VEGAS,CLARK,CLARK,659595.2516,3998105.0917
LVM190100047907,E OGDEN AVE,,E OGDEN AVE,N 8TH ST,,N 8TH ST,2019-01-10T00:00:00.000,1703,LAS VEGAS,CLARK,CLARK,667598.488699999,4004298.2903
LVM220600032145,FLAMINGO ARROYO CT,,FLAMINGO ARROYO CT,EMERSON AVE,,EMERSON AVE,2022-06-09T00:00:00.000,712,LAS VEGAS,CLARK,CLARK,670232.043399999,3999590.29729999
LVM220200006027,W TROPICANA AVE,,W TROPICANA AVE,S RAINBOW BLVD,,S RAINBOW BLVD,2022-02-02T00:00:00.000,1111,LAS VEGAS,CLARK,CLARK,658430.161399999,3996454.44549999
RPD22-8899,S VIRGINIA ST,,S VIRGINIA ST,HILLCREST DR,,HILLCREST DR,2022-05-14T00:00:00.000,1310,RENO,WASHOE,WASHOE,259023.406299999,4376537.60799999
LVM210800109711,S DECATUR BLVD,,S DECATUR BLVD,SR160N,,SR160N,2021-08-26T00:00:00.000,754,LAS VEGAS,CLARK,CLARK,661461.9767,3989044.38399999
HP21-17634,N ARROYO GRANDE BLVD,,N ARROYO GRANDE BLVD,SANTIAGO DR,,SANTIAGO DR,2021-09-23T00:00:00.000,713,HENDERSON,CLARK,CLARK,675173.475899999,3991126.31469999
LVM200100036635,W FLAMINGO RD,,W FLAMINGO RD,REDWOOD ST,,REDWOOD ST,2020-01-08T00:00:00.000,1445,LAS VEGAS,CLARK,CLARK,658427.1604,3998087.04169999
FAPDTA21-0073,E WILLIAMS AVE,,E WILLIAMS AVE,N MAINE ST,,N MAINE ST,2021-07-08T00:00:00.000,948,FALLON,CHURCHILL,CHURCHILL,347154.625,4370979.5
LVM191100083478,S NELLIS BLVD,,S NELLIS BLVD,E HARMON AVE,,E HARMON AVE,2019-11-18T00:00:00.000,1506,LAS VEGAS,CLARK,CLARK,674229.3315,3997615.71609999
LVM231000102843,E OAKEY BLVD,,E OAKEY BLVD,LAS VEGAS BLVD,,LAS VEGAS BLVD,2023-10-30T00:00:00.000,1717,LAS VEGAS,CLARK,CLARK,666206.2593,4002300.47069999
NLPD2107060011352,ALIANTE PKWY,,W CENTENNIAL PKWY,W CENTENNIAL PKWY,,ALIANTE PKWY,2021-07-06T00:00:00.000,253,NORTH LAS VEGAS,CLARK,CLARK,663261.800999999,4016137.9591
LVM230500058830,S DECATUR BLVD,,S DECATUR BLVD,W DESERT INN RD,,W DESERT INN RD,2023-05-12T00:00:00.000,1906,LAS VEGAS,CLARK,CLARK,661241.600399999,4000018.9699
NLPD2111150019887,N PECOS RD,,N PECOS RD,E ROME BLVD,,E ROME BLVD,2021-11-15T00:00:00.000,1229,NORTH LAS VEGAS,CLARK,CLARK,670769.938799999,4016709.0841
NHP191102238,OTHER,US95,OTHER,OTHER,MILE MARKER 31,OTHER,2019-11-25T00:00:00.000,1813,,CLARK,CLARK,688149.271099999,3943119.7157
NLPD2012250021165,LAKE MEAD BLVD,,LAKE MEAD BLVD,LAS VEGAS BLVD,,LAS VEGAS BLVD,2020-12-25T00:00:00.000,339,NORTH LAS VEGAS,CLARK,CLARK,668215.125,4007286.0
LVM190600103849,N SHAUMBER RD,,N SHAUMBER RD,FARM RD,,FARM RD,2019-06-22T00:00:00.000,1045,LAS VEGAS,CLARK,CLARK,650044.6325,4018423.56
RPD19-1365,WEDEKIND RD,,WEDEKIND RD,PATTON DR,,PATTON DR,2019-01-20T00:00:00.000,1806,RENO,WASHOE,WASHOE,259631.9652,4381431.28099999
LVM220600070842,FREMONT ST,,FREMONT ST,10TH ST,,10TH ST,2022-06-18T00:00:00.000,1833,LAS VEGAS,CLARK,CLARK,667745.246,4004057.99349999
YPD21YE-0004,OTHER,ALLY WAY BETWEEN NORTH CENTER AND NORTH WEST ST,ALLY WAY BETWEEN NORTH CENTER AND NORTH WEST ST,OTHER,N WEST ST,N WEST ST,2021-01-03T00:00:00.000,1011,YERINGTON,LYON,LYON,,
LVM210200054545,E CHARLESTON BLVD,,E CHARLESTON BLVD,S CASINO CENTER BLVD,,S CASINO CENTER BLVD,2021-02-13T00:00:00.000,16,LAS VEGAS,CLARK,CLARK,666323.496899999,4003151.33919999
LVM190100017721,KAREN AVE,,KAREN AVE,S MARYLAND PKWY,,S MARYLAND PKWY,2019-01-04T00:00:00.000,1028,LAS VEGAS,CLARK,CLARK,667571.1501,4001156.52089999
LVM221100029166,E FLAMINGO RD,,SR592,OTHER,SANDHILL RD,SANDHILL RD,2022-11-08T00:00:00.000,1648,LAS VEGAS,CLARK,CLARK,671726.6166,3998420.2202
NLPD2209070016946,CRAIG RD,,W CRAIG RD,CLAYTON ST,,CLAYTON ST,2022-09-07T00:00:00.000,1217,NORTH LAS VEGAS,CLARK,CLARK,664523.0625,4012059.87609999
LVM221000077486,W CHEYENNE AVE,,W CHEYENNE AVE,GENTLE BREEZE ST,,GENTLE BREEZE ST,2022-10-20T00:00:00.000,1726,LAS VEGAS,CLARK,CLARK,658283.367999999,4009557.86439999
LVM231200068333,S RAINBOW BLVD,,SR595,OTHER,SPRING VALLEY PKWY,SPRING VALLEY PKWY,2023-12-20T00:00:00.000,1842,LAS VEGAS,CLARK,CLARK,658140.027499999,3997659.94319999
LVM210100091100,FAIRBANKS RD,,FAIRBANKS RD,S JONES BLVD,,S JONES BLVD,2021-01-20T00:00:00.000,2120,LAS VEGAS,CLARK,CLARK,659459.841699999,3997894.4342
NHP201001189,US95,,US95,OTHER,MILE MARKER 62,OTHER,2020-10-17T00:00:00.000,2321,,NYE,NYE,524301.235999999,4087790.98049999
LVM190700046115,E OAKEY BLVD,,E OAKEY BLVD,S LAS VEGAS BLVD,,S LAS VEGAS BLVD,2019-07-09T00:00:00.000,2154,LAS VEGAS,CLARK,CLARK,666258.5913,4002303.5247
LVM190100014687,BOULDER HWY,,BOULDER HWY,OTHER,IDEAL DR,OTHER,2019-01-03T00:00:00.000,1744,LAS VEGAS,CLARK,CLARK,671370.118599999,4001163.69419999
WWPD202300007180,W WENDOVER BLVD,,WENDOVER BLVD,ARIA BLVD,,US93A,2023-06-25T00:00:00.000,127,WEST WENDOVER,ELKO,ELKO,749595.2289,4513626.8427
LVM210200078462,S MARYLAND PKWY,,S MARYLAND PKWY,E FLAMINGO RD,,E FLAMINGO RD,2021-02-18T00:00:00.000,1305,LAS VEGAS,CLARK,CLARK,667596.419099999,3998258.4526
NHP201001291,HOT SPRINGS RD,,HOT SPRINGS RD,PINE LN,,PINE LN,2020-10-19T00:00:00.000,1912,,CARSON CITY,CARSON CITY,261519.413399999,4341176.675
LVM220200111168,AIRPORT CONNECTOR NB TO T3 DEPARTURES,,AIRPORT CONNECTOR NB TO T3 DEPARTURES,T3 EXIT TO AIRPORT CONNECTOR NB/FLIGHT PATH AVE,,T3 EXIT TO AIRPORT CONNECTOR NB/FLIGHT PATH AVE,2022-02-27T00:00:00.000,658,LAS VEGAS,CLARK,CLARK,667149.970599999,3995083.0021
NLPD2105190008369,LOSEE RD,,LOSEE RD,AEROJET WAY,,AEROJET WAY,2021-05-19T00:00:00.000,1207,NORTH LAS VEGAS,CLARK,CLARK,669238.473,4011761.7824
NLPD2105010007257,N LAS VEGAS BLVD,,N LAS VEGAS BLVD,BELMONT,,BELMONT,2021-05-01T00:00:00.000,1821,NORTH LAS VEGAS,CLARK,CLARK,670117.0004,4008821.99699999
RPD19-24971,EVERGREEN ST,,EVERGREEN ST,SOUTH MEADOWS PKWY,,SOUTH MEADOWS PKWY,2019-12-16T00:00:00.000,1522,RENO,WASHOE,WASHOE,263422.891499999,4369407.0548
LVM191200125388,E NAPLES DR,,E NAPLES DR,SWENSON ST,,SWENSON ST,2019-12-27T00:00:00.000,1739,LAS VEGAS,CLARK,CLARK,666538.603299999,3997255.49279999
LVM201000073551,W SAHARA AVE,,W SAHARA AVE,S RANCHO DR,,S RANCHO DR,2020-10-17T00:00:00.000,1035,LAS VEGAS,CLARK,CLARK,664359.056699999,4001497.45659999
NHP190902171,OTHER,IR15 NORTHBOUND,OTHER,OTHER,MILE MARKER 24,OTHER,2019-09-26T00:00:00.000,1059,,CLARK,CLARK,661715.213299999,3975363.20109999
LVM230800092900,S HUALAPAI WAY,,S HUALAPAI WAY,W CHARLESTON BLVD,,W CHARLESTON BLVD,2023-08-25T17:00:00.000,2051,LAS VEGAS,CLARK,CLARK,651652.3058,4002898.4032
LVM201200002017,E FORD AVE,,E FORD AVE,S EASTERN AVE,,S EASTERN AVE,2020-12-01T00:00:00.000,1213,,CLARK,CLARK,669525.7026,3989055.18109999
NHP201200185,US395,,US395,OTHER,CENTERTOWN DR.,OTHER,2020-12-02T00:00:00.000,1947,,DOUGLAS,DOUGLAS,261166.863099999,4314451.3584
LVM231000104690,ARVILLE ST,,ARVILLE ST,W VIKING RD,,W VIKING RD,2023-10-31T00:00:00.000,901,LAS VEGAS,CLARK,CLARK,662055.603699999,3998655.0393
LVM201100107834,E CHARLESTON BLVD,,E CHARLESTON BLVD,N PECOS RD,,N PECOS RD,2020-11-25T00:00:00.000,1430,LAS VEGAS,CLARK,CLARK,670810.3585,4003234.68439999
LVM220600019606,E HARMON AVE,,E HARMON AVE,PARADISE RD,,PARADISE RD,2022-06-05T00:00:00.000,2214,LAS VEGAS,CLARK,CLARK,666289.5085,3997505.2214
RPD21-7250,HOLCOMB AVE,,HOLCOMB AVE,CHENEY ST,,CHENEY ST,2021-04-27T00:00:00.000,2009,RENO,WASHOE,WASHOE,258718.7357,4378056.16579999
NLPD1905240010739,SPICEBUSH ST,,SPICEBUSH ST,E FISHER AVE,,E FISHER AVE,2019-05-24T00:00:00.000,1906,NORTH LAS VEGAS,CLARK,CLARK,671062.0135,4014022.32379999
WASO21-1450,ORIOLE WAY,,ORIOLE WAY,SOUTHWOOD BLVD,,SOUTHWOOD BLVD,2021-04-02T00:00:00.000,1615,INCLINE VILLAGE,WASHOE,WASHOE,244527.7788,4348598.6676
LVM200100099595,CHARMAINE ST,,CHARMAINE ST,E COLORADO AVE,,E COLORADO AVE,2020-01-21T00:00:00.000,1806,LAS VEGAS,CLARK,CLARK,672853.607599999,4002937.04089999
NLPD1909060018214,TOSCANINI WAY,,TOSCANINI WAY,SCOTT ROBINSON BLVD,,SCOTT ROBINSON BLVD,2019-09-06T00:00:00.000,701,NORTH LAS VEGAS,CLARK,CLARK,664713.1083,4010710.6442
HP20-00424,E TEXAS AVE,,E TEXAS AVE,BOULDER HWY S,,BOULDER HWY S,2020-01-07T00:00:00.000,1313,HENDERSON,CLARK,CLARK,682074.658499999,3989903.32699999
LVM230900035270,PALOS VERDES ST,,SR592,FLAMINGO RD,,PALOS VERDES ST,2023-09-10T00:00:00.000,2029,LAS VEGAS,CLARK,CLARK,666463.032999999,3998259.0526
LVM220400089069,LAS VEGAS BLVD N,,LAS VEGAS BLVD N,N LAMB BLVD,N LAMB BLVD,N LAMB BLVD,2022-04-21T00:00:00.000,1424,LAS VEGAS,CLARK,CLARK,672547.753299999,4010810.1172
LVM200300142902,W CHEYENNE AVE,,W CHEYENNE AVE,N EL CAPITAN WAY,,N EL CAPITAN WAY,2020-03-30T00:00:00.000,1406,LAS VEGAS,CLARK,CLARK,653882.4401,4009552.5832
NHP210602368,US95,,US95,OTHER,SR604 ON RAMP,OTHER,2021-06-30T00:00:00.000,356,,CLARK,CLARK,667114.545699999,4004936.37619999
LVM190200059582,S LAS VEGAS BLVD,,S LAS VEGAS BLVD,CAESARS PALACE DR,,CAESARS PALACE DR,2019-02-13T00:00:00.000,1953,LAS VEGAS,CLARK,CLARK,664440.582399999,3998512.6037
NHP210100569,SR431,,SR431,OTHER,MILE MARKER 6,OTHER,2021-01-09T00:00:00.000,1318,,WASHOE,WASHOE,247657.0601,4353100.1599
RPD21-3270,S VIRGINIA ST,,S VIRGINIA ST,E PECKHAM LN,,E PECKHAM LN,2021-02-23T00:00:00.000,1730,RENO,WASHOE,WASHOE,259648.188199999,4374723.79309999
LVM200500147332,E OWENS AVE,,W OWENS AVE,OTHER,DAVIS PL,DAVIS PL,2020-05-30T00:00:00.000,1603,LAS VEGAS,CLARK,CLARK,667439.652599999,4006455.1192
LVM210200099919,MONTICELLO DR,,MONTICELLO DR,ALAMO CIR,,ALAMO CIR,2021-02-22T00:00:00.000,2034,LAS VEGAS,CLARK,CLARK,659615.176599999,4003662.775
RPD22-10190,SUTRO ST,,SUTRO ST,CASTLE WAY,,CASTLE WAY,2022-06-03T00:00:00.000,708,RENO,WASHOE,WASHOE,259508.1282,4380805.11439999
NHP230201067,IR15N,IR15,IR15N,,MM60CL,Mile Post 60,2023-02-15T00:00:00.000,1943,LAS VEGAS,CLARK,CLARK,685957.375699999,4022090.0171
LVM230600109048,BOULDER HWY,BOULDER HWY,SR582N,E RUSSELL RD,E RUSSELL RD,E RUSSELL RD,2023-06-23T00:00:00.000,2255,LAS VEGAS,CLARK,CLARK,677170.9281,3995110.46759999
RPD19-21153,N CENTER ST,,N CENTER ST,E COMMERCIAL RW,,E COMMERCIAL RW,2019-10-21T00:00:00.000,1544,RENO,WASHOE,WASHOE,258276.4795,4379193.3606
LVM230100102278,DALECREST DR,,DALECREST DR,W ALEXANDER RD,,W ALEXANDER RD,2023-01-26T00:00:00.000,748,LAS VEGAS,CLARK,CLARK,657257.217799999,4011202.5763
RPD21-6209,LAKE ST,,LAKE ST,E COMMERCIAL ROW,,E COMMERCIAL ROW,2021-04-11T00:00:00.000,1953,RENO,WASHOE,WASHOE,258386.712299999,4379229.0281
LVM200100009991,E FLAMINGO RD,,E FLAMINGO RD,KOVAL LN,,KOVAL LN,2020-01-02T00:00:00.000,2212,LAS VEGAS,CLARK,CLARK,665389.1824,3998208.00479999
LVM210500047184,W TROPICANA AVE,,W TROPICANA AVE,POLARIS AVE,,POLARIS AVE,2021-05-10T00:00:00.000,2332,,CLARK,CLARK,663330.9978,3996660.27669999
LVM190300075306,E FLAMINGO RD,,E FLAMINGO RD,S LAS VEGAS BLVD,,S LAS VEGAS BLVD,2019-03-16T00:00:00.000,956,LAS VEGAS,CLARK,CLARK,664645.518799999,3998213.97419999
CCSO210007409,WOODSIDE DR,,WOODSIDE DR,STANTON DR,,STANTON DR,2021-11-08T00:00:00.000,1523,CARSON CITY,CARSON CITY,CARSON CITY,264561.5684,4339374.96209999
NLPD1908280017626,ST GEORGE ST,,ST GEORGE ST,,,,2019-08-28T00:00:00.000,2130,NORTH LAS VEGAS,CLARK,CLARK,668963.464999999,4008655.8199
LVM191200107473,TEDDY DR,,TEDDY DR,ALCOA AVE,,ALCOA AVE,2019-12-23T00:00:00.000,1427,LAS VEGAS,CLARK,CLARK,663962.411399999,4001368.15279999
LVM200100116258,W WASHINGTON AVE,,W WASHINGTON AVE,N TONOPAH DR,,N TONOPAH DR,2020-01-25T00:00:00.000,837,LAS VEGAS,CLARK,CLARK,664569.6052,4005565.80629999
LVM201100046390,E CRAIG RD,,E CRAIG RD,AVIATION ST,,AVIATION ST,2020-11-11T00:00:00.000,1910,,CLARK,CLARK,674546.5595,4012375.3758
LVM210200125922,SWENSON ST,,SWENSON ST,E FLAMINGO RD,,E FLAMINGO RD,2021-02-28T00:00:00.000,11,,CLARK,CLARK,666829.4488,3998257.71729999
LVM210700102582,STEWART AVE,,STEWART AVE,MARION DR,,MARION DR,2021-07-23T00:00:00.000,515,LAS VEGAS,CLARK,CLARK,673472.1074,4004129.08489999
LVM200600028131,MARLIN AVE,,MARLIN AVE,STEWART AVE,,STEWART AVE,2020-06-08T00:00:00.000,1943,LAS VEGAS,CLARK,CLARK,669546.088999999,4004068.97529999
SPPD22-665,ROCK BLVD,,ROCK BLVD,YORK WAY,,YORK WAY,2022-01-26T00:00:00.000,759,SPARKS,WASHOE,WASHOE,262698.713899999,4381787.641
LVM230600053132,S SANDHILL RD,,S SANDHILL RD,FLAMINGO RD,,SR592,2023-06-12T00:00:00.000,742,LAS VEGAS,CLARK,CLARK,671726.6166,3998420.2202
RPD23-5057,S CENTER ST,,S CENTER ST,E LIBERTY ST,,E LIBERTY ST,2023-03-21T00:00:00.000,1314,RENO,WASHOE,WASHOE,258468.3744,4378502.7785
LVM230300015552,PARADISE RD,,PARADISE RD,E DESERT INN RD,,E DESERT INN RD,2023-03-04T00:00:00.000,1713,LAS VEGAS,CLARK,CLARK,666036.968399999,3999991.5755
LVM210800089619,ARVILLE ST,,ARVILLE ST,W FLAMINGO RD,,W FLAMINGO RD,2021-08-21T00:00:00.000,1528,LAS VEGAS,CLARK,CLARK,662056.510099999,3998268.16039999
LVM190400113552,E CHARLESTON BLVD,,E CHARLESTON BLVD,N 28TH ST,,N 28TH ST,2019-04-23T00:00:00.000,1949,LAS VEGAS,CLARK,CLARK,669874.2921,4003216.9624
NYSO21NY-4415,N NELLIS BLVD,,N NELLIS BLVD,S NELLIS BLVD,,S NELLIS BLVD,2021-11-02T00:00:00.000,930,LAS VEGAS,CLARK,CLARK,,
LVM221000083985,PARADISE RD,,PARADISE RD,TWAIN AVE,,TWAIN AVE,2022-10-22T00:00:00.000,1009,LAS VEGAS,CLARK,CLARK,666040.490299999,3999296.12759999
LVM190700140540,N MOJAVE RD,,N MOJAVE RD,E BONANZA RD,,E BONANZA RD,2019-07-28T00:00:00.000,2027,LAS VEGAS,CLARK,CLARK,670354.9445,4004849.33029999
RPD22-7881,W PLUMB LN,,W PLUMB LN,PALISADE DR,,PALISADE DR,2022-04-28T00:00:00.000,1438,RENO,WASHOE,WASHOE,256505.5673,4376657.62629999
LVM190500048005,E FLAMINGO RD,,E FLAMINGO RD,PACIFIC HARBORS DR,,PACIFIC HARBORS DR,2019-05-10T00:00:00.000,1808,LAS VEGAS,CLARK,CLARK,669602.3469,3998327.94519999
LVM220100038547,W FLAMINGO RD,,SR592,OTHER,S ARVILLE ST,ARVILLE ST,2022-01-10T00:00:00.000,1216,LAS VEGAS,CLARK,CLARK,662064.7882,3998263.50699999
LVM220500118920,E DESERT INN RD,,E DESERT INN RD,SENECA DR,,SENECA DR,2022-05-29T00:00:00.000,1846,LAS VEGAS,CLARK,CLARK,668696.1884,3999979.2551
LVM230400060798,STEWART AVE,,STEWART AVE,N BRUCE ST,,N BRUCE ST,2023-04-14T00:00:00.000,227,LAS VEGAS,CLARK,CLARK,668635.8501,4004039.8057
FAPDTA21-0107,W WILLIAMS AVE,,W WILLIAMS AVE,VENTURACCI LN,,VENTURACCI LN,2021-10-20T00:00:00.000,1233,FALLON,CHURCHILL,CHURCHILL,346360.046,4370993.0196
RPD21-10271,KEYSTONE AVE,,KEYSTONE AVE,W 5TH ST,,W 5TH ST,2021-06-11T00:00:00.000,750,RENO,WASHOE,WASHOE,256827.2794,4379259.5041
LVM230300042433,SPRING MOUNTAIN RD,,SPRING MOUNTAIN RD,S DURANGO DR,,S DURANGO DR,2023-03-10T00:00:00.000,1547,LAS VEGAS,CLARK,CLARK,654782.444099999,3999282.9578
NLPD2211220022222,E ANN RD,,E ANN RD,N BRUCE ST,,N BRUCE ST,2022-11-22T00:00:00.000,651,NORTH LAS VEGAS,CLARK,CLARK,668362.4619,4014577.6509
RPD22-6305,E 10TH ST,,E 10TH ST,SUTRO ST,,SUTRO ST,2022-04-04T00:00:00.000,827,RENO,WASHOE,WASHOE,259501.235999999,4380359.44349999
LVM230800033631,FREMONT ST,,FREMONT ST,14TH ST,,14TH ST,2023-08-10T00:00:00.000,8,LAS VEGAS,CLARK,CLARK,668165.83,4003847.6092
RPD19-25205,KINGS ROW,,KINGS ROW,N MCCARRAN BLVD,,N MCCARRAN BLVD,2019-12-19T00:00:00.000,1812,RENO,WASHOE,WASHOE,254529.6966,4380857.1841
LVM210900058714,S FORT APACHE RD,,S FORT APACHE RD,W TROPICANA AVE,,W TROPICANA AVE,2021-09-14T00:00:00.000,1007,LAS VEGAS,CLARK,CLARK,653274.8519,3996371.4461
LVM191000075719,S TORREY PINES DR,,S TORREY PINES DR,SPRING MOUNTAIN RD,,SPRING MOUNTAIN RD,2019-10-16T00:00:00.000,1610,LAS VEGAS,CLARK,CLARK,658926.107099999,3999321.04399999
LVM220100107103,E CHARLESTON BLVD,,SR159,OTHER,N 25TH ST,N 25TH ST,2022-01-27T00:00:00.000,1254,LAS VEGAS,CLARK,CLARK,669458.149799999,4003212.1245
SPPD21-1680,VICTORIAN AVE,,VICTORIAN AVE,EL RANCHO DR,,EL RANCHO DR,2021-03-02T00:00:00.000,1644,SPARKS,WASHOE,WASHOE,261516.8589,4379865.98
LVM230300008389,W WASHINGTON AVE,,W WASHINGTON AVE,JONES BLVD,,JONES BLVD,2023-03-02T00:00:00.000,2341,LAS VEGAS,CLARK,CLARK,659726.221699999,4005458.04059999
LVM190100072894,N NELLIS BLVD,,N NELLIS BLVD,CEDAR AVE,,CEDAR AVE,2019-01-16T00:00:00.000,748,LAS VEGAS,CLARK,CLARK,674289.964399999,4004574.6227
LVM190900008725,E FLAMINGO RD,,E FLAMINGO RD,LINQ LN,,LINQ LN,2019-09-02T00:00:00.000,1916,LAS VEGAS,CLARK,CLARK,664840.166899999,3998210.0536
LVM190700118831,S MARYLAND PKWY,,S MARYLAND PKWY,RAWHIDE ST,,RAWHIDE ST,2019-07-24T00:00:00.000,1456,LAS VEGAS,CLARK,CLARK,667742.2416,3995538.87199999
RPD22-3750,E REGENCY WAY,,E REGENCY WAY,HOLCOMB AVE,,HOLCOMB AVE,2022-02-26T00:00:00.000,43,RENO,WASHOE,WASHOE,258937.4521,4376940.58789999
LVM231100072573,S LAMB BLVD,,S LAMB BLVD,E CINCINNATI AVE,,E CINCINNATI AVE,2023-11-20T00:00:00.000,1856,LAS VEGAS,CLARK,CLARK,672470.859899999,4001733.4887
LVM230500148016,PINTO LN,,PINTO LN,CAMPBELL DR,,CAMPBELL DR,2023-05-30T00:00:00.000,103,LAS VEGAS,CLARK,CLARK,663513.6332,4003714.741
LVM210300066684,E LAKE MEAD BLVD,,E LAKE MEAD BLVD,LINCOLN RD,,LINCOLN RD,2021-03-14T00:00:00.000,2048,LAS VEGAS,CLARK,CLARK,672234.548,4007349.93029999
LVM230500106048,E SAHARA AVE,,E SAHARA AVE,ALMOND TREE LN,,ALMOND TREE LN,2023-05-21T00:00:00.000,2132,LAS VEGAS,CLARK,CLARK,667441.698699999,4001543.571
WASO19-5900,BEETHOVEN CT,,BEETHOVEN CT,DEBUSSEY DR,,DEBUSSEY DR,2019-11-13T00:00:00.000,703,RENO,WASHOE,WASHOE,262429.2264,4389212.35789999
LVM230100039119,S VALLEY VIEW BLVD,,S VALLEY VIEW BLVD,W VIKING RD,,W VIKING RD,2023-01-10T00:00:00.000,1504,LAS VEGAS,CLARK,CLARK,662884.803999999,3998620.0032
HP23-04152,E WARM SPRINGS RD,,WARM SPRINGS RD,CADENCE VISTA DR,,CADENCE VISTA DR,2023-03-03T00:00:00.000,1604,HENDERSON,CLARK,CLARK,681880.8059,3991865.9033
NHP190901680,OTHER,ROCKSPRINGS N,OTHER,OTHER,US95/147 SB OFF RAMP,OTHER,2019-09-20T00:00:00.000,1721,RENO,CLARK,CLARK,657627.8551,4007315.5478
LVM230800069180,N CASINO CENTER BLVD,,SR602,STEWART AVE,,STEWART AVE,2023-08-19T00:00:00.000,2227,LAS VEGAS,CLARK,CLARK,667052.467699999,4004742.1389
LVM191200061141,S JONES BLVD,,S JONES BLVD,W ROBINDALE RD,,W ROBINDALE RD,2019-12-13T00:00:00.000,1812,LAS VEGAS,CLARK,CLARK,659856.4356,3990818.13739999
RPD19-875,SOUTH MEADOWS PKWY,,SOUTH MEADOWS PKWY,WILBUR MAY PKWY,,WILBUR MAY PKWY,2019-01-13T00:00:00.000,1514,RENO,WASHOE,WASHOE,264244.1606,4370281.72079999
RPD23-3687,E PLUMB LN,,E PLUMB LN,S VIRGINIA ST,,S VIRGINIA ST,2023-02-28T00:00:00.000,1219,RENO,WASHOE,WASHOE,258983.702499999,4376653.9909
LVM200700044396,N MICHAEL WAY,,N MICHAEL WAY,W CHEYENNE AVE,,W CHEYENNE AVE,2020-07-10T00:00:00.000,1943,LAS VEGAS,CLARK,CLARK,660284.212799999,4009488.40359999
LVM220200003220,E BONANZA RD,,E BONANZA RD,N MARYLAND PKWY,MARYLAND PKWY,N MARYLAND PKWY,2022-02-01T00:00:00.000,1743,LAS VEGAS,CLARK,CLARK,674376.9999,4004995.5668
LVM200200047232,E HARMON AVE,,E HARMON AVE,S SANDHILL RD,,S SANDHILL RD,2020-02-10T00:00:00.000,1548,LAS VEGAS,CLARK,CLARK,671763.760999999,3997572.78539999
NLPD2210040018902,N 5TH ST,,N 5TH ST,N LAS VEGAS BLVD,,N LAS VEGAS BLVD,2022-10-04T00:00:00.000,654,NORTH LAS VEGAS,CLARK,CLARK,,
RPD21-17491,E 4TH ST,,E 4TH ST,SPOKANE ST,,SPOKANE ST,2021-09-18T00:00:00.000,1148,RENO,WASHOE,WASHOE,259300.9724,4379616.75339999
LVM230300112962,MCLEOD DR,,MCLEOD DR,KAREN AVE,,KAREN AVE,2023-03-26T00:00:00.000,1245,LAS VEGAS,CLARK,CLARK,670060.213499999,4001204.34429999
CCSO23-7976,HOT SPRINGS RD,,HOT SPRINGS RD,NYE LN,,NYE LN,2023-12-21T16:00:00.000,1831,CARSON CITY,CARSON CITY,CARSON CITY,261408.751699999,4341041.3903
LVM220800105246,N PECOS RD,,N PECOS RD,E WASHINGTON AVE,E WASHINGTON,E WASHINGTON AVE,2022-08-26T00:00:00.000,552,LAS VEGAS,CLARK,CLARK,671015.624499999,4005697.60999999
ELPD2021-21295,E IDAHO ST,,E IDAHO ST,E JENNINGS WAY,,E JENNINGS WAY,2021-11-08T00:00:00.000,1814,ELKO,ELKO,ELKO,605748.1063,4522924.7663
NHP210500594,OTHER,LAKE MEAD BLVD,OTHER,OTHER,ARNONA ROAD,OTHER,2021-05-09T00:00:00.000,31,,CLARK,CLARK,678975.616499999,4007836.5808
LVM221100079427,TEDDY DR,,TEDDY DR,MERRITT AVE,,MERRITT AVE,2022-11-21T00:00:00.000,1919,LAS VEGAS,CLARK,CLARK,663962.8569,4001296.21929999
ELPD23EP17343,E JENNINGS WAY,,E JENNINGS WAY,IDAHO ST,,IDAHO ST,2023-10-25T00:00:00.000,2213,ELKO,ELKO,ELKO,605763.625,4522951.0
RPD22-5984,TERMINAL WAY,,TERMINAL WAY,MILL ST,,MILL ST,2022-03-30T00:00:00.000,1215,RENO,WASHOE,WASHOE,261237.519,4377747.1126
LVM230500048708,W FLAMINGO RD,,SR592,OTHER,LINDELL RD,LINDELL RD,2023-05-10T00:00:00.000,1902,LAS VEGAS,CLARK,CLARK,660521.826799999,3998175.8616
RPD19-2131,N VIRGINIA ST,,N VIRGINIA ST,E 5TH ST,,E 5TH ST,2019-01-31T00:00:00.000,612,RENO,WASHOE,WASHOE,258090.432,4379508.63969999
LVM210600042208,PARADISE RD,,PARADISE RD,WAYNE NEWTON BLVD,,WAYNE NEWTON BLVD,2021-06-09T00:00:00.000,2126,LAS VEGAS,CLARK,CLARK,666716.7192,3996091.82789999
LVM230800032487,E OGDEN AVE,,E OGDEN AVE,N LAS VEGAS BLVD,,N LAS VEGAS BLVD,2023-08-09T00:00:00.000,1656,LAS VEGAS,CLARK,CLARK,667293.2783,4004452.2981
LVM210900090356,E SAHARA AVE,,E SAHARA AVE,S BRUCE ST,,S BRUCE ST,2021-09-21T00:00:00.000,1453,LAS VEGAS,CLARK,CLARK,668527.764,4001585.242
RPD22-21233,N SIERRA ST,,N SIERRA ST,UNIVERSITY TER,,UNIVERSITY TER,2022-11-13T00:00:00.000,1322,RENO,WASHOE,WASHOE,257845.7449,4380043.5548
FAPDTA19-0143,E CENTER ST,,E CENTER ST,S MAINE ST,,S MAINE ST,2019-10-19T00:00:00.000,130,FALLON,CHURCHILL,CHURCHILL,347223.490899999,4370779.9855
LVM200200058623,WILBUR ST,,WILBUR ST,RADKOVICH AVE,,RADKOVICH AVE,2020-02-12T00:00:00.000,1846,LAS VEGAS,CLARK,CLARK,667309.545599999,3996609.6566
LVM221100087491,SMOKE RANCH RD,,SMOKE RANCH RD,BUFFALO DR,SMOKE RANCH,BUFFALO DR,2022-11-23T00:00:00.000,1714,LAS VEGAS,CLARK,CLARK,656367.017199999,4007922.0752
LVM230100082531,E LAKE MEAD BLVD,E LAKE MEAD BLVD,SR147E,MT HOOD ST,N MT HOOD ST,MT HOOD ST,2023-01-21T00:00:00.000,425,LAS VEGAS,CLARK,CLARK,676641.862999999,4007469.24029999
LVM220200006922,E CHARLESTON BLVD,,SR159,S NELLIS BLVD,S NELLIS BLVD,SR612,2022-02-02T00:00:00.000,1524,LAS VEGAS,CLARK,CLARK,674298.110299999,4003328.2192
LVM200100138111,PARADISE RD,,PARADISE RD,E HARMON AVE,,E HARMON AVE,2020-01-29T00:00:00.000,1033,LAS VEGAS,CLARK,CLARK,666247.095999999,3997829.628
LVM220100099965,W ALEXANDER RD,W ALEXANDER AVE,ALEXANDER AVE,H ST,N H ST,H ST,2022-01-25T00:00:00.000,1810,LAS VEGAS,CLARK,CLARK,666171.194,4007013.69549999
NHP211100080,OTHER,IR15 S,OTHER,OTHER,SAHARA AVENUE ON RAMP,OTHER,2021-11-01T00:00:00.000,2125,,CLARK,CLARK,664251.255199999,4001093.72629999
WASO23-5346,4TH AVE,,4TH AVE,MARCEL,,MARCEL CT,2023-10-11T17:00:00.000,1424,SUN VALLEY,WASHOE,WASHOE,261446.9548,4385842.96419999
RPD19-9004,SUTRO ST,,SUTRO ST,WEDEKIND RD,,WEDEKIND RD,2019-05-10T00:00:00.000,1809,RENO,WASHOE,WASHOE,259524.426199999,4381283.84589999
LVM221000059792,N CASINO CENTER BLVD,,N CASINO CENTER BLVD,E OGDEN AVE,,E OGDEN AVE,2022-10-16T00:00:00.000,204,LAS VEGAS,CLARK,CLARK,666985.2772,4004608.50579999
LVM220400033521,CAMBRIDGE ST,,CAMBRIDGE ST,E TWAIN AVE,,E TWAIN AVE,2022-04-08T00:00:00.000,1653,LAS VEGAS,CLARK,CLARK,667228.222799999,3999097.0456
HP22-03559,LAKE MEAD PKWY E,,SR564E,BOULDER HWY S,,BOULDER HWY SB,2022-02-23T00:00:00.000,2100,HENDERSON,CLARK,CLARK,681788.7662,3990204.86079999
LVM191200070227,W CHARLESTON BLVD,,W CHARLESTON BLVD,S RAINBOW BLVD,,S RAINBOW BLVD,2019-12-15T00:00:00.000,1801,LAS VEGAS,CLARK,CLARK,657980.2268,4003023.7758
LVM231100070507,W FLAMINGO RD,,W FLAMINGO RD,S TENAYA WAY,,S TENAYA WAY,2023-11-20T00:00:00.000,649,,CLARK,CLARK,657331.170699999,3998069.2861
LYSO21LY02913,CURRY DR,,CURRY DR,DIANNE WAY,,DIANNE WAY,2021-06-29T00:00:00.000,1905,FERNLEY,LYON,LYON,307253.833499999,4386010.26659999
SPPD22-10054,K ST,,K ST,,,,2022-12-23T00:00:00.000,2029,SPARKS,WASHOE,WASHOE,,
LVM200300016272,SPRING MOUNTAIN RD,,SPRING MOUNTAIN RD,WYNN RD,,WYNN RD,2020-03-04T00:00:00.000,1450,LAS VEGAS,CLARK,CLARK,662458.2344,3999479.5471
MSPD221021014,DESERT TORTOISE WAY,,DESERT TORTOISE WAY,TURTLE CV,,TURTLE CV,2022-10-21T00:00:00.000,840,MESQUITE,CLARK,CLARK,760370.6308,4079362.66669999
NLPD1907030013714,MCDANIEL ST,,MCDANIEL ST,E LAKE MEAD BLVD,,E LAKE MEAD BLVD,2019-07-03T00:00:00.000,1009,NORTH LAS VEGAS,CLARK,CLARK,668966.956,4007321.7363
LVM230800083213,E TROPICANA AVE,,E TROPICANA AVE,KELCH DR,,KELCH DR,2023-08-24T00:00:00.000,424,LAS VEGAS,CLARK,CLARK,665943.0618,3996716.4392
LVM200700038612,E WIGWAM AVE,,E WIGWAM AVE,S MARYLAND PKWY,,S MARYLAND PKWY,2020-07-09T00:00:00.000,1233,LAS VEGAS,CLARK,CLARK,667919.8452,3989474.13089999
NHP230100529,OTHER,TROPICANA AVE,TROPICANA AVE,OTHER,IR15 SB ON RAMP,TROPICANA AVE TO IR15N RAMP,2023-01-05T00:00:00.000,2200,LAS VEGAS,CLARK,CLARK,663833.125,3996645.5
WASO23-5769,W 1ST AVE,,W 1ST AVE,SUN VALLEY BLVD,,SUN VALLEY BLVD,2023-11-02T17:00:00.000,1645,RENO,WASHOE,WASHOE,261200.895999999,4384659.4438
NHP200500853,US93,,US93,OTHER,MILEMARKER 30,OTHER,2020-05-21T00:00:00.000,1025,,LINCOLN,LINCOLN,668539.472099999,4123429.5054
NLPD2209230018094,E CAREY AVE,,E CAREY AVE,ST GEORGE ST,,ST GEORGE ST,2022-09-23T00:00:00.000,641,NORTH LAS VEGAS,CLARK,CLARK,668995.4819,4008114.9699
CLSD21110451,BRENT LN,,BRENT LN,N DECATUR BLVD,,N DECATUR BLVD,2021-09-27T00:00:00.000,627,LAS VEGAS,CLARK,CLARK,660890.8721,4020606.1157
CLSD22102441,WHISPERING SANDS DR,,WHISPERING SANDS DR,,,,2022-09-26T00:00:00.000,852,LAS VEGAS,CLARK,CLARK,,
LVM231000029300,N HUALAPAI WAY,,N HUALAPAI WAY,W CHEYENNE AVE,,W CHEYENNE AVE,2023-10-09T00:00:00.000,1536,LAS VEGAS,CLARK,CLARK,651392.3073,4009481.582
HP20-18626,ARIA DR,,ARIA DR,TEMPORALE DR,,TEMPORALE DR,2020-10-22T00:00:00.000,1032,HENDERSON,CLARK,CLARK,672513.253399999,3983036.3953
LVM190900008022,W TROPICANA AVE,,W TROPICANA AVE,WYNN RD,,WYNN RD,2019-09-02T00:00:00.000,1621,LAS VEGAS,CLARK,CLARK,662413.365299999,3996646.19659999
LVM230300052631,W LAKE MEAD BLVD,,W LAKE MEAD BLVD,SAWYER AVE,,SAWYER AVE,2023-03-12T00:00:00.000,2258,LAS VEGAS,CLARK,CLARK,661566.480399999,4007241.09659999
NLPD2005280008745,W DEER SPRINGS WAY,,W DEER SPRINGS WAY,OTHER,REVERE ST,OTHER,2020-05-28T00:00:00.000,615,NORTH LAS VEGAS,CLARK,CLARK,665878.8271,4017030.0953
RPD23-10839,KIETZKE LN,,KIETZKE LN,GENTRY WAY,,GENTRY WAY,2023-06-21T00:00:00.000,1637,RENO,WASHOE,WASHOE,260169.214499999,4375478.4832
LVM190600077545,E TROPICANA AVE,,E TROPICANA AVE,KOVAL LN,,KOVAL LN,2019-06-16T00:00:00.000,2353,LAS VEGAS,CLARK,CLARK,665276.2777,3996697.0
LVM220700025310,E TWAIN AVE,,E TWAIN AVE,PALOS VERDES ST,,PALOS VERDES ST,2022-07-07T00:00:00.000,5,LAS VEGAS,CLARK,CLARK,666438.365299999,3998979.7653
LYSO22LY01247,HARDIE LN,,HARDIE LN,WESTERLUND LN,,WESTERLUND LN,2022-03-29T00:00:00.000,825,FERNLEY,LYON,LYON,307119.2094,4385817.5983
LVM210800006551,E CHARLESTON BLVD,,E CHARLESTON BLVD,S MAIN ST,,S MAIN ST,2021-08-02T00:00:00.000,1650,LAS VEGAS,CLARK,CLARK,666092.138799999,4003149.26659999
NHP210401369,US50,,US50,OTHER,NEWMAN LN,OTHER,2021-04-20T00:00:00.000,2113,,LYON,LYON,269610.594899999,4343954.9525
NYSO22NY-1373,WEST ST,,WEST ST,E THIRD ST,,3RD ST,2022-04-23T00:00:00.000,1002,PAHRUMP,NYE,NYE,257924.782399999,4379172.39809999
LVM220400022190,E TROPICANA AVE,,E TROPICANA AVE,S SANDHILL RD,SANDHILL,S SANDHILL RD,2022-04-06T00:00:00.000,150,LAS VEGAS,CLARK,CLARK,672196.3815,3996761.53119999
NLPD2207040012268,E LAKE MEAD BLVD,,E LAKE MEAD BLVD,PALMER ST,,PALMER ST,2022-07-04T00:00:00.000,2107,NORTH LAS VEGAS,CLARK,CLARK,670587.859,4007339.85319999
HP20-20308,SAGUARO ST,,SAGUARO ST,YUCCA ST,,YUCCA ST,2020-11-18T00:00:00.000,1600,HENDERSON,CLARK,CLARK,682180.139499999,3990670.5808
NYSO23NY-3083,W CHARLESTON PARK AVE,,W CHARLESTON PARK AVE,TAMARA CT,DAVID,TAMARA CT,2023-09-05T00:00:00.000,154,PAHRUMP,NYE,NYE,586043.0169,4007094.36989999
LVM201000043067,E CARSON AVE,,E CARSON AVE,S CASINO CENTER BLVD,,S CASINO CENTER BLVD,2020-10-10T00:00:00.000,1308,LAS VEGAS,CLARK,CLARK,666891.8327,4004327.2542
LVM231000092555,N MAIN ST,,N MAIN ST,OTHER,E WASHINGTON AVE,SR578,2023-10-27T00:00:00.000,1418,LAS VEGAS,CLARK,CLARK,667249.985199999,4005649.37639999
LVM200800092802,E SAHARA AVE,,E SAHARA AVE,PALM ST,,PALM ST,2020-08-22T00:00:00.000,209,,CLARK,CLARK,,
LVM220700038039,E TROPICANA AVE,,SR593,S MARYLAND PKWY,,S MARYLAND PKWY,2022-07-10T00:00:00.000,425,LAS VEGAS,CLARK,CLARK,667723.875599999,3996753.67249999
LVM210700114709,S SANDHILL RD,,S SANDHILL RD,E SAHARA AVE,,E SAHARA AVE,2021-07-25T00:00:00.000,2040,LAS VEGAS,CLARK,CLARK,671646.155799999,4001891.7167
LVM220200015133,W CRAIG RD,,W CRAIG RD,N JONES BLVD,N JONES BLVD,N JONES BLVD,2022-02-04T00:00:00.000,1419,LAS VEGAS,CLARK,CLARK,659456.884499999,4011910.4973
LVM201200076264,E DESERT INN RD,,E DESERT INN RD,ATHENS ST,,ATHENS ST,2020-12-18T00:00:00.000,1224,,CLARK,CLARK,667333.2882,3999943.24459999
LVM220200057983,E TWAIN AVE,,E TWAIN AVE,INDIOS AVE,,INDIOS AVE,2022-02-14T00:00:00.000,1845,LAS VEGAS,CLARK,CLARK,673466.045599999,3999294.68319999
HP21-20560,E WARM SPRINGS RD,,WARM SPRINGS RD,N STEPHANIE ST,,N STEPHANIE ST,2021-11-04T00:00:00.000,1215,HENDERSON,CLARK,CLARK,675911.893699999,3991947.3223
NLPD2112090021415,CARROLL ST,,CARROLL ST,JUDSON AVE,,JUDSON AVE,2021-12-09T00:00:00.000,1810,NORTH LAS VEGAS,CLARK,CLARK,669396.5656,4007879.5764
NLPD2304210007975,LAS VEGAS BLVD,,LAS VEGAS BLVD,TONOPAH AVE,,TONOPAH AVE,2023-04-21T00:00:00.000,2127,NORTH LAS VEGAS,CLARK,CLARK,667900.334999999,4006871.4472
RPD23-19655,N MCCARRAN BLVD,,SR659,OTHER,NB395 ONRAMP ,SR659 TO US395N INT70,2023-10-25T00:00:00.000,1901,RENO,WASHOE,WASHOE,260602.953099999,4382222.5
LVM230800102253,SHADOW LN,,SHADOW LN,OTHER,WELLNESS,BEARDEN DR,2023-08-29T00:00:00.000,1327,LAS VEGAS,CLARK,CLARK,665013.987599999,4003460.9261
LVM210900067484,E HARMON AVE,,E HARMON AVE,PARADISE RD,,PARADISE RD,2021-09-16T00:00:00.000,824,,CLARK,CLARK,666336.8326,3997498.0315
LVM210300052208,W CHEYENNE AVE,,W CHEYENNE AVE,SERENE DR,,SERENE DR,2021-03-11T00:00:00.000,1826,LAS VEGAS,CLARK,CLARK,658174.6275,4009567.6225
LVM211200052679,S LAMB BLVD,,S LAMB BLVD,E DESERT INN RD,,E DESERT INN RD,2021-12-13T00:00:00.000,1432,LAS VEGAS,CLARK,CLARK,672504.4012,4000189.55269999
LVM190100000524,E RENO AVE,,E RENO AVE,GILES ST,,GILES ST,2019-01-01T00:00:00.000,125,LAS VEGAS,CLARK,CLARK,664723.343899999,3996271.45329999
LVM200800011487,E TROPICANA AVE,,E TROPICANA AVE,ANDOVER DR,,ANDOVER DR,2020-08-03T00:00:00.000,1821,LAS VEGAS,CLARK,CLARK,675215.2384,3996844.88929999
LVM200200053853,BOULDER HWY,,BOULDER HWY,E TROPICANA AVE,,E TROPICANA AVE,2020-02-11T00:00:00.000,2109,LAS VEGAS,CLARK,CLARK,675307.943699999,3997062.8583
LVM191100045954,W WASHINGTON AVE,,W WASHINGTON AVE,N DECATUR BLVD,,N DECATUR BLVD,2019-11-10T00:00:00.000,1543,LAS VEGAS,CLARK,CLARK,661322.3168,4005509.83929999
SPPD22-9284,ROCK BLVD,,SR668,VICTORIAN AVE,,VICTORIAN AVE,2022-11-24T00:00:00.000,1307,SPARKS,WASHOE,WASHOE,262332.048899999,4379828.1431
LVM230200043227,CACTUS HOLLY ST,,CACTUS HOLLY ST,W ANN RD,,W ANN RD,2023-02-11T00:00:00.000,954,LAS VEGAS,CLARK,CLARK,657796.310999999,4014569.0689
CCSO23-514,AIRPORT RD,,AIRPORT RD,BUTTI WY,,BUTTI WAY,2023-01-25T00:00:00.000,700,CARSON CITY,CARSON CITY,CARSON CITY,263894.781999999,4338864.15
LVM191000132524,E CHARLESTON BLVD,,E CHARLESTON BLVD,S BRUCE ST,,S BRUCE ST,2019-10-28T00:00:00.000,1535,LAS VEGAS,CLARK,CLARK,668837.006699999,4003202.0446
RPD22-13974,W 2ND ST,,W 2ND ST,KEYSTONE AVE,,KEYSTONE AVE,2022-07-29T00:00:00.000,530,RENO,WASHOE,WASHOE,257113.703399999,4378801.61759999
LVM230900004162,CAMERON ST,,CAMERON ST,W TROPICANA AVE,,W TROPICANA AVE,2023-09-02T00:00:00.000,136,LAS VEGAS,CLARK,CLARK,661679.757299999,3996670.2114
HP20-13696,EASTERN AVE,,EASTERN AVE,UNKNOWN,,UNKNOWN,2020-08-06T00:00:00.000,2125,HENDERSON,CLARK,CLARK,671188.190899999,3984669.2804
LVM230900001438,CAMBRIDGE ST,,CAMBRIDGE ST,E TWAIN AVE,,E TWAIN AVE,2023-09-01T00:00:00.000,1146,LAS VEGAS,CLARK,CLARK,667228.2361,3999097.34579999
LVM211100038471,CEDAR AVE,,CEDAR AVE,N EASTERN AVE,,N EASTERN AVE,2021-11-10T00:00:00.000,654,LAS VEGAS,CLARK,CLARK,669457.229299999,4004469.37629999
RPD19-7703,N SIERRA ST,,N SIERRA ST,W 5TH ST,,W 5TH ST,2019-04-23T00:00:00.000,757,RENO,WASHOE,WASHOE,257975.4566,4379483.81399999
SPPD19-8341,VICTORIAN AV,,VICTORIAN AV,PYRAMID WY,,PYRAMID WY,2019-09-01T00:00:00.000,2230,SPARKS,,,263405.2959,4379750.47969999
LVM231100045620,S DECATUR BLVD,,S DECATUR BLVD,ELDORA AVE,,ELDORA AVE,2023-11-12T16:00:00.000,1829,LAS VEGAS,CLARK,CLARK,661219.097299999,4001038.2418
LVM220800009153,E SAHARA AVE,,E SAHARA AVE,S SANDHILL RD,,S SANDHILL RD,2022-08-03T00:00:00.000,512,LAS VEGAS,CLARK,CLARK,671593.039699999,4001860.71629999
LVM231200074119,E DESERT INN RD,,E DESERT INN RD,BOULDER HWY,,SR582S,2023-12-22T00:00:00.000,1317,LAS VEGAS,CLARK,CLARK,672389.635099999,4000058.653
NLPD2011030018243,LAKE MEAD BLVD,,LAKE MEAD BLVD,BELMONT,,BELMONT,2020-11-03T00:00:00.000,717,NORTH LAS VEGAS,CLARK,CLARK,670211.0443,4007337.36449999
LVM230400106811,S MARYLAND PKWY,,S MARYLAND PKWY,SUNRISE HOSPITAL DR,,SUNRISE HOSPITAL DR,2023-04-24T00:00:00.000,343,,CLARK,CLARK,667643.291199999,4000404.0642
NLPD2110110017537,STANLEY AVE,,STANLEY AVE,MCDANIEL ST,,MCDANIEL ST,2021-10-11T00:00:00.000,725,NORTH LAS VEGAS,CLARK,CLARK,668987.737499999,4006656.1007
RPD22-24045,N SIERRA ST,,N SIERRA ST,,,,2022-12-31T00:00:00.000,59,RENO,WASHOE,WASHOE,,
RPD20-17434,DICKERSON RD,,DICKERSON RD,MARK JEFFREY LN,,MARK JEFFREY LN,2020-09-30T00:00:00.000,900,RENO,WASHOE,WASHOE,255645.523099999,4378383.7639
RPD21-11830,KIETZKE LN,,KIETZKE LN,E PLUMB LN,,E PLUMB LN,2021-07-04T00:00:00.000,223,RENO,WASHOE,WASHOE,260196.9219,4376631.5
LVM200300030903,S DURANGO DR,,S DURANGO DR,ALTA DR,,ALTA DR,2020-03-07T00:00:00.000,1635,LAS VEGAS,CLARK,CLARK,654886.268099999,4003775.3087
NYSO23NY-3722,OTHER,400 E DRIFTWOOD DR.,DRIFTWOOD DR,OTHER,S MAGNOLIA BLVD,MAGNOLIA BLVD,2023-10-29T00:00:00.000,1803,PAHRUMP,NYE,NYE,589078.534199999,4008466.78749999
SPPD21-5292,EL RANCHO DR,,EL RANCHO DR,ODDIE BLVD,,ODDIE BLVD,2021-06-26T00:00:00.000,1139,SPARKS,WASHOE,WASHOE,261454.564699999,4380992.6291
LVM190100113062,SOARING GULLS DR,,SOARING GULLS DR,LOCKPORT ST,,LOCKPORT ST,2019-01-24T00:00:00.000,1423,LAS VEGAS,CLARK,CLARK,655364.2229,4009933.7498
NLPD2008070012861,E LAKE MEAD BLVD,,E LAKE MEAD BLVD,N LAS VEGAS BLVD,,N LAS VEGAS BLVD,2020-08-07T00:00:00.000,1641,NORTH LAS VEGAS,CLARK,CLARK,687754.655799999,4005014.8582
LVM220900108637,FLAMINGO RD,,FLAMINGO RD,BURNHAM AVE,,BURNHAM AVE,2022-09-27T00:00:00.000,1328,LAS VEGAS,CLARK,CLARK,668948.815299999,3998298.03759999
RPD20-9907,W 4TH ST,,W 4TH ST,STOKER AVE,,STOKER AVE,2020-06-12T00:00:00.000,1829,RENO,WASHOE,WASHOE,256067.115299999,4378678.89849999
LVM191200058596,W TROPICANA AVE,,W TROPICANA AVE,CAMERON ST,,CAMERON ST,2019-12-13T00:00:00.000,639,LAS VEGAS,CLARK,CLARK,661680.829199999,3996631.82149999
LVM231100000929,N RAINBOW BLVD,,N RAINBOW BLVD,LOST DUTCHMAN DR,,LOST DUTCHMAN DR,2023-11-01T00:00:00.000,928,LAS VEGAS,CLARK,CLARK,658057.205,4005822.4045
LVM221100082734,ARVILLE ST,,ARVILLE ST,SIRIUS AVE,,SIRIUS AVE,2022-11-22T00:00:00.000,1435,LAS VEGAS,CLARK,CLARK,662028.9927,4000273.48139999
LVM211000061446,ISABELLE AVE,,ISABELLE AVE,N EASTERN AVE,,N EASTERN AVE,2021-10-15T00:00:00.000,902,LAS VEGAS,CLARK,CLARK,669465.0745,4003681.68799999
LVM190800102796,SPRING MOUNTAIN RD,,SPRING MOUNTAIN RD,LANTERN GARDENS WAY,,LANTERN GARDENS WAY,2019-08-21T00:00:00.000,833,LAS VEGAS,CLARK,CLARK,657537.801099999,3999305.11999999
LVM230500144214,PARADISE RD,,PARADISE RD,E TWAIN AVE,,E TWAIN AVE,2023-05-29T00:00:00.000,724,LAS VEGAS,CLARK,CLARK,666042.404199999,3998984.92909999
HP19-32715,MALL RING CIR,,MALL RING CIR,MALL RING CIR S,,MALL RING CIR S,2019-12-20T00:00:00.000,1756,HENDERSON,CLARK,CLARK,676425.536899999,3992904.07269999
HP20-21205,S WATER ST,,S WATER ST,E VICTORY RD,,E VICTORY RD,2020-12-02T00:00:00.000,1743,HENDERSON,CLARK,CLARK,681397.580299999,3989833.4975
LVM230900029550,S FORT APACHE RD,,S FORT APACHE RD,PEACE WAY,,PEACE WAY,2023-09-09T00:00:00.000,234,LAS VEGAS,CLARK,CLARK,653272.898099999,3997073.8748
LYSO21LY04952,HARDIE LN,,HARDIE LN,SHADOW LN,,SHADOW LN,2021-11-03T00:00:00.000,640,FERNLEY,LYON,LYON,307111.882299999,4385628.42119999
LVM190500137253,S NELLIS BLVD,,S NELLIS BLVD,E SAHARA AVE,,E SAHARA AVE,2019-05-28T00:00:00.000,1405,LAS VEGAS,CLARK,CLARK,674049.4676,4001698.526
LVM230100019794,W FLAMINGO RD,,W FLAMINGO RD,S TOMSIK ST,,S TOMSIK ST,2023-01-05T00:00:00.000,1838,LAS VEGAS,CLARK,CLARK,655506.1238,3998049.62439999
LVM230800077134,WYNN SOUTH GATE DR,,WYNN SOUTH GATE DR,SANDS AVE,,SANDS AVE,2023-08-22T00:00:00.000,941,LAS VEGAS,CLARK,CLARK,664951.2799,3999336.4615
RPD21-23428,S WELLS AVE,,S WELLS AVE,KUENZLI ST,,KUENZLI ST,2021-12-12T00:00:00.000,2120,RENO,WASHOE,WASHOE,259075.5442,4379163.98709999
NLPD20102417687,CIVIC CENTER DR,,CIVIC CENTER DR,VENUS AVE,,VENUS AVE,2020-10-24T00:00:00.000,2024,NORTH LAS VEGAS,CLARK,CLARK,669004.355,4009913.95409999
NHP191202225,US95A,,US95A,W NEWLANDS DR,,W NEWLANDS DR,2019-12-27T00:00:00.000,1824,,LYON,LYON,309502.768099999,4386913.26459999
LVM200300088204,E FLAMINGO RD,,SR592,ALGONQUIN DR,,ALGONQUIN DR,2020-03-19T00:00:00.000,1926,LAS VEGAS,CLARK,CLARK,668016.1123,3998273.79749999
LVM210800016679,N LAS VEGAS BLVD,,N LAS VEGAS BLVD,E LAKE MEAD BLVD,,E LAKE MEAD BLVD,2021-08-04T00:00:00.000,2152,NORTH LAS VEGAS,CLARK,CLARK,668289.7976,4007370.50159999
HP21-19564,N GREEN VALLEY PKWY,,N GREEN VALLEY PKWY,WINDMILL PKWY,,WINDMILL PKWY,2021-10-21T00:00:00.000,10,HENDERSON,CLARK,CLARK,,
NHP220301096,FLAMINGO RD,,LAS VEGAS BLVD,OTHER,SR604,FLAMINGO RD,2022-03-16T00:00:00.000,449,LAS VEGAS,CLARK,CLARK,664447.096099999,3998216.4471
LVM231100016219,S JONES BLVD,,SR596,OTHER,EVERGREEN,EVERGREEN AVE,2023-11-04T17:00:00.000,1830,LAS VEGAS,CLARK,CLARK,659757.682,4003505.03959999
HP20-03338,CAMINO SERENO AVE,,CAMINO SERENO AVE,VIA BARRANCA ST,,VIA BARRANCA ST,2020-02-16T00:00:00.000,1540,HENDERSON,CLARK,CLARK,669351.298999999,3979147.1795
LVM211000043691,TOPAZ ST,,TOPAZ ST,E PEBBLE RD,,E PEBBLE RD,2021-10-11T00:00:00.000,751,LAS VEGAS,CLARK,CLARK,669934.399899999,3988658.56079999
HP20-10515,W HORIZON RIDGE PKWY,,W HORIZON RIDGE PKWY,S EASTERN AVE,,S EASTERN AVE,2020-06-16T00:00:00.000,1006,HENDERSON,CLARK,CLARK,670933.707399999,3985629.17009999
LVM220600034817,N NELLIS BLVD,,N NELLIS BLVD,LAS VEGAS BLVD,N NELLIS BLVD,LAS VEGAS BLVD,2022-06-09T00:00:00.000,2103,LAS VEGAS,CLARK,CLARK,674150.406399999,4011859.5448
NHP200201557,IR580 N,,IR580 N,OTHER,SR431,OTHER,2020-02-21T00:00:00.000,1110,,WASHOE,WASHOE,262849.3042,4362961.79199999
RPD23-21379,FOSTER DR,,FOSTER DR,HUNTER LAKE DR,,HUNTER LAKE DR,2023-11-20T00:00:00.000,1439,RENO,WASHOE,WASHOE,256224.359,4377892.25129999
WASD19W-00746,SIDEHILL DR,,SIDEHILL DR,QUARTZ LN,,QUARTZ LN,2019-05-06T00:00:00.000,840,RENO,WASHOE,WASHOE,260867.3644,4387668.16819999
RPD21-6281,S VIRGINIA ST,,S VIRGINIA ST,E MOANA LN,,E MOANA LN,2021-04-12T00:00:00.000,1934,RENO,WASHOE,WASHOE,259560.624499999,4374974.6742
LVM190900051243,N JONES BLVD,,N JONES BLVD,HICKAM AVE,,HICKAM AVE,2019-09-11T00:00:00.000,1148,LAS VEGAS,CLARK,CLARK,659466.7921,4011447.2046
RPD20-19436,E 4TH ST,,E 4TH ST,EVANS AVE,,EVANS AVE,2020-10-31T00:00:00.000,1652,RENO,WASHOE,WASHOE,258460.908499999,4379438.5931
NHP220401999,KEYSTONE AVE,,KEYSTONE AVE,IR80 E,IR80,IR80 E,2022-04-29T00:00:00.000,419,,WASHOE,WASHOE,,
LVM210300135944,E SAHARA AVE,,E SAHARA AVE,S MARYLAND PKWY,,S MARYLAND PKWY,2021-03-29T00:00:00.000,2023,LAS VEGAS,CLARK,CLARK,667509.234,4001548.1048
NLPD2111030019116,CIVIC CENTER DR,,CIVIC CENTER DR,E TONOPAH AVE,,E TONOPAH AVE,2021-11-03T00:00:00.000,1505,NORTH LAS VEGAS,CLARK,CLARK,669378.5465,4006907.8167
LVM190400059182,S DECATUR BLVD,,S DECATUR BLVD,W HARMON AVE,,W HARMON AVE,2019-04-12T00:00:00.000,1935,LAS VEGAS,CLARK,CLARK,661300.208899999,3997227.74019999
LVM210500034564,E CHARLESTON BLVD,,E CHARLESTON BLVD,S 10TH ST,,S 10TH ST,2021-05-08T00:00:00.000,732,LAS VEGAS,CLARK,CLARK,667256.210199999,4003172.21169999
LVM230200015056,OTHER,S REDWOOD ST,REDWOOD ST,OTHER,W CHARLESTON BLVD,W CHARLESTON BLVD,2023-02-04T00:00:00.000,1631,LAS VEGAS,CLARK,CLARK,658377.286199999,4003034.504
LVM190200116301,SWENSON ST,,SWENSON ST,E HARMON AVE,,E HARMON AVE,2019-02-25T00:00:00.000,2337,LAS VEGAS,CLARK,CLARK,666479.9566,3997523.05269999
HP19-22236,N STEPHANIE ST,,N STEPHANIE ST,WARM SPRINGS RD,,WARM SPRINGS RD,2019-10-06T00:00:00.000,1733,HENDERSON,CLARK,CLARK,675972.8426,3991947.8429
HP19-32542,E LAKE MEAD BLVD,,E LAKE MEAD BLVD,FIESTA HENDERSON BLVD,,FIESTA HENDERSON BLVD,2019-12-18T00:00:00.000,1120,HENDERSON,CLARK,CLARK,679483.557099999,3989585.9791
SPPD20-1886,ODDIE BL,,ODDIE BL,EL RANCHO DR,,EL RANCHO DR,2020-02-29T00:00:00.000,929,SPARKS,WASHOE,WASHOE,261454.564699999,4380992.6291
LVM201100125018,W DESERT INN RD,,W DESERT INN RD,S FORT APACHE RD,,S FORT APACHE RD,2020-11-29T00:00:00.000,1556,,CLARK,CLARK,653237.206799999,3999691.72599999
LVM221100033039,S NELLIS BLVD,,SR612,OTHER,E TWAIN AVE,TWAIN AVE,2022-11-09T00:00:00.000,1709,LAS VEGAS,CLARK,CLARK,674151.337,3998910.39619999
LVM220500020069,HAUCK ST,,HAUCK ST,W DESERT INN RD,,W DESERT INN RD,2022-05-05T00:00:00.000,1941,LAS VEGAS,CLARK,CLARK,661057.0727,3999725.8472
HP21-02355,E LAKE MEAD PKWY,,E LAKE MEAD PKWY,BOULDER HWY,,BOULDER HWY,2021-02-07T00:00:00.000,2315,HENDERSON,CLARK,CLARK,681808.958599999,3990222.94869999
LVM231200042371,N NELLIS BLVD,,SR612,OTHER,STEWART AVE,STEWART AVE,2023-12-13T00:00:00.000,1122,,CLARK,CLARK,674299.5448,4004247.4615
LVM200500051061,E SAHARA AVE,,E SAHARA AVE,COMMERCIAL CENTER DR,,COMMERCIAL CENTER DR,2020-05-11T00:00:00.000,248,LAS VEGAS,CLARK,CLARK,667121.899899999,4001523.20509999
NLPD2304050006741,AZURE DR,,AZURE RD,NORTH 5TH,,5TH ST,2023-04-05T00:00:00.000,1600,NORTH LAS VEGAS,CLARK,CLARK,,
LVM201000061917,LENA ST,,LENA ST,E WASHINGTON AVE,,E WASHINGTON AVE,2020-10-14T00:00:00.000,1958,LAS VEGAS,CLARK,CLARK,670719.3128,4005694.459
LVM190900088059,N BRUCE ST,,N BRUCE ST,CEDAR AVE,,CEDAR AVE,2019-09-19T00:00:00.000,647,LAS VEGAS,CLARK,CLARK,668623.235399999,4004443.28849999
NLPD2304290008496,W OWENS AVE,,W OWENS AVE,MAIN ST,,MAIN ST,2023-04-29T00:00:00.000,537,NORTH LAS VEGAS,CLARK,CLARK,667661.399,4006460.5219
RPD19-10805,CARAT AVE,,CARAT AVE,DOUBLE DIAMOND PKWY,,DOUBLE DIAMOND PKWY,2019-06-06T00:00:00.000,2008,RENO,WASHOE,WASHOE,264150.8847,4368725.76429999
HP22-21555,SEVEN HILLS DR,,SEVEN HILLS DR,GRAND HILLS DR,,GRAND HILLS DR,2022-11-04T00:00:00.000,750,HENDERSON,CLARK,CLARK,669777.5562,3983264.139
LVM201200129054,W CRAIG RD,,W CRAIG RD,N JONES BLVD,,N JONES BLVD,2020-12-30T00:00:00.000,1842,LAS VEGAS,CLARK,CLARK,659456.524799999,4011917.8728
LVM210100084329,E CHARLESTON BLVD,,E CHARLESTON BLVD,N 28TH ST,,N 28TH ST,2021-01-19T00:00:00.000,1238,LAS VEGAS,CLARK,CLARK,669872.4632,4003216.9282
SPPD22-10072,EL RANCHO DR,,EL RANCHO DR,G ST,,G ST,2022-12-24T00:00:00.000,1804,SPARKS,WASHOE,WASHOE,261456.985299999,4380196.15029999
LVM230800003175,S LAS VEGAS BLVD,,S LAS VEGAS BLVD,SAHARA AVE,,SAHARA AVE,2023-08-01T00:00:00.000,1827,LAS VEGAS,CLARK,CLARK,665780.8956,4001461.0285
WASO19-55,E 7TH AVE,,E 7TH AVE,APPLEGATE DR,,APPLEGATE DR,2019-01-03T00:00:00.000,1734,RENO,WASHOE,WASHOE,261401.510099999,4387052.4019
HP22-19929,W HORIZON RIDGE PKWY,,W HORIZON RIDGE PKWY,ANNET ST,,ANNET ST,2022-10-12T00:00:00.000,1615,HENDERSON,CLARK,CLARK,672149.2669,3986289.1358
LVM230800103681,W WASHINGTON ST,,SR578,OTHER,A ST,A ST,2023-08-29T00:00:00.000,2103,LAS VEGAS,CLARK,CLARK,667016.406399999,4005652.11889999
LVM211000007351,W SAHARA AVE,,W SAHARA AVE,LAS VERDES ST,,LAS VERDES ST,2021-10-02T00:00:00.000,1939,LAS VEGAS,CLARK,CLARK,662478.239799999,4001475.04829999
NLPD2202150002858,N PECOS RD,,N PECOS RD,E GOWAN RD,,E GOWAN RD,2022-02-15T00:00:00.000,2050,NORTH LAS VEGAS,CLARK,CLARK,670887.972699999,4010590.94849999
HP23-14584,SR582S,,BOULDER HWY NB,E GALLERIA DR,,W GALLERIA DR,2023-07-28T00:00:00.000,1535,HENDERSON,CLARK,CLARK,678607.8694,3993596.06269999
LVM190900145269,W WASHINGTON AVE,,W WASHINGTON AVE,SAYLOR WAY,,SAYLOR WAY,2019-09-30T00:00:00.000,1720,LAS VEGAS,CLARK,CLARK,660077.3578,4005475.30389999
LVM230700103444,W WASHINGTON AVE,,W WASHINGTON AVE,N DECATUR BLVD,,N DECATUR BLVD,2023-07-24T00:00:00.000,1411,LAS VEGAS,CLARK,CLARK,661397.547899999,4005512.70419999
LVM230300135781,E TWAIN AVE,,E TWAIN AVE,S SANDHILL RD,,S SANDHILL RD,2023-03-31T00:00:00.000,1516,LAS VEGAS,CLARK,CLARK,671713.1758,3999205.18559999
LVM231000045579,E CARSON AVE,,E CARSON AVE,S CASINO CENTER BLVD,,S CASINO CENTER BLVD,2023-10-14T00:00:00.000,1,LAS VEGAS,CLARK,CLARK,666852.964399999,4004347.00269999
LVM190800002321,S NELLIS BLVD,,S NELLIS BLVD,E SAHARA AVE,,E SAHARA AVE,2019-08-01T00:00:00.000,1304,LAS VEGAS,CLARK,CLARK,674049.640999999,4001686.94209999
LVM230300094810,S DECATUR BLVD,,S DECATUR BLVD,DOE AVE,,DOE AVE,2023-03-22T00:00:00.000,1134,LAS VEGAS,CLARK,CLARK,661207.2499,4002429.6334
LVM230100100013,MAYORGA ST,,MAYORGA ST,BOULDER HWY,,BOULDER HWY,2023-01-25T00:00:00.000,1638,LAS VEGAS,CLARK,CLARK,672549.844299999,3999964.50999999
HP19-21554,MONA LN,,MONA LN,GREENWAY RD,,GREENWAY RD,2019-09-27T00:00:00.000,1000,HENDERSON,CLARK,CLARK,683127.773199999,3988433.1542
LVM201200003644,W FLAMINGO RD,,W FLAMINGO RD,S JONES BLVD,,S JONES BLVD,2020-12-01T00:00:00.000,1851,,CLARK,CLARK,659645.8595,3998105.51569999
RPDRP19-8967,E 5TH ST,,E 5TH ST,N WELLS AVE,,N WELLS AVE,2019-05-10T00:00:00.000,633,RENO,WASHOE,WASHOE,259081.512099999,4379720.31919999
NYSO22NY-3512,SR160N,HIGHWAY 160,SR160N,SR372,HIGHWAY 372,SR372,2022-10-06T00:00:00.000,1953,PAHRUMP,NYE,NYE,591280.1875,4007599.25
LVM230100044561,W LAKE MEAD BLVD,,W LAKE MEAD BLVD,JONES BLVD,,JONES BLVD,2023-01-11T00:00:00.000,1914,LAS VEGAS,CLARK,CLARK,659941.326,4007120.717
HP22-23018,N PECOS RD,,PECOS RD,ROBINDALE RD,,ROBINDALE RD,2022-11-25T00:00:00.000,1655,HENDERSON,CLARK,CLARK,671119.994199999,3991132.00489999
LVM190600042069,BLUE DIAMOND RD,,BLUE DIAMOND RD,S DECATUR BLVD,,S DECATUR BLVD,2019-06-09T00:00:00.000,2013,LAS VEGAS,CLARK,CLARK,661621.1364,3989136.0292
LVM200100149631,OTHER,2850 S DECATUR,OTHER,OTHER,PENNWOOD,OTHER,2020-01-31T00:00:00.000,1626,LAS VEGAS,CLARK,CLARK,661227.553299999,4000659.22309999
RPD23-21957,N WELLS AVE,,N WELLS AVE SOUTHBOUND,E 6TH ST,,E 6TH ST,2023-11-29T00:00:00.000,1740,RENO,WASHOE,WASHOE,259071.5822,4379912.4153
LVM190900074823,S RAINBOW BLVD,,S RAINBOW BLVD,W WARM SPRINGS RD,,W WARM SPRINGS RD,2019-09-16T00:00:00.000,1304,LAS VEGAS,CLARK,CLARK,658247.531799999,3991563.78089999
LVM231100031023,S MARYLAND PKWY,,S MARYLAND PKWY,E PEBBLE RD,,E PEBBLE RD,2023-11-09T00:00:00.000,1641,LAS VEGAS,CLARK,CLARK,667933.427699999,3988657.12969999
NHP200800500,US95,,US95,OTHER,RANCHO SB OFF RAMP,OTHER,2020-08-08T00:00:00.000,1604,,CLARK,CLARK,664316.9286,4004942.3297
LVM210800045803,S DECATUR BLVD,,S DECATUR BLVD,MAYFLOWER LN,,MAYFLOWER LN,2021-08-11T00:00:00.000,1702,LAS VEGAS,CLARK,CLARK,661363.3885,4004103.03429999
LVM200700113180,N EASTERN AVE,,N EASTERN AVE,E BONANZA RD,,E BONANZA RD,2020-07-26T00:00:00.000,1451,LAS VEGAS,CLARK,CLARK,669417.4274,4004953.3529
LVM230800065435,S LAMB BLVD,,S LAMB BLVD,VEGAS VALLEY DR,,VEGAS VALLEY DR,2023-08-18T00:00:00.000,1950,LAS VEGAS,CLARK,CLARK,672493.367499999,4000837.71
LVM230500000773,S RAINBOW BLVD,,SR595,OTHER,W CHARLESTON BLVD,W CHARLESTON BLVD,2023-05-01T00:00:00.000,534,LAS VEGAS,CLARK,CLARK,657981.6117,4002983.5822
LVM190100131926,E OWENS AVE,,E OWENS AVE,N NELLIS BLVD,,N NELLIS BLVD,2019-01-28T00:00:00.000,1903,LAS VEGAS,CLARK,CLARK,674246.685999999,4006630.85559999
LVM210500014908,HORSE DR,,HORSE DR,N DECATUR BLVD,,N DECATUR BLVD,2021-05-04T00:00:00.000,737,LAS VEGAS,CLARK,CLARK,660954.622,4020205.42989999
HP21-12015,N GREEN VALLEY PKWY,,N GREEN VALLEY PKWY,CORPORATE CIR,,CORPORATE CIR,2021-07-02T00:00:00.000,1545,HENDERSON,CLARK,CLARK,672536.087299999,3988446.6983
LVM230300118182,N 13TH ST,,FREMONT ST,FREMONT ST,,N 13TH ST,2023-03-27T00:00:00.000,1641,LAS VEGAS,CLARK,CLARK,668063.0964,4003899.62829999
LVM220200006856,E TROPICANA AVE,,E TROPICANA AVE,OTHER,SPENCER,OTHER,2022-02-02T00:00:00.000,1507,LAS VEGAS,CLARK,CLARK,668342.498999999,3996767.61669999
LVM221000052404,S LAS VEGAS BLVD,,S LAS VEGAS BLVD,CIRCUS CIRCUS DR,,CIRCUS CIRCUS DR,2022-10-14T00:00:00.000,152,LAS VEGAS,CLARK,CLARK,665441.634399999,4000790.15149999
LVM221100025007,OTHER,E LAKE MEAD BLVD,E LAKE MEAD BLVD,OTHER,LINN LN,LINN LN,2022-11-07T00:00:00.000,1459,LAS VEGAS,CLARK,CLARK,675427.043499999,4007478.47849999
LVM221200002090,W SAHARA AVE,,W SAHARA AVE,S JONES BLVD,,S JONES BLVD,2022-12-01T00:00:00.000,1241,LAS VEGAS,CLARK,CLARK,659635.9199,4001404.51789999
CLSD23001832,EL PARQUE AVE,,EL PARQUE AVE,LOS ALTOS ST,,LOS ALTOS ST,2023-01-06T00:00:00.000,853,LAS VEGAS,CLARK,CLARK,662270.532899999,4002026.25899999
LVM200200072016,E OAKEY BLVD,,E OAKEY BLVD,S LAS VEGAS BLVD,,S LAS VEGAS BLVD,2020-02-16T00:00:00.000,1653,LAS VEGAS,CLARK,CLARK,666206.2593,4002300.47069999
LVM220600115570,N NELLIS BLVD,,N NELLIS BLVD,OTHER,E GOWAN RD,OTHER,2022-06-30T00:00:00.000,536,LAS VEGAS,CLARK,CLARK,674158.860399999,4011024.48399999
RPD19-11840,PARR BLVD,,PARR BLVD,N VIRGINIA ST,,N VIRGINIA ST,2019-06-19T00:00:00.000,1613,RENO,WASHOE,WASHOE,257346.1281,4383786.95979999
LVM230300044760,OTHER,N NELLIS,SR612,OTHER,LAS VEGAS BLVD,SR604N,2023-03-11T00:00:00.000,230,LAS VEGAS,CLARK,CLARK,674147.3651,4011636.99469999
HP23-11114,SR159,,ST ROSE PKWY,SEVEN HILLS DR,,SEVEN HILLS DR,2023-06-10T00:00:00.000,1938,HENDERSON,CLARK,CLARK,668920.3228,3985427.00139999
LVM220200015738,BOULDER HWY S,BOULDER HWY,SR582N,INDIOS AVE,,INDIOS AVE,2022-02-04T00:00:00.000,1728,LAS VEGAS,CLARK,CLARK,673319.8952,3999155.78109999
LVM230700047618,W WYOMING AVE,,W WYOMING AVE,S LAS VEGAS BLVD,,S LAS VEGAS BLVD,2023-07-11T00:00:00.000,1125,LAS VEGAS,CLARK,CLARK,666254.617399999,4002396.89599999
LVM221200005416,UPLAND BLVD,,UPLAND BLVD,ALTA DR,,ALTA DR,2022-12-02T00:00:00.000,941,LAS VEGAS,CLARK,CLARK,660316.074799999,4003839.5964
ELPD2022-14784,IDAHO ST,,IDAHO ST,5TH ST,,5TH ST,2022-08-24T00:00:00.000,2045,ELKO,ELKO,ELKO,604286.3125,4520916.5
NHP221001141,US395 N,,US395N,KINGSLANE COURT,,KINGSLANE,2022-10-16T00:00:00.000,1142,,DOUGLAS,DOUGLAS,262328.6809,4313440.72189999
SPPD22-9639,VICTORIAN AVE,,VICTORIAN AVE,BATTLE BORN,,BATTLE BORN WAY,2022-12-07T00:00:00.000,630,SPARKS,WASHOE,WASHOE,261516.8589,4379865.98
LVM220300071083,N EASTERN AVE,,N EASTERN AVE,HARRIS AVE,,HARRIS AVE,2022-03-17T00:00:00.000,1903,LAS VEGAS,CLARK,CLARK,669425.843299999,4005285.209
LVM210500018111,W TROPICANA AVE,,W TROPICANA AVE,DUNEVILLE ST,,DUNEVILLE ST,2021-05-04T00:00:00.000,2010,LAS VEGAS,CLARK,CLARK,660193.2071,3996522.13849999
CLSD23086329,BERG ST,,BERG ST,HAREWOOD AVE,,HAREWOOD AVE,2023-08-15T00:00:00.000,804,NORTH LAS VEGAS,CLARK,CLARK,669621.259999999,4009530.5855
LVM200100112502,E FLAMINGO RD,,E FLAMINGO RD,S MARYLAND PKWY,,S MARYLAND PKWY,2020-01-24T00:00:00.000,1435,LAS VEGAS,CLARK,CLARK,667588.890399999,3998261.5
LVM190400103129,S RAINBOW BLVD,,S RAINBOW BLVD,W SUNSET RD,,W SUNSET RD,2019-04-21T00:00:00.000,1620,LAS VEGAS,CLARK,CLARK,658265.0902,3993202.52679999
LVM231100086574,ARVILLE ST,,ARVILLE ST,W SAHARA AVE,,W SAHARA AVE,2023-11-24T00:00:00.000,2257,LAS VEGAS,CLARK,CLARK,661957.1414,4001473.87749999
LVM230200077400,N TENAYA WAY,,N TENAYA WAY,W LAKE MEAD BLVD,,W LAKE MEAD BLVD,2023-02-19T00:00:00.000,1350,LAS VEGAS,CLARK,CLARK,657224.592899999,4007114.10319999
LVM200500142070,S DECATUR BLVD,,S DECATUR BLVD,W TROPICANA AVE,,W TROPICANA AVE,2020-05-29T00:00:00.000,1036,LAS VEGAS,CLARK,CLARK,661314.0241,3996622.79109999
LVM190900132218,DOOLITTLE AVE,,DOOLITTLE AVE,H ST,,H ST,2019-09-27T00:00:00.000,2121,LAS VEGAS,CLARK,CLARK,666176.824099999,4006830.41669999
LYSO20LY00051,CEDAR ST,,CEDAR ST,CURRY DR,,CURRY DR,2020-01-05T00:00:00.000,1017,FERNLEY,,,307219.9987,4386494.06179999
LVM230400055156,E FLAMINGO RD,,SR592,EASTERN AVE,,EASTERN AVE,2023-04-12T00:00:00.000,2026,LAS VEGAS,CLARK,CLARK,669452.597099999,3998318.32689999
LVM191000095161,LINN LN,,LINN LN,BLUE SEA ST,,BLUE SEA ST,2019-10-20T00:00:00.000,1832,LAS VEGAS,CLARK,CLARK,675501.1078,4003604.1256
LVM190700009011,S LAS VEGAS BLVD,,S LAS VEGAS BLVD,SPRING MOUNTAIN RD,,SPRING MOUNTAIN RD,2019-07-02T00:00:00.000,1753,LAS VEGAS,CLARK,CLARK,664701.2016,3999334.8529
LVM220200016431,W TROPICANA AVE,,W TROPICANA AVE,S TORREY PINES DR,,S TORREY PINES DR,2022-02-04T00:00:00.000,2110,LAS VEGAS,CLARK,CLARK,658970.0322,3996461.89609999
NHP201201260,OTHER,IR15 NORTHBOUND,OTHER,OTHER,SAHARA AVENUE ON RAMP,OTHER,2020-12-19T00:00:00.000,527,,CLARK,CLARK,665509.882199999,4003934.96499999
LVM190500141009,E BRIDGER AVE,,E BRIDGER AVE,S 4TH ST,,S 4TH ST,2019-05-29T00:00:00.000,1010,LAS VEGAS,CLARK,CLARK,666981.175699999,4004119.03969999
CCSO20-6241,E NYE LN,,E NYE LN,COLLEGE PKWY,,COLLEGE PKWY,2020-10-20T00:00:00.000,2035,CARSON CITY,CARSON CITY,CARSON CITY,264731.812199999,4340993.48079999
HP22-06029,CORONADO CENTER DR,,CORONADO CENTER DR,W HORIZON RIDGE PKWY,,W HORIZON RIDGE PKWY,2022-03-31T00:00:00.000,741,HENDERSON,CLARK,CLARK,670343.981999999,3985036.00689999
NLPD2104030005590,W CENTENNIAL PKWY,,W CENTENNIAL PKWY,BUTTERCUP CREEK ST,,BUTTERCUP CREEK ST,2021-04-03T00:00:00.000,2054,NORTH LAS VEGAS,CLARK,CLARK,666061.4713,4016211.5283
NHP230700319,IR15S,IR15,IR15S,BLUE DIAMOND RD,BLUE DIAMOND RD,SR160N,2023-07-04T17:00:00.000,2252,LAS VEGAS,CLARK,CLARK,663861.6875,3990303.75
NHP210800966,OTHER,IR15 TO SR160 WESTBOUND RAMP,OTHER,OTHER,IR15 SOUTHBOUND,OTHER,2021-08-15T00:00:00.000,244,,CLARK,CLARK,663847.086299999,3990924.3399
NLPD2309090018101,ALLEN LN,,ALLEN LN,W CRAIG RD,,W CRAIG RD,2023-09-09T00:00:00.000,1421,NORTH LAS VEGAS,CLARK,CLARK,662692.6589,4012021.944
NLPD2211100021466,LOSEE RD,,LOSEE RD,E CRAIG RD,,E CRAIG RD,2022-11-10T00:00:00.000,8,NORTH LAS VEGAS,CLARK,CLARK,669224.226999999,4012195.3322
LVM190900096328,GINGER WAY,,GINGER WAY,LOBELLA ST,,LOBELLA ST,2019-09-20T00:00:00.000,1927,LAS VEGAS,CLARK,CLARK,667788.846199999,3990988.6204
LVM190100024614,E FLAMINGO RD,,E FLAMINGO RD,PALOS VERDES ST,,PALOS VERDES ST,2019-01-05T00:00:00.000,2107,LAS VEGAS,CLARK,CLARK,666382.023699999,3998248.8263
LVM211200066427,S NELLIS BLVD,,S NELLIS BLVD,E CHARLESTON BLVD,CHARELSTON,E CHARLESTON BLVD,2021-12-16T00:00:00.000,1800,LAS VEGAS,CLARK,CLARK,674295.1139,3996051.2978
LVM230600071378,S DECATUR BLVD,,S DECATUR BLVD,TROPICANA AVE,,TROPICANA AVE,2023-06-15T00:00:00.000,2249,LAS VEGAS,CLARK,CLARK,661317.3026,3996478.355
LVM200200121306,S HUALAPAI WAY,,S HUALAPAI WAY,W TROPICANA AVE,,W TROPICANA AVE,2020-02-25T00:00:00.000,1544,LAS VEGAS,CLARK,CLARK,651664.302199999,3996527.11539999
LVM191000086651,S VALLEY VIEW BLVD,,S VALLEY VIEW BLVD,SILVER DOLLAR AVE,,SILVER DOLLAR AVE,2019-10-18T00:00:00.000,2059,LAS VEGAS,CLARK,CLARK,662803.6458,4000810.77429999
LVM211100083612,SANDS AVE,,SANDS AVE,HOWARD HUGHES PKWY,,HOWARD HUGHES PKWY,2021-11-20T00:00:00.000,1041,LAS VEGAS,CLARK,CLARK,665798.0102,3999027.0175
RPD19-10277,MOYA BLVD,,MOYA BLVD,SILVER DAWN DR,,SILVER DAWN DR,2019-05-31T00:00:00.000,559,RENO,WASHOE,WASHOE,251144.435899999,4391305.801
LVM230800098197,E FLAMINGO RD,,SR592,OTHER,MCLEOD DR,MCLEOD DR,2023-08-28T00:00:00.000,1153,LAS VEGAS,CLARK,CLARK,670109.315999999,3998359.52969999
LVM230700058565,VEGAS DR,,VEGAS DR,TORREY PINES DR,,TORREY PINES DR,2023-07-13T00:00:00.000,1929,LAS VEGAS,CLARK,CLARK,658870.910699999,4006308.10879999
LVM190800125367,N MARTIN L KING BLVD,,N MARTIN L KING BLVD,W MCWILLIAMS AVE,,W MCWILLIAMS AVE,2019-08-26T00:00:00.000,2253,LAS VEGAS,CLARK,CLARK,665396.985999999,4005369.9054
RPD19-8612,S VIRGINIA ST,,S VIRGINIA ST,GENTRY WY,,GENTRY WY,2019-05-05T00:00:00.000,2053,,,,259405.0218,4375419.47529999
LVM200800032328,FREMONT ST,,FREMONT ST,OTHER,UNK,UNK,2020-08-08T00:00:00.000,30,LAS VEGAS,CLARK,CLARK,669993.7728,4002654.04319999
RPD19-124,YORI AVE,,YORI AVE,LINDEN ST,,LINDEN ST,2019-01-02T00:00:00.000,1455,RENO,WASHOE,WASHOE,259811.507699999,4375929.29059999
LVM230600024405,ELKHORN RD,,ELKHORN RD,N GRAND CANYON DR,,N GRAND CANYON DR,2023-06-06T00:00:00.000,716,LAS VEGAS,CLARK,CLARK,652038.2812,4017663.8265
LVM200800119802,W LAKE MEAD BLVD,,W LAKE MEAD BLVD,J ST,,J ST,2020-08-28T00:00:00.000,538,LAS VEGAS,CLARK,CLARK,665764.6984,4007229.68119999
LVM220800059491,S UNIVERSITY CENTER DR,,S UNIVERSITY CENTER DR,SIERRA VISTA DR,,SIERRA VISTA DR,2022-08-15T00:00:00.000,926,LAS VEGAS,CLARK,CLARK,666828.283499999,3999688.38499999
LVM221100047338,W GOWAN RD,,W GOWAN RD,RANCHO DR,,RANCHO DR,2022-11-13T00:00:00.000,1423,LAS VEGAS,CLARK,CLARK,660084.5827,4010312.27659999
BCPD23BC0204,AVENUE G,,AVENUE G,ARIZONA ST,,ARIZONA ST,2023-02-15T00:00:00.000,1138,BOULDER CITY,CLARK,CLARK,695384.569199999,3983705.219
RPD20-3302,S VIRGINIA ST,,S VIRGINIA ST,E PLUMB LN,,E PLUMB LN,2020-02-17T00:00:00.000,1647,RENO,WASHOE,WASHOE,258982.2898,4376658.34039999
LVM210200103684,E SAHARA AVE,,E SAHARA AVE,PARADISE RD,,PARADISE RD,2021-02-23T00:00:00.000,1517,LAS VEGAS,CLARK,CLARK,666165.071399999,4001463.4527
LVM191100029479,W RUSSELL RD,,W RUSSELL RD,S VALLEY VIEW BLVD,,S VALLEY VIEW BLVD,2019-11-07T00:00:00.000,547,LAS VEGAS,CLARK,CLARK,662974.5831,3995038.7573
NLPD2109200016174,W ANN RD,,W ANN RD,SIMMONS ST,,SIMMONS ST,2021-09-20T00:00:00.000,23,NORTH LAS VEGAS,CLARK,CLARK,663608.650799999,4014505.1424
RPD22-12123,S SIERRA ST,,S SIERRA ST,CALIFORNIA AVE,,CALIFORNIA AVE,2022-07-01T00:00:00.000,2217,RENO,WASHOE,WASHOE,258265.238099999,4378273.24709999
LVM211000059448,SUNRISE AVE,,SUNRISE AVE,N LAMB BLVD,SUNRISE,N LAMB BLVD,2021-10-14T00:00:00.000,1935,LAS VEGAS,CLARK,CLARK,672652.4588,4003724.185
LVM220100021463,N NELLIS BLVD,,N NELLIS BLVD,E GOWAN RD,GOWAN,E GOWAN RD,2022-01-05T00:00:00.000,2248,LAS VEGAS,CLARK,CLARK,674162.376099999,4010837.1565
DCSO23SO01067,LAMPE DR,,LAMPE DR,US395N,,US395N,2023-01-13T00:00:00.000,1550,GARDNERVILLE,DOUGLAS,DOUGLAS,262426.684799999,4313356.9528
LVM230500052791,W LAKE MEAD BLVD,,W LAKE MEAD BLVD,RANCHO DR,,SR599S,2023-05-11T00:00:00.000,1538,LAS VEGAS,CLARK,CLARK,662116.5234,4007659.1322
RPD21-17177,N VIRGINIA ST,,N VIRGINIA ST,8TH ST,,8TH ST,2021-09-14T00:00:00.000,1205,RENO,WASHOE,WASHOE,,
RPD19-14492,CALIFORNIA AVE,,CALIFORNIA AVE,HUMBOLDT ST,,HUMBOLDT ST,2019-07-23T00:00:00.000,2106,RENO,WASHOE,WASHOE,258111.7882,4378275.81699999
HP19-03137,BOULDER HWY S,,BOULDER HWY S,LAKE MEAD PKWY E,,LAKE MEAD PKWY E,2019-02-11T00:00:00.000,1331,HENDERSON,CLARK,CLARK,681810.0625,3990224.0
LVM191000083862,N SANDHILL RD,,N SANDHILL RD,E BONANZA RD,,E BONANZA RD,2019-10-18T00:00:00.000,829,LAS VEGAS,CLARK,CLARK,671832.6205,4004881.5491
NHP190901380,OTHER,SUMMERLIN PKWY,OTHER,OTHER,DURANGO DR OFF RAMP,OTHER,2019-09-17T00:00:00.000,1758,RENO,CLARK,CLARK,655293.4077,4005088.2773
LVM191100023845,N NELLIS BLVD,,N NELLIS BLVD,E GOWAN RD,,E GOWAN RD,2019-11-06T00:00:00.000,44,LAS VEGAS,CLARK,CLARK,674160.649299999,4010929.1651
LVM230300132378,FASHION SHOW DR,,FASHION SHOW DR,LAS VEGAS BLVD,,LAS VEGAS BLVD,2023-03-30T00:00:00.000,2005,LAS VEGAS,CLARK,CLARK,664696.6517,3999774.524
NHP210101171,N RAINBOW BLVD,,N RAINBOW BLVD,US95 N,,US95 N,2021-01-19T00:00:00.000,1314,,CLARK,CLARK,657951.4472,4004984.846
LVM230700032900,N FORT APACHE RD,,N FORT APACHE RD,FARM RD,,FARM RD,2023-07-07T00:00:00.000,2200,LAS VEGAS,CLARK,CLARK,652923.298499999,4018474.457
LVM201200112561,W CRAIG RD,,W CRAIG RD,N CIMARRON RD,,N CIMARRON RD,2020-12-27T00:00:00.000,733,LAS VEGAS,CLARK,CLARK,655468.6786,4012047.25109999
LVM211200106391,W CHARLESTON BLVD,W CHARLESTON BLVD,W CHARLESTON BLVD,S DECATUR BLVD,S DECATUR BLVD,S DECATUR BLVD,2021-12-27T00:00:00.000,357,LAS VEGAS,CLARK,CLARK,661375.324,4003083.1872
LVM220700118876,S VALLEY VIEW BLVD,,S VALLEY VIEW BLVD,EL CONLON AVE,,EL CONLON AVE,2022-07-30T00:00:00.000,1251,LAS VEGAS,CLARK,CLARK,662779.581699999,4001288.58159999
NHP201201970,US50 W,US 50 W,US50 W,OTHER,STATELINE AVENUE,OTHER,2020-12-30T00:00:00.000,2206,,DOUGLAS,DOUGLAS,245172.491899999,4316551.1851
LVM200200031278,N LAS VEGAS BLVD,,N LAS VEGAS BLVD,E WASHINGTON AVE,,E WASHINGTON AVE,2020-02-07T00:00:00.000,918,LAS VEGAS,CLARK,CLARK,667787.694299999,4005659.86299999
CCSO22-5079,N ORMSBY BLVD,,N ORMSBY BLVD,DESERT PEACH DR,,DESERT PEACH DR,2022-08-19T00:00:00.000,802,,CARSON CITY,CARSON CITY,259540.4583,4340667.5449
NLPD2107090011566,ALIANTE PKWY,,ALIANTE PKWY,GRASSWREN DR,,GRASSWREN DR,2021-07-09T00:00:00.000,725,NORTH LAS VEGAS,CLARK,CLARK,663499.949,4016410.19309999
LVM221000000961,FULTON PL,,FULTON PL,S VALLEY VIEW BLVD,,S VALLEY VIEW BLVD,2022-10-01T00:00:00.000,704,LAS VEGAS,CLARK,CLARK,662566.4817,4003528.9414
NHP191000739,IR580 N,,IR580 N,OTHER,VILLANOVA,OTHER,2019-10-10T00:00:00.000,1253,RENO,WASHOE,WASHOE,260837.0295,4377729.36339999
LVM230200025305,ALTA DR,,ALTA DR,JONES BLVD,,JONES BLVD,2023-02-07T00:00:00.000,747,LAS VEGAS,CLARK,CLARK,659759.6128,4003862.25329999
LVM200600038951,N TENAYA WAY,,N TENAYA WAY,W CHEYENNE AVE,,W CHEYENNE AVE,2020-06-11T00:00:00.000,733,LAS VEGAS,CLARK,CLARK,657175.144299999,4009569.2342
SPPD23-427,E PRATER WAY,,E PRATER WAY,PROBASCO WAY,,PROBASCO WAY,2023-01-18T00:00:00.000,624,SPARKS,WASHOE,WASHOE,264515.8514,4380502.9229
LVM221100083376,N EASTERN AVE,,N EASTERN AVE,E MCWILLIAMS AVE,,E MCWILLIAMS AVE,2022-11-22T00:00:00.000,1713,LAS VEGAS,CLARK,CLARK,669404.1846,4005236.1323
HP23-12126,E HORIZON DR,,E HORIZON DR,,,,2023-06-25T00:00:00.000,552,HENDERSON,CLARK,CLARK,,
NHP230301831,IR80 W,,IR80W,OTHER,155 W,Mile Post 66,2023-03-24T00:00:00.000,916,,PERSHING,PERSHING,413303.1955,4510627.4031
LVM191000082168,E FLAMINGO RD,,E FLAMINGO RD,CLAYMONT ST,,CLAYMONT ST,2019-10-17T00:00:00.000,2139,LAS VEGAS,CLARK,CLARK,666979.9325,3998261.66719999
HP19-24065,BOULDER HWY N,,BOULDER HWY N,W BARRETT ST,,W BARRETT ST,2019-10-30T00:00:00.000,1600,HENDERSON,CLARK,CLARK,679830.617899999,3992311.4013
LVM200800077704,E FLAMINGO RD,,E FLAMINGO RD,S MARYLAND PKWY,,S MARYLAND PKWY,2020-08-18T00:00:00.000,2039,LAS VEGAS,CLARK,CLARK,667593.7685,3998261.5
LVM191100097550,COOLIDGE AVE,,COOLIDGE AVE,S CASINO CENTER BLVD,,S CASINO CENTER BLVD,2019-11-21T00:00:00.000,1124,LAS VEGAS,CLARK,CLARK,666280.3287,4003325.73059999
LVM230100106783,STEWART AVE,,STEWART AVE,RONALD LN,,RONALD LN,2023-01-27T00:00:00.000,1005,LAS VEGAS,CLARK,CLARK,672109.1846,4004082.96759999
NHP211102284,OTHER,SR160,OTHER,OTHER,ARVILLE ST,OTHER,2021-11-30T00:00:00.000,1904,,CLARK,CLARK,,
HP22-21068,E WIGWAM AVE,,E WIGWAM AVE,GIBSON RD,,GIBSON RD,2022-10-28T00:00:00.000,835,HENDERSON,CLARK,CLARK,,
LVM230200035994,W LAKE MEAD BLVD,,W LAKE MEAD BLVD,N TORREY PINES DR,,N TORREY PINES DR,2023-02-09T00:00:00.000,1604,LAS VEGAS,CLARK,CLARK,658958.213899999,4007112.2824
NLPD2205120008698,E CAREY AVE,,E CAREY AVE,CIVIC CENTER DR,,CIVIC CENTER DR,2022-05-12T00:00:00.000,2205,NORTH LAS VEGAS,CLARK,CLARK,668928.8865,4008112.8451
LVM230300071309,S DECATUR BLVD,,S DECATUR BLVD,TROPICANA AVE,,TROPICANA AVE,2023-03-17T00:00:00.000,409,LAS VEGAS,CLARK,CLARK,661314.689899999,3996585.0029
RPD19-9114,W 4TH ST,,W 4TH ST,NEVADA ST,,NEVADA ST,2019-05-12T00:00:00.000,459,RENO,,,257683.642199999,4379272.97699999
RPD22-10939,LAKESIDE DR,,LAKESIDE DR,W MOANA LN,,W MOANA LN,2022-06-13T00:00:00.000,2203,RENO,WASHOE,WASHOE,258532.290699999,4375090.17459999
LVM190200015061,S DECATUR BLVD,,S DECATUR BLVD,W CHARLESTON BLVD,,W CHARLESTON BLVD,2019-02-04T00:00:00.000,1118,LAS VEGAS,CLARK,CLARK,661386.381099999,4003086.2736
HP22-12066,N STEPHANIE ST,,N STEPHANIE ST,E WARM SPRINGS RD,,WARM SPRINGS RD,2022-06-22T00:00:00.000,1445,HENDERSON,CLARK,CLARK,675972.8426,3991947.8429
LVM211100083810,H ST,,H ST,W VAN BUREN AVE,VAN BUREN,W VAN BUREN AVE,2021-11-20T00:00:00.000,1149,LAS VEGAS,CLARK,CLARK,666181.040599999,4006257.98599999
NHP230900241,WELLS AVE,,WELLS AVE,IR80E,,IR80E,2023-09-04T00:00:00.000,2110,RENO,WASHOE,WASHOE,259078.8595,4380075.0237
LVM221100094669,ARVILLE ST,,ARVILLE ST,DEL REY AVE,,DEL REY AVE,2022-11-25T00:00:00.000,1725,LAS VEGAS,CLARK,CLARK,661939.484199999,4002694.41789999
LVM230500027918,E DESERT INN RD,,E DESERT INN RD,S SANDHILL RD,,S SANDHILL RD,2023-05-06T00:00:00.000,1817,LAS VEGAS,CLARK,CLARK,671742.633799999,4000009.29539999
NHP220300596,SR163W,,SR163W,OTHER,MILE MARKER 14,Mile Post 14,2022-03-09T00:00:00.000,611,,CLARK,CLARK,714364.5888,3897217.10219999
RPD22-4762,KIETZKE LN,,KIETZKE LN,E PECKHAM LN,,E PECKHAM LN,2022-03-11T00:00:00.000,1823,RENO,WASHOE,WASHOE,260138.4194,4374687.02559999
WASO23-5138,VILLAGE PKWY,,VILLAGE PKWY,CHERRYLEAF CT,,CHERRYLEAF CT,2023-09-29T00:00:00.000,1631,RENO,WASHOE,WASHOE,245470.717299999,4397471.7478
LVM210600086555,E CHEYENNE AVE,,E CHEYENNE AVE,N LAS VEGAS BLVD,,N LAS VEGAS BLVD,2021-06-19T00:00:00.000,1316,LAS VEGAS,CLARK,CLARK,671401.655,4009778.33919999
LVM211100020459,S EASTERN AVE,,S EASTERN AVE,E VIKING RD,,E VIKING RD,2021-11-05T00:00:00.000,1901,LAS VEGAS,CLARK,CLARK,669275.270499999,3998723.11869999
CCSO23-212,N SALIMAN RD,,N SALIMAN RD,E WILLIAM ST,,E WILLIAM ST,2023-01-12T00:00:00.000,2341,CARSON CITY,CARSON CITY,CARSON CITY,262349.042299999,4339471.19089999
SPPD20-4386,EL RANCHO DR,,EL RANCHO DR,WILDCREEK DR,,WILDCREEK DR,2020-06-23T00:00:00.000,650,SPARKS,WASHOE,WASHOE,261698.179499999,4382670.4131
SPPD19-5328,E PRATER WY,,E PRATER WY,STATION ST,,STATION ST,2019-06-21T00:00:00.000,819,SPARKS,WASHOE,WASHOE,266054.783499999,4380451.5811
CCSO23-8082,E LONG ST,,E LONG ST,N ROOP ST,,N ROOP ST,2023-12-27T00:00:00.000,1344,CARSON CITY,CARSON CITY,CARSON CITY,261483.8819,4339726.15919999
LVM231000051952,E TROPICANA AVE,,E TROPICANA AVE,OCEAN DR,,OCEAN DR,2023-10-14T17:00:00.000,2324,LAS VEGAS,CLARK,CLARK,664762.714999999,3996688.3475
NLPD2211290022657,W CRAIG RD,,W CRAIG RD,ALLEN LN,,ALLEN LN,2022-11-29T00:00:00.000,1635,NORTH LAS VEGAS,CLARK,CLARK,662692.5804,4012023.466
LVM230900026195,S FORT APACHE RD,,S FORT APACHE RD,W ROCHELLE AVE,,W ROCHELLE AVE,2023-09-07T17:00:00.000,507,LAS VEGAS,CLARK,CLARK,653271.5848,3997624.6096
NLPD2004020005996,BASSLER ST,,BASSLER ST,,,,2020-04-01T00:00:00.000,2357,NORTH LAS VEGAS,CLARK,CLARK,669810.331799999,4007573.0382
WASD21W-00981,HARVARD WAY,,HARVARD WAY,PEDRETTI RD,,PEDRETTI RD,2021-11-03T00:00:00.000,1148,RENO,WASHOE,WASHOE,260483.220399999,4376779.3987
NHP200900651,IR580N,IR 580,IR580N,OTHER,WA10,OTHER,2020-09-10T00:00:00.000,2202,,WASHOE,WASHOE,258170.1814,4358199.4538
LVM230700107780,N EASTERN AVE,,N EASTERN AVE,SEARLES AVE,,SEARLES AVE,2023-07-25T00:00:00.000,1534,LAS VEGAS,CLARK,CLARK,669404.7328,4006130.36649999
CCSO22-2722,E WASHINGTON ST,,E WASHINGTON ST,OTHER,,N STEWART ST,2022-05-05T00:00:00.000,1515,CARSON CITY,CARSON CITY,CARSON CITY,261105.9999,4339111.8344
LVM200600003765,E LAKE MEAD BLVD,,E LAKE MEAD BLVD,LINN LN,,LINN LN,2020-06-02T00:00:00.000,10,LAS VEGAS,CLARK,CLARK,675477.020499999,4007479.40729999
LVM230400036059,N RAINBOW BLVD,,SR595,OTHER,SILVERSTREAM,SILVERSTREAM AVE,2023-04-08T00:00:00.000,2219,LAS VEGAS,CLARK,CLARK,658067.550699999,4005190.085
NLPD2308290017326,W HAMMER LN,,W HAMMER LN,ROYAL YACHT WAY,,ROYAL YACHT WAY,2023-08-29T00:00:00.000,1940,NORTH LAS VEGAS,CLARK,CLARK,664818.385599999,4014124.89069999
LVM220900003063,N TENAYA WAY,,N TENAYA WAY,EUGENE AVE,,EUGENE AVE,2022-09-01T00:00:00.000,1710,LAS VEGAS,CLARK,CLARK,657210.4336,4007521.4941
RPD19-10831,S MCCARRAN BLVD,,S MCCARRAN BLVD,KIETZKE LN,,KIETZKE LN,2019-06-07T00:00:00.000,847,RENO,WASHOE,WASHOE,259642.150399999,4373413.35879999
LVM220300110368,JOE W BROWN DR,,JOE W BROWN DR,E DESERT INN RD,,E DESERT INN RD,2022-03-27T00:00:00.000,200,LAS VEGAS,CLARK,CLARK,666589.0414,4000347.17889999
LVM230500097553,S MARYLAND PKWY,,S MARYLAND PKWY,FLAMINGO RD,,SR592,2023-05-20T00:00:00.000,647,LAS VEGAS,CLARK,CLARK,667598.4423,3998324.5642
LVM230400063508,SIMMONS ST,,SIMMONS ST,COLTON AVE,,COLTON AVE,2023-04-14T00:00:00.000,1707,NORTH LAS VEGAS,CLARK,CLARK,663618.656999999,4009984.31809999
NLPD2310310021869,WEST ST,,WEST ST,W MCDONALD AVE,,W MCDONALD AVE,2023-10-31T00:00:00.000,1758,NORTH LAS VEGAS,CLARK,CLARK,664945.165699999,4008112.10679999
LVM220900073199,S 3RD ST,,S 3RD ST,E BONNEVILLE AVE,,E BONNEVILLE AVE,2022-09-18T00:00:00.000,1831,LAS VEGAS,CLARK,CLARK,666692.576899999,4003772.93349999
NHP230700486,US95N,,US95N,US95N TO JONES BLVD INT80,,US95N TO JONES BLVD INT80,2023-07-07T00:00:00.000,2215,LAS VEGAS,CLARK,CLARK,660430.088399999,4004738.016
LVM210900002589,E CHARLESTON BLVD,,E CHARLESTON BLVD,OTHER,MOJAVE RD,OTHER,2021-09-01T00:00:00.000,1527,LAS VEGAS,CLARK,CLARK,670383.2318,4003226.52199999
RPD21-19313,KEYSTONE AVE,,KEYSTONE AVE,W 5TH ST,,W 5TH ST,2021-10-13T00:00:00.000,1905,RENO,WASHOE,WASHOE,256876.962899999,4379224.15479999
LVM220100063452,E FLAMINGO RD,,SR592,BOULDER HWY,BOULDER HWY,SR582N,2022-01-16T00:00:00.000,1757,LAS VEGAS,CLARK,CLARK,673998.647699999,3998428.42239999
RPD21-7634,KIETZKE LN,,KIETZKE LN,VASSAR ST,,VASSAR ST,2021-05-04T00:00:00.000,626,RENO,WASHOE,WASHOE,260218.094399999,4377417.70219999
LVM210400105143,OTHER,H ST,OTHER,OTHER,WEAVER AVE,OTHER,2021-04-23T00:00:00.000,2041,LAS VEGAS,CLARK,CLARK,666176.935999999,4006606.20859999
LVM200500109768,S MARYLAND PKWY,,S MARYLAND PKWY,E TWAIN AVE,,E TWAIN AVE,2020-05-22T00:00:00.000,2122,LAS VEGAS,CLARK,CLARK,667620.4674,3999039.46759999
LVM190900017272,IVY LN,,IVY LN,W MONROE AVE,,W MONROE AVE,2019-09-04T00:00:00.000,1244,LAS VEGAS,CLARK,CLARK,665893.644799999,4006021.5019
LVM220400020675,E CHARLESTON BLVD,,E CHARLESTON BLVD,S 6TH ST,S 6TH ST,S 6TH ST,2022-04-05T00:00:00.000,1710,LAS VEGAS,CLARK,CLARK,666773.9352,4003150.19779999
LVM220300003548,SIR WILLIAM WAY,SIR WILLIAMS,SIR WILLIAM WAY,OTHER,S RAMPART BLVD,S RAMPART BLVD,2022-03-01T00:00:00.000,1905,LAS VEGAS,CLARK,CLARK,653735.301799999,4003484.6016
NHP220801330,US50 W,US50 W,US50E,OTHER,SR 207,SR207,2022-08-20T00:00:00.000,357,STATELINE,DOUGLAS,DOUGLAS,245598.091199999,4317292.06919999
LVM210900042535,SCHOLAR LN,,SCHOLAR LN,N RAMPART BLVD,,N RAMPART BLVD,2021-09-10T00:00:00.000,1528,LAS VEGAS,CLARK,CLARK,654197.4844,4007147.43569999
LVM221100036931,E TWAIN AVE,,E TWAIN AVE,S MARYLAND PKWY,,S MARYLAND PKWY,2022-11-10T00:00:00.000,1807,LAS VEGAS,CLARK,CLARK,667621.516699999,3999104.03869999
RPD19-25238,W MOANA LN,,W MOANA LN,MONTEREY CIR,,MONTEREY CIR,2019-12-20T00:00:00.000,735,RENO,WASHOE,WASHOE,257054.7685,4375204.85679999
LVM190100018276,W TROPICANA AVE,,W TROPICANA AVE,S JONES BLVD,,S JONES BLVD,2019-01-04T00:00:00.000,1312,LAS VEGAS,CLARK,CLARK,659861.8706,3996492.6555
LVM210300017711,E CHARLESTON BLVD,,E CHARLESTON BLVD,S 6TH ST,,S 6TH ST,2021-03-04T00:00:00.000,1626,LAS VEGAS,CLARK,CLARK,666775.5651,4003161.3306
NHP210200035,OTHER,IR15,OTHER,OTHER,MILE MARKER 108,OTHER,2021-02-01T00:00:00.000,1225,,CLARK,CLARK,740670.3337,4072916.68249999
LVM200100111652,SWENSON ST,,SWENSON ST,NORTHROP AVE,,NORTHROP AVE,2020-01-24T00:00:00.000,1022,LAS VEGAS,CLARK,CLARK,666830.759999999,3998696.62549999
HP22-19801,BRIGHT VALLEY PL,,BRIGHT VALLEY PL,SUMMIT VALLEY LN,,SUMMIT VALLEY LN,2022-10-10T00:00:00.000,1638,HENDERSON,CLARK,CLARK,678482.401499999,3993153.75909999
NHP230102001,OTHER,IR580 S,IR580S,OTHER,WASHOE MILE MARKER 13,Mile Post 13,2023-01-24T00:00:00.000,1816,RENO,WASHOE,WASHOE,256969.2247,4349473.2594
NHP230701535,US395N,US395,US395N,INDUSTRIAL WAY,,Mile Post 20,2023-07-23T00:00:00.000,1055,,DOUGLAS,DOUGLAS,263126.474799999,4312677.8353
RPD23-11921,2ND ST,,2ND ST,GALLETTI WAY,,GALLETTI WAY,2023-07-08T00:00:00.000,1735,RENO,WASHOE,WASHOE,261013.161199999,4379013.4173
RPD21-12512,BERRUM LN,,BERRUM LN,BERRUM PL,,BERRUM PL,2021-07-13T00:00:00.000,2226,RENO,WASHOE,WASHOE,258317.0054,4375338.2641
LVM190400029187,W BONANZA RD,,W BONANZA RD,N TONOPAH DR,,N TONOPAH DR,2019-04-06T00:00:00.000,2015,LAS VEGAS,CLARK,CLARK,664428.813,4005147.5061
LVM200200102411,NARROW CANYON ST,,NARROW CANYON ST,,,,2020-02-21T00:00:00.000,1753,LAS VEGAS,CLARK,CLARK,652465.1502,4011114.68689999
NHP220900870,IR80W,,IR80W,,,Mile Post 77,2022-09-12T00:00:00.000,617,WELLS,ELKO,ELKO,675177.959099999,4552104.01439999
NHP231200274,SUN VALLEY BLVD,,SR443,OTHER,2ND,2ND AVE,2023-12-05T00:00:00.000,630,,WASHOE,WASHOE,261215.0842,4385051.83599999
RPDRP21-16471,N VIRGINIA ST,,N VIRGINIA ST,16TH ST,,16TH ST,2021-09-05T00:00:00.000,2344,RENO,WASHOE,WASHOE,257621.178399999,4381258.13629999
NLPD2001190001266,E LAKE MEAD BLVD,,E LAKE MEAD BLVD,MCDANIEL ST,,MCDANIEL ST,2020-01-19T00:00:00.000,1830,NORTH LAS VEGAS,CLARK,CLARK,668991.873399999,4007304.7464
HP19-04747,E SUNSET RD,,E SUNSET RD,ANNIE OAKLEY DR,,ANNIE OAKLEY DR,2019-03-02T00:00:00.000,1243,HENDERSON,CLARK,CLARK,672262.097199999,3993523.98579999
LVM210500085257,S MARYLAND PKWY,,S MARYLAND PKWY,VEGAS VALLEY DR,,VEGAS VALLEY DR,2021-05-18T00:00:00.000,2044,,CLARK,CLARK,667639.053899999,4000645.66569999
ELPD2020-25258,SILVER ST,,SILVER ST,3RD ST,,3RD ST,2020-12-22T00:00:00.000,1550,ELKO,ELKO,ELKO,604311.0771,4520581.27109999
LVM220600032136,ALTA DR,,ALTA DR,S DURANGO DR,,S DURANGO DR,2022-06-09T00:00:00.000,709,LAS VEGAS,CLARK,CLARK,654886.302199999,4003773.6026
NLPD2302120002986,E LAKE MEAD PKWY,,E LAKE MEAD PKWY,LAS VEGAS BOULEVARD,,LAS VEGAS BLVD,2023-02-12T00:00:00.000,1007,NORTH LAS VEGAS,CLARK,CLARK,668234.853299999,4007285.86669999
HP23-20651,SR582N,,BOULDER HWY NB,COOGAN DR,,COOGAN DR,2023-10-18T00:00:00.000,1929,HENDERSON,CLARK,CLARK,679531.6945,3992625.9195
NLPD1910040020163,W ANN RD,,W ANN RD,SAN MATEO ST,,SAN MATEO ST,2019-10-04T00:00:00.000,1220,NORTH LAS VEGAS,CLARK,CLARK,661421.3846,4014457.8834
LVM220700068606,E HARMON AVE,,E HARMON AVE,PARADISE RD,,PARADISE RD,2022-07-18T00:00:00.000,31,LAS VEGAS,CLARK,CLARK,665786.843799999,3997499.95069999
RPD22-8647,E 6TH ST,,E 6TH ST,EVANS AVE,,EVANS AVE,2022-05-10T00:00:00.000,1448,RENO,WASHOE,WASHOE,258397.910799999,4379724.8266
LVM200100071061,W CHARLESTON BLVD,,W CHARLESTON BLVD,COMMUNITY COLLEGE DR,,COMMUNITY COLLEGE DR,2020-01-15T00:00:00.000,1754,LAS VEGAS,CLARK,CLARK,659180.813599999,4003053.072
NLPD1905100009730,SIMMONS ST,,SIMMONS ST,W GILMORE AVE,,W GILMORE AVE,2019-05-10T00:00:00.000,1341,NORTH LAS VEGAS,CLARK,CLARK,663567.731399999,4010822.27429999
LVM190900065575,W CHARLESTON BLVD,,W CHARLESTON BLVD,INDIGO DR,,INDIGO DR,2019-09-14T00:00:00.000,1238,LAS VEGAS,CLARK,CLARK,651255.216199999,4002893.1206
NLPD2001130000831,ALIANTE PKWY,,ALIANTE PKWY,MOONLIGHT FALLS AVE,,MOONLIGHT FALLS AVE,2020-01-13T00:00:00.000,1750,NORTH LAS VEGAS,CLARK,CLARK,662582.8492,4019791.7069
SPPD23-9541,20TH ST,,20TH ST,PRATER WAY,,PRATER WAY,2023-12-09T00:00:00.000,1327,SPARKS,WASHOE,WASHOE,261909.254499999,4380028.69979999
LVM231000002299,HOWDY WELLS AVE,,HOWDY WELLS AVE,MT HOOD ST,,MT HOOD ST,2023-10-01T00:00:00.000,1954,LAS VEGAS,CLARK,CLARK,676671.236299999,4014409.3561
SPPD21-5907,LEPUS DR,,LEPUS DR,CENTAURUS DR,,CENTAURUS DR,2021-07-05T00:00:00.000,1830,SPARKS,WASHOE,WASHOE,270213.134499999,4388651.2857
LVM190300150908,MT HOOD ST,,MT HOOD ST,ABBEYWOOD DR,,ABBEYWOOD DR,2019-03-31T00:00:00.000,1625,LAS VEGAS,CLARK,CLARK,676719.7253,4006224.6124
NLPD2303220005740,SIMMONS ST,,SIMMONS ST,CENTENNIAL PKWY,,CENTENNIAL PKWY,2023-03-22T00:00:00.000,1802,NORTH LAS VEGAS,CLARK,CLARK,663483.605999999,4016155.5876
LVM200600027481,H ST,,H ST,W WASHINGTON AVE,,W WASHINGTON AVE,2020-06-08T00:00:00.000,1634,LAS VEGAS,CLARK,CLARK,666198.5855,4005584.24479999
LVM190100071918,SPRING MOUNTAIN RD,,SPRING MOUNTAIN RD,WYNN RD,,WYNN RD,2019-01-16T00:00:00.000,13,LAS VEGAS,CLARK,CLARK,662456.7114,3999479.4809
LVM231100060956,N EASTERN AVE,,N EASTERN AVE,E BONANZA RD,,E BONANZA RD,2023-11-16T16:00:00.000,1443,LAS VEGAS,CLARK,CLARK,669417.5903,4004884.14599999
LVM220300020032,N EASTERN AVE,,N EASTERN AVE,CEDAR AVE,,CEDAR AVE,2022-03-05T00:00:00.000,1638,LAS VEGAS,CLARK,CLARK,669455.7027,4004469.33019999
LVM200900102376,BALZAR AVE,,BALZAR AVE,N TORREY PINES DR,,N TORREY PINES DR,2020-09-23T00:00:00.000,1238,LAS VEGAS,CLARK,CLARK,658860.115299999,4007523.73939999
LVM211100039220,N DURANGO DR,,N DURANGO DR,ELKHORN RD,,ELKHORN RD,2021-11-10T00:00:00.000,1014,LAS VEGAS,CLARK,CLARK,653752.212899999,4017593.3527
LVM200200059272,N EASTERN AVE,,N EASTERN AVE,SEARLES AVE,,SEARLES AVE,2020-02-12T00:00:00.000,2121,LAS VEGAS,CLARK,CLARK,669403.814399999,4006167.559
LVM220300109644,PARADISE RD,,PARADISE RD,E SAHARA AVE,,E SAHARA AVE,2022-03-26T00:00:00.000,2041,LAS VEGAS,CLARK,CLARK,666012.500699999,4001445.70849999
LVM200900012529,E WINDMILL LN,,E WINDMILL LN,S EASTERN AVE,,S EASTERN AVE,2020-09-03T00:00:00.000,1827,,CLARK,CLARK,669527.1726,3990271.55489999
LVM191000032406,SOUTHERN HIGHLANDS PKWY,,SOUTHERN HIGHLANDS PKWY,STARR HILLS AVE,,STARR HILLS AVE,2019-10-07T00:00:00.000,1953,LAS VEGAS,CLARK,CLARK,661996.954199999,3984297.04109999
NLPD2109100015585,GOLDFIELD ST,,GOLDFIELD ST,E DEER SPRINGS WAY,,E DEER SPRINGS WAY,2021-09-10T00:00:00.000,1959,NORTH LAS VEGAS,CLARK,CLARK,667087.944899999,4017027.27749999
LVM210700043434,S SANDHILL RD,,S SANDHILL RD,E FLAMINGO RD,,E FLAMINGO RD,2021-07-09T00:00:00.000,2030,LAS VEGAS,CLARK,CLARK,671726.3523,3998424.7857
RPD19-2066,KIETZKE LN,,KIETZKE LN,,,,2019-01-30T00:00:00.000,847,RENO,WASHOE,WASHOE,,
NLPD2206010010106,E CAREY AVE,,E CAREY AVE,CIVIC CENTER DR,,CIVIC CENTER DR,2022-06-01T00:00:00.000,2240,NORTH LAS VEGAS,CLARK,CLARK,668928.8865,4008112.8451
LVM230200054632,SAMMY DAVIS JR DR,,SAMMY DAVIS JR DR,RESORT WORLD DR,,RESORT WORLD DR,2023-02-14T00:00:00.000,533,LAS VEGAS,CLARK,CLARK,664405.8869,4000118.32379999
LVM230900052164,S EASTERN AVE,,S EASTERN AVE,OTHER,E VEGAS VALLEY DR,VEGAS VALLEY DR,2023-09-15T00:00:00.000,1315,LAS VEGAS,CLARK,CLARK,669283.480499999,4000786.3296
LVM221200015527,S NELLIS BLVD,,S NELLIS BLVD,OTHER,FLAMINGO RD,FLAMINGO RD,2022-12-04T00:00:00.000,2119,LAS VEGAS,CLARK,CLARK,674163.288999999,3998717.73359999
LVM231100010096,DIAMOND HEAD DR,,DIAMOND HEAD DR,LAMB BLVD,,LAMB BLVD,2023-11-03T00:00:00.000,1908,LAS VEGAS,CLARK,CLARK,672656.566399999,4004698.0358
RPD22-8435,LAKESIDE DR,,LAKESIDE DR,GLENDA WAY,,GLENDA WAY,2022-05-07T00:00:00.000,336,RENO,WASHOE,WASHOE,258536.8709,4375190.16159999
LVM220700061393,PARADISE RD,,PARADISE RD,E NAPLES DR,,E NAPLES DR,2022-07-16T00:00:00.000,510,LAS VEGAS,CLARK,CLARK,666407.592299999,3997236.9735
LVM190800116897,E FLAMINGO RD,,E FLAMINGO RD,PARADISE RD,,PARADISE RD,2019-08-24T00:00:00.000,340,LAS VEGAS,CLARK,CLARK,666303.969999999,3998233.2094
LVM220200050944,E RUSSELL RD,,E RUSSELL RD,NEW BEGINNINGS DR,,NEW BEGINNINGS DR,2022-02-12T00:00:00.000,2253,LAS VEGAS,CLARK,CLARK,676804.3859,3995028.5076
RPD23-9392,MAZZONE AVE,,MAZZONE AVE,PARKVIEW ST,,PARKVIEW ST,2023-05-29T00:00:00.000,1917,RENO,WASHOE,WASHOE,260778.1842,4374935.25339999
NHP221201370,US95S,US95S,US95S,OTHER,US95S TO SR582 INT70,OTHER,2022-12-17T00:00:00.000,728,LAS VEGAS,CLARK,CLARK,671778.3194,4000962.1524
LVM201000066294,KAREN AVE,,KAREN AVE,JOE W BROWN DR,,JOE W BROWN DR,2020-10-15T00:00:00.000,1836,,CLARK,CLARK,666186.9582,4001083.596
NLPD2311210023257,E WASHBURN RD,,LOSEE RD,LOSEE RD,,E WASHBURN RD,2023-11-21T00:00:00.000,1918,NORTH LAS VEGAS,CLARK,CLARK,669175.8731,4013782.83479999
LVM190500082906,E CHARLESTON BLVD,,E CHARLESTON BLVD,N NELLIS BLVD,,N NELLIS BLVD,2019-05-17T00:00:00.000,1548,LAS VEGAS,CLARK,CLARK,674269.455299999,4003327.73619999
LVM230900040352,E TROPICANA AVE,,E TROPICANA AVE,PARADISE RD,,PARADISE RD,2023-09-12T00:00:00.000,844,,CLARK,CLARK,666547.1951,3996738.0931
SPPD23-2768,BARING BLVD,,BARING BLVD,VISTA BLVD,,VISTA BLVD,2023-04-14T00:00:00.000,1009,SPARKS,WASHOE,WASHOE,267562.940399999,4382234.4392
LVM210300059312,N LAS VEGAS BLVD,,N LAS VEGAS BLVD,E WASHINGTON AVE,,E WASHINGTON AVE,2021-03-13T00:00:00.000,625,LAS VEGAS,CLARK,CLARK,667787.460699999,4005658.04869999
SPPD20-174,1ST ST,,1ST ST,I ST,,I ST,2020-01-06T00:00:00.000,1410,SPARKS,WASHOE,WASHOE,264182.156,4380712.0939
NLPD2211110021589,LOSEE RD,,LOSEE RD,WINDER AVE,,WINDER AVE,2022-11-11T00:00:00.000,1815,NORTH LAS VEGAS,CLARK,CLARK,669163.6758,4014216.8649
NLPD1902160003372,E TONOPAH AVE,,E TONOPAH AVE,STATZ ST,STATZ,STATZ ST,2019-02-16T00:00:00.000,44,NORTH LAS VEGAS,CLARK,CLARK,670140.893099999,4006920.1708
LVM230500013015,E WASHINGTON AVE,,E WASHINGTON AVE,LINN LN,,LINN LN,2023-05-03T00:00:00.000,1614,LAS VEGAS,CLARK,CLARK,675500.621299999,4005843.84119999
LVM201100127225,SEARLES AVE,,SEARLES AVE,N BRUCE ST,,N BRUCE ST,2020-11-30T00:00:00.000,455,LAS VEGAS,CLARK,CLARK,668236.9276,4006055.0907
CCSO23-7760,E COLLEGE PKWY,,E COLLEGE PKWY,SHERMAN LN,,SHERMAN LN,2023-12-12T00:00:00.000,1715,CARSON CITY,CARSON CITY,CARSON CITY,264724.5908,4340593.3855
SPPD21-5560,HOWARD DR,,HOWARD DR,E LINCOLN WAY,,E LINCOLN WAY,2021-07-03T00:00:00.000,1616,SPARKS,WASHOE,WASHOE,265176.758299999,4380014.53539999
HP22-15458,CORONADO CENTER DR,,CORONADO CENTER DR,HIGHLAND CLIFF DR,,HIGHLAND CLIFF DR,2022-08-09T00:00:00.000,1514,HENDERSON,CLARK,CLARK,671125.499099999,3986596.2761
LVM210500083415,S MARYLAND PKWY,,S MARYLAND PKWY,E UNIVERSITY AVE,,E UNIVERSITY AVE,2021-05-18T00:00:00.000,1309,,CLARK,CLARK,667638.9446,3997693.7718
RPD19-23664,S VIRGINIA ST,,S VIRGINIA ST,ISBELL RD,,ISBELL RD,2019-11-26T00:00:00.000,2056,RENO,WASHOE,WASHOE,259464.2937,4375237.6664
LVM220500070639,E CHARLESTON BLVD,,E CHARLESTON BLVD,S LAS VEGAS BLVD,LAS VEGAS BLD,S LAS VEGAS BLVD,2022-05-18T00:00:00.000,423,LAS VEGAS,CLARK,CLARK,669992.0974,4003219.16559999
LVM220800043844,E TROPICANA AVE,,E TROPICANA AVE,OTHER,MORRIS ST,MORRIS ST,2022-08-11T00:00:00.000,1111,,CLARK,CLARK,674837.3607,3996829.244
LVM221000096878,W WARM SPRINGS RD,,W WARM SPRINGS RD,FOLDED MOUNTAINS WAY,,FOLDED MOUNTAINS WAY,2022-10-25T00:00:00.000,1550,LAS VEGAS,CLARK,CLARK,659566.91,3991646.67359999
LVM191200060354,N GATEWAY RD,,N GATEWAY RD,E TONOPAH AVE,,E TONOPAH AVE,2019-12-13T00:00:00.000,1458,LAS VEGAS,CLARK,CLARK,672018.4758,4006939.49129999
LVM201200092660,SPRING MOUNTAIN RD,,SPRING MOUNTAIN RD,S GRAND CANYON DR,,S GRAND CANYON DR,2020-12-22T00:00:00.000,912,LAS VEGAS,CLARK,CLARK,652427.957299999,3999268.52349999
LVM190800033887,S MARYLAND PKWY,,S MARYLAND PKWY,E BONNEVILLE AVE,,E BONNEVILLE AVE,2019-08-07T00:00:00.000,1911,LAS VEGAS,CLARK,CLARK,667626.728799999,4003304.74059999
RPD19-7518,SIERRA CENTER PKWY,,SIERRA CENTER PKWY,CAMPUS WY,,CAMPUS WY,2019-04-20T00:00:00.000,1140,RENO,WASHOE,WASHOE,260773.4002,4372144.29529999
LVM231000049097,E TROPICANA AVE,,E TROPICANA AVE,OTHER,S TOPAZ ST,OTHER,2023-10-15T00:00:00.000,104,LAS VEGAS,CLARK,CLARK,669734.249599999,3996674.2378
LVM220700088667,S DURANGO DR,,S DURANGO DR,EDNA AVE,,EDNA AVE,2022-07-22T00:00:00.000,2219,LAS VEGAS,CLARK,CLARK,654852.7345,4000495.34559999
LVM190100108272,E RUSSELL RD,,E RUSSELL RD,S NELLIS BLVD,,S NELLIS BLVD,2019-01-23T00:00:00.000,1537,LAS VEGAS,CLARK,CLARK,674309.3958,3995366.1653
ELPD2021-17097,4TH ST,,4TH ST,FIR ST,,FIR ST,2021-08-31T00:00:00.000,1523,ELKO,ELKO,ELKO,603796.9418,4521186.4975
LVM211200043707,SPRING MOUNTAIN RD,,SPRING MOUNTAIN RD,POLARIS AVE,,POLARIS AVE,2021-12-11T00:00:00.000,912,LAS VEGAS,CLARK,CLARK,663283.291699999,3999480.8175
SPPD23-8266,SPARKS BLVD,,SPARKS BLVD,MCCABE PARK ST,,MCCABE PARK ST,2023-10-27T00:00:00.000,547,SPARKS,WASHOE,WASHOE,,
LVM210900128955,S PECOS RD,,S PECOS RD,E PATRICK LN,,E PATRICK LN,2021-09-30T00:00:00.000,1439,LAS VEGAS,CLARK,CLARK,670992.438599999,3994576.48599999
SPPD216576,PRATER WAY,,PRATER WAY,PULLMAN DR,,PULLMAN DR,2021-08-04T00:00:00.000,2237,SPARKS,WASHOE,WASHOE,266410.5307,4380444.42809999
NHP190101029,OTHER,US95/EASTERN NORTHBOUND ON RAMP,OTHER,OTHER,EASTERN,OTHER,2019-01-12T00:00:00.000,1959,RENO,CLARK,CLARK,669440.2744,4004328.25
NHP210700903,SR756,,SR756,OTHER,WATERLOO,OTHER,2021-07-12T00:00:00.000,2313,,DOUGLAS,DOUGLAS,261874.064199999,4312357.8504
LVM190900064543,S NELLIS BLVD,,S NELLIS BLVD,E SAHARA AVE,,E SAHARA AVE,2019-09-14T00:00:00.000,657,LAS VEGAS,CLARK,CLARK,674050.219399999,4001602.18909999
LVM210500018469,E OWENS AVE,,E OWENS AVE,MARION DR,,MARION DR,2021-05-04T00:00:00.000,2200,,CLARK,CLARK,673591.0853,4006586.76259999
NLPD2007040010839,STRAWBERRY ROAN RD,,STRAWBERRY ROAN RD,BUCKING BRONCO RD,,BUCKING BRONCO RD,2020-07-04T00:00:00.000,1639,NORTH LAS VEGAS,CLARK,CLARK,661475.616799999,4009911.7642
LVM210400134551,PARADISE RD,,PARADISE RD,E SAHARA AVE,,E SAHARA AVE,2021-04-30T00:00:00.000,829,LAS VEGAS,CLARK,CLARK,666012.891999999,4001421.9287
LVM230200058634,SAMMY DAVIS JR DR,,SAMMY DAVIS JR DR,FRANK SINATRA DR,,FRANK SINATRA DR,2023-02-15T00:00:00.000,202,LAS VEGAS,CLARK,CLARK,663834.260499999,3998964.0338
LVM221000080316,W CHARLESTON BLVD,W CHARLESTON BLVD,W CHARLESTON BLVD,OTHER,S TONOPAH DR,OTHER,2022-10-21T00:00:00.000,1115,LAS VEGAS,CLARK,CLARK,664623.9241,4003120.66239999
LVM230600059358,W OWENS AVE,,W OWENS AVE,STOCKER ST,,STOCKER ST,2023-06-13T00:00:00.000,1425,LAS VEGAS,CLARK,CLARK,667270.184899999,4006451.3824
LVM191000135457,W TWAIN AVE,,W TWAIN AVE,ARVILLE ST,,ARVILLE ST,2019-10-29T00:00:00.000,813,LAS VEGAS,CLARK,CLARK,662057.830599999,3999055.0632
LVM190800006503,W WARM SPRINGS RD,,W WARM SPRINGS RD,S EL CAPITAN WAY,,S EL CAPITAN WAY,2019-08-02T00:00:00.000,1032,LAS VEGAS,CLARK,CLARK,654183.989099999,3991450.7006
LVM211200038004,STARR AVE,,STARR AVE,OTHER,PIONEER WAY,OTHER,2021-12-09T00:00:00.000,2225,LAS VEGAS,CLARK,CLARK,657028.896399999,3983593.2225
LVM230700037040,S LAS VEGAS BLVD,,S LAS VEGAS BLVD,E OAKEY BLVD,,E OAKEY BLVD,2023-07-08T00:00:00.000,2349,LAS VEGAS,CLARK,CLARK,666176.086099999,4002241.27009999
LVM220400114673,STEWART AVE,,STEWART AVE,OTHER,N NELLIS BLVD,SR612,2022-04-27T00:00:00.000,1708,LAS VEGAS,CLARK,CLARK,674411.417,4004164.4886
CCSO19-5967,N LOMPA LN,,N LOMPA LN,DORI WY,,DORI WY,2019-09-05T00:00:00.000,940,CARSON CITY,CARSON CITY,CARSON CITY,263365.9197,4339961.5153
LVM191000014339,SWENSON ST,,SWENSON ST,E HARMON AVE,,E HARMON AVE,2019-10-03T00:00:00.000,2223,LAS VEGAS,CLARK,CLARK,666480.2784,3997508.11769999
NLPD200630010584,E DORRELL LN,,E DORRELL LN,N 5TH ST,,N 5TH ST,2020-06-29T00:00:00.000,1500,NORTH LAS VEGAS,CLARK,CLARK,667492.7289,4017230.09979999
LVM200800014381,BOULDER HWY,,BOULDER HWY,GLEN AVE,,GLEN AVE,2020-08-04T00:00:00.000,1204,LAS VEGAS,CLARK,CLARK,670997.9269,4001606.7686
LVM230900066212,S VALLEY VIEW BLVD,,S VALLEY VIEW BLVD,TARA AVE,,TARA AVE,2023-09-18T17:00:00.000,1510,LAS VEGAS,CLARK,CLARK,662802.1184,4000840.6585
LVM221200022688,S LAS VEGAS BLVD,,S LAS VEGAS BLVD,BELLAGIO DR,,BELLAGIO DR,2022-12-06T00:00:00.000,1532,LAS VEGAS,CLARK,CLARK,664442.4762,3997886.70949999
NLPD2109010014949,RANCH HOUSE RD,,RANCH HOUSE RD,SIMMONS ST,,SIMMONS ST,2021-09-01T00:00:00.000,536,NORTH LAS VEGAS,CLARK,CLARK,663472.721599999,4015742.8562
LVM190900100974,N RANCHO DR,,N RANCHO DR,W BONANZA RD,,W BONANZA RD,2019-09-21T00:00:00.000,1651,LAS VEGAS,CLARK,CLARK,664036.940999999,4005155.91799999
LVM210200024659,TIARA FALLS ST,,TIARA FALLS ST,NAUTILUS VISTA CT,,NAUTILUS VISTA CT,2021-02-06T00:00:00.000,1257,LAS VEGAS,CLARK,CLARK,653500.252299999,4017776.3572
LVM190500106692,W TROPICANA AVE,,W TROPICANA AVE,S DECATUR BLVD,,S DECATUR BLVD,2019-05-22T00:00:00.000,1022,LAS VEGAS,CLARK,CLARK,661314.0069,3996624.6203
HP19-21285,EASTERN AVE,,EASTERN AVE,SERENE AVE,,SERENE AVE,2019-09-24T00:00:00.000,2305,,CLARK,CLARK,669529.9049,3987857.71319999
LVM221200016065,S VALLEY VIEW BLVD,,S VALLEY VIEW BLVD,FLAMINGO RD,,SR592,2022-12-05T00:00:00.000,11,,CLARK,CLARK,662894.0432,3998283.1875
FAPDTA21-0120,W WILLIAMS AVE,,W WILLIAMS AVE,TEDFORD LN,,TEDFORD LN,2021-11-19T00:00:00.000,2240,FALLON,CHURCHILL,CHURCHILL,346209.7866,4370994.888
LVM230100084576,E SERENE AVE,,E SERENE AVE,SPENCER ST,,SPENCER ST,2023-01-21T00:00:00.000,1832,LAS VEGAS,CLARK,CLARK,668821.930399999,3987850.4373
LVM230100016525,N MAIN ST,,N MAIN ST,FOREMASTER LN,,FOREMASTER LN,2023-01-04T00:00:00.000,2355,LAS VEGAS,CLARK,CLARK,667557.314799999,4006257.3319
LVM220700041602,E FLAMINGO RD,,E FLAMINGO RD,CABANA DR,,CABANA DR,2022-07-11T00:00:00.000,719,LAS VEGAS,CLARK,CLARK,674973.707999999,3998461.6282
RPD22-700,VASSAR ST,,VASSAR ST,TERMINAL WAY,,TERMINAL WAY,2022-01-12T00:00:00.000,1508,RENO,WASHOE,WASHOE,261225.4828,4377395.5864
NHP210200395,OTHER,SR 431,OTHER,OTHER,JOY LAKE RD,OTHER,2021-02-06T00:00:00.000,1555,,WASHOE,WASHOE,254273.757899999,4360696.06379999
RPD22-3122,W 7TH ST,,W 7TH ST,TASHA CT,,TASHA CT,2022-02-16T00:00:00.000,1801,RENO,WASHOE,WASHOE,254123.7346,4380051.3527
NHP201200066,OTHER,N. CARSON ST,OTHER,OTHER,SILVER OAK DR,OTHER,2020-12-02T00:00:00.000,620,,CARSON CITY,CARSON CITY,260327.3574,4341993.26209999
RPD20-4168,PLUMAS ST,,PLUMAS ST,CALIFORNIA AVE,,CALIFORNIA AVE,2020-03-01T00:00:00.000,1350,RENO,WASHOE,WASHOE,258265.238099999,4378273.24709999
LVM210900053540,US95 S,,US95 S,SR573 TO US95 S,W CRAIG RD,SR573 TO US95 S,2021-09-13T00:00:00.000,437,LAS VEGAS,CLARK,CLARK,657527.4082,4011658.91489999
LVM211000061350,WYNN RD,,WYNN RD,W TWAIN AVE,,W TWAIN AVE,2021-10-15T00:00:00.000,831,,CLARK,CLARK,662462.116299999,3999068.3559
NHP190700454,OTHER,IR15,OTHER,OTHER,MILE MARKER 63,OTHER,2019-07-06T00:00:00.000,428,,CLARK,CLARK,688132.875,4025992.0
WNPD23-0104,HANSON ST,,HANSON ST,HANSON ST,,HANSON ST,2023-01-23T00:00:00.000,1519,WINNEMUCCA,HUMBOLDT,HUMBOLDT,,
LVM220200068833,HARRIS AVE,,HARRIS AVE,MARION DR,,MARION DR,2022-02-17T00:00:00.000,731,LAS VEGAS,CLARK,CLARK,673496.2028,4005360.39709999
NHP190801874,OTHER,LAS VEGAS BOULEVARD,OTHER,OTHER,MILE MARKER 19,OTHER,2019-08-22T00:00:00.000,2239,,CLARK,CLARK,663873.7066,3978955.4645
LVM211200032656,E FLAMINGO RD,,E FLAMINGO RD,OTHER,S BURNHAM,OTHER,2021-12-08T00:00:00.000,1720,LAS VEGAS,CLARK,CLARK,667236.990699999,4004316.26339999
RPD22-21066,LINDEN ST,,LINDEN ST,YORI AVE,,YORI AVE,2022-11-10T00:00:00.000,1721,RENO,WASHOE,WASHOE,259825.023,4375951.08599999
LVM231000086603,PARADISE RD,,PARADISE RD,KAREN AVE,,KAREN AVE,2023-10-25T00:00:00.000,2015,LAS VEGAS,CLARK,CLARK,666018.5831,4001076.0313
LVM190200116059,VEGAS DR,,VEGAS DR,BURNINGWOOD LN,,BURNINGWOOD LN,2019-02-25T00:00:00.000,2236,LAS VEGAS,CLARK,CLARK,658459.5804,4006303.1246
RPD23-3355,LOCUST ST,,LOCUST ST,STEWART ST,,STEWART ST,2023-02-22T00:00:00.000,1910,RENO,WASHOE,WASHOE,259268.613499999,4378450.45419999
LVM210600007820,W SADDLE AVE,,W SADDLE AVE,S FORT APACHE RD,,S FORT APACHE RD,2021-06-02T00:00:00.000,1709,LAS VEGAS,CLARK,CLARK,653265.485,3998244.80739999
RPD21-16488,E PECKHAM LN,,E PECKHAM LN,KIETZKE LN,,KIETZKE LN,2021-09-05T00:00:00.000,234,RENO,WASHOE,WASHOE,260127.1346,4374535.16559999
LVM191000085598,E CHARLESTON BLVD,,E CHARLESTON BLVD,N LAMB BLVD,,N LAMB BLVD,2019-10-18T00:00:00.000,1635,LAS VEGAS,CLARK,CLARK,672689.6127,4003284.30069999
LVM230100084678,E SILVERADO RANCH BLVD,,E SILVERADO RANCH BLVD,S LAS VEGAS BLVD,,S LAS VEGAS BLVD,2023-01-21T00:00:00.000,1906,LAS VEGAS,CLARK,CLARK,664802.315899999,3987016.7949
UNRUN23-134,N VIRGINIA ST,,N VIRGINIA ST,16TH ST,,16TH ST,2023-03-09T00:00:00.000,1802,RENO,WASHOE,WASHOE,257621.178399999,4381258.13629999
LVM190200088592,W SAHARA AVE,,W SAHARA AVE,TEDDY DR,,TEDDY DR,2019-02-20T00:00:00.000,432,LAS VEGAS,CLARK,CLARK,663960.3739,4001494.58459999
LVM190700087922,W FLAMINGO RD,,W FLAMINGO RD,CAMERON ST,,CAMERON ST,2019-07-18T00:00:00.000,919,LAS VEGAS,CLARK,CLARK,,
LVM210100132975,W TROPICANA AVE,,W TROPICANA AVE,S VALLEY VIEW BLVD,,S VALLEY VIEW BLVD,2021-01-29T00:00:00.000,2327,,CLARK,CLARK,662946.914499999,3996656.46649999
RPD20-354,LAKESIDE DR,,LAKESIDE DR,W MOANA LN,,W MOANA LN,2020-01-06T00:00:00.000,840,RENO,WASHOE,WASHOE,258530.547299999,4375052.11449999
NHP221100668,SR582S,,BOULDER HWY,OTHER,DESERT INN ROAD,E DESERT INN RD,2022-11-09T00:00:00.000,11,LAS VEGAS,CLARK,CLARK,672248.823499999,4000239.5502
LVM211100071844,N EASTERN AVE,,N EASTERN AVE,SEARLES AVE,,SEARLES AVE,2021-11-17T00:00:00.000,1834,LAS VEGAS,CLARK,CLARK,669405.507699999,4006098.9824
LVM200900032983,E CAREY AVE,,E CAREY AVE,BLEDSOE LN,,BLEDSOE LN,2020-09-08T00:00:00.000,102,,CLARK,CLARK,674822.1424,4008281.36409999
LVM210500087644,BURNHAM AVE,,BURNHAM AVE,PEYTON DR,,PEYTON DR,2021-05-19T00:00:00.000,1024,LAS VEGAS,CLARK,CLARK,668809.497299999,4002939.9055
NHP190700985,IR80 E,IR80,IR80 E,OTHER,113EL,OTHER,2019-07-12T00:00:00.000,1100,RENO,ELKO,ELKO,726133.542999999,4532480.65599999
LVM231200066601,SPRING MOUNTAIN RD,,SPRING MOUNTAIN RD,WYNN RD,,WYNN RD,2023-12-20T00:00:00.000,937,LAS VEGAS,CLARK,CLARK,662460.974999999,3999479.6662
RPD19-24347,PANTHER DR,,PANTHER DR,N VIRGINIA ST,,N VIRGINIA ST,2019-12-07T00:00:00.000,2134,RENO,WASHOE,WASHOE,256958.524899999,4385370.173
CCSO20-43,N CARSON ST,,N CARSON ST,W WINNIE LN,,W WINNIE LN,2020-01-02T00:00:00.000,840,CARSON CITY,CARSON CITY,CARSON CITY,260996.548499999,4340309.66149999
NLPD2103220004883,E TROPICAL PKWY,,E TROPICAL PKWY,LOSEE RD,,LOSEE RD,2021-03-22T00:00:00.000,1626,NORTH LAS VEGAS,CLARK,CLARK,669141.461,4015424.55519999
LVM211100123478,RED HILLS RD,,RED HILLS RD,S FORT APACHE RD,,S FORT APACHE RD,2021-11-29T00:00:00.000,1756,LAS VEGAS,CLARK,CLARK,653364.475999999,4002047.9929
MSPD200913-28,RIVERSIDE RD,,RIVERSIDE RD,W HAFEN LN,,W HAFEN LN,2020-09-13T00:00:00.000,1934,MESQUITE,CLARK,CLARK,759322.1139,4076256.4309
LVM230500054092,W WARM SPRINGS RD,,W WARM SPRINGS RD,S RAINBOW BLVD,,S RAINBOW BLVD,2023-05-11T00:00:00.000,2049,,CLARK,CLARK,658247.531799999,3991563.78089999
LVM220100011553,LINDELL RD,,LINDELL RD,SPRING MOUNTAIN RD,,SPRING MOUNTAIN RD,2022-01-03T00:00:00.000,1330,LAS VEGAS,CLARK,CLARK,660495.213899999,3999382.01989999
LVM210300128996,S LAS VEGAS BLVD,,S LAS VEGAS BLVD,E SILVERADO RANCH BLVD,,E SILVERADO RANCH BLVD,2021-03-28T00:00:00.000,441,LAS VEGAS,CLARK,CLARK,664698.7596,3987010.62839999
RPD19-22826,MAE ANNE AVE,,MAE ANNE AVE,AMBASSADOR DR,,AMBASSADOR DR,2019-11-14T00:00:00.000,1729,RENO,WASHOE,WASHOE,251755.883399999,4379168.8395
LVM190800136377,W TWAIN AVE,,W TWAIN AVE,REDWOOD ST,,REDWOOD ST,2019-08-28T00:00:00.000,616,LAS VEGAS,CLARK,CLARK,658572.5251,3998909.05629999
NLPD2010020016311,W LAKE MEAD BLVD,,W LAKE MEAD BLVD,ALLEN LN,,ALLEN LN,2020-10-02T00:00:00.000,1420,NORTH LAS VEGAS,CLARK,CLARK,662922.9511,4007383.4945
LVM201000070787,W HACIENDA AVE,,W HACIENDA AVE,S JONES BLVD,,S JONES BLVD,2020-10-16T00:00:00.000,1845,,CLARK,CLARK,659792.2724,3995679.04549999
NHP191101088,OTHER,ROOP,OTHER,OTHER,LITTLE,OTHER,2019-11-13T00:00:00.000,709,CARSON CITY,CARSON CITY,CARSON CITY,261414.7344,4337876.0
HP20-22732,N STEPHANIE ST,,N STEPHANIE ST,W SUNSET RD,,W SUNSET RD,2020-12-26T00:00:00.000,1030,HENDERSON,CLARK,CLARK,675964.051199999,3992780.09239999
HP22-23123,SR564E,,SR564E,E GALLERIA DR,,E GALLERIA DR,2022-11-27T00:00:00.000,1855,HENDERSON,CLARK,CLARK,,
LVM200500064219,SNAKE RIVER AVE,,SNAKE RIVER AVE,GOLDEN CLIFF ST,,GOLDEN CLIFF ST,2020-05-13T00:00:00.000,1647,LAS VEGAS,CLARK,CLARK,657737.342299999,4014028.01999999
LVM210300065773,E SAHARA AVE,,E SAHARA AVE,S 6TH ST,,S 6TH ST,2021-03-14T00:00:00.000,1637,LAS VEGAS,CLARK,CLARK,666708.5921,4001497.03119999
LVM211000089797,S RAINBOW BLVD,,S RAINBOW BLVD,OTHER,W SPRING VALLEY PKWY,OTHER,2021-10-21T00:00:00.000,2153,LAS VEGAS,CLARK,CLARK,658133.7225,3997647.66889999
WNPDWPD20-1366,W WINNEMUCCA BLVD,,W WINNEMUCCA BLVD,HANSON ST,,HANSON ST,2020-11-17T00:00:00.000,1755,WINNEMUCCA,HUMBOLDT,HUMBOLDT,437644.174899999,4535528.20299999
ELSO23EL23003,LAKE AVE,,LAKE AVE,8TH ST,,8TH ST,2023-12-17T16:00:00.000,1527,WELLS,ELKO,ELKO,671020.130199999,4553300.4667
LVM221000000260,S LAS VEGAS BLVD,,S LAS VEGAS BLVD,W SERENE AVE,,W SERENE AVE,2022-10-01T00:00:00.000,120,LAS VEGAS,CLARK,CLARK,664687.792799999,3987843.8682
FAPDTA19-0190,S ALLEN ST,,S ALLEN ST,W 1ST ST,,W 1ST ST,2019-12-20T00:00:00.000,1220,FALLON,CHURCHILL,CHURCHILL,346541.690899999,4370892.69309999
FAPDTA19-0129,SERPA PL,,SERPA PL,KEPPEL ST,,KEPPEL ST,2019-09-17T00:00:00.000,715,FALLON,,,347551.4296,4371785.71509999
NHP230102016,OTHER,MARTIN LUTHER KING BOULEVARD,MARTIN L KING BLVD,OTHER,LAWRY AVENUE,LAWRY AVE,2023-01-24T00:00:00.000,2038,,CLARK,CLARK,665355.8382,4007548.93249999
HP21-19247,VIA FIRENZE,,VIA FIRENZE,ROMANESQUE ART AVE,,ROMANESQUE ART AVE,2021-10-16T00:00:00.000,1840,HENDERSON,CLARK,CLARK,669097.3096,3980239.5468
LVM221100015525,WYOMING AVE,,WYOMING AVE,LAS VEGAS BLVD,,LAS VEGAS BLVD,2022-11-04T00:00:00.000,2214,LAS VEGAS,CLARK,CLARK,666252.7899,4002396.9658
LVM210500046117,S DECATUR BLVD,,S DECATUR BLVD,SIRIUS AVE,,SIRIUS AVE,2021-05-10T00:00:00.000,1806,LAS VEGAS,CLARK,CLARK,661236.317599999,4000255.91369999
LVM230700108940,E FLAMINGO RD,,E FLAMINGO RD,JIMMY DURANTE BLVD,,JIMMY DURANTE BLVD,2023-07-25T00:00:00.000,2119,LAS VEGAS,CLARK,CLARK,675216.6732,3998443.13709999
HP23-03056,BOULDER HWY,,BOULDER HWY,W FOSTER AVE,,W FOSTER AVE,2023-02-15T00:00:00.000,1900,HENDERSON,CLARK,CLARK,679356.3277,3992763.0424
LVM220300082405,E CHARLESTON BLVD,,E CHARLESTON BLVD,S 3RD ST,,S 3RD ST,2022-03-20T00:00:00.000,1220,LAS VEGAS,CLARK,CLARK,666323.466599999,4003153.70979999
NHP200601134,OTHER,IR15 NORTHBOUND,OTHER,OTHER,MILE MARKER 11,OTHER,2020-06-20T00:00:00.000,235,,CLARK,CLARK,649706.697999999,3958482.9219
RPD22-10636,KIRMAN AVE,,KIRMAN AVE,E 2ND ST,,E 2ND ST,2022-06-09T00:00:00.000,1217,RENO,WASHOE,WASHOE,259477.5663,4379044.2892
NLPD2209210017983,JADE JAGUAR ST,,JADE JAGUAR ST,E ROME BLVD,,E ROME BLVD,2022-09-21T00:00:00.000,2036,NORTH LAS VEGAS,CLARK,CLARK,669331.5442,4016661.28529999
RPD19-13261,N ARLINGTON AVE,,N ARLINGTON AVE,W 4TH ST,,W 4TH ST,2019-07-08T00:00:00.000,0,RENO,,,257779.650299999,4379293.76869999
RPD19-23199,STEAD BLVD,,STEAD BLVD,LEAR BLVD,,LEAR BLVD,2019-11-20T00:00:00.000,1400,RENO,WASHOE,WASHOE,252723.3381,4392039.22169999
LVM220400078139,DESERT HOLLY DR,,DESERT HOLLY DR,DESERT SANDS DR,,DESERT SANDS DR,2022-04-19T00:00:00.000,649,LAS VEGAS,CLARK,CLARK,654345.374699999,4008526.2212
LVM190900075665,NEVADA AVE,,NEVADA AVE,ARDEN ST,,ARDEN ST,2019-09-16T00:00:00.000,1618,LAS VEGAS,CLARK,CLARK,673314.0695,4003220.8366
LVM221100085454,RANCHO DR,,RANCHO DR,W CAREY RD,,W CAREY RD,2022-11-23T00:00:00.000,722,LAS VEGAS,CLARK,CLARK,661916.6676,4007949.49599999
NLPD2211160021848,W CRAIG RD,,W CRAIG RD,CLAYTON ST,,CLAYTON ST,2022-11-16T00:00:00.000,623,NORTH LAS VEGAS,CLARK,CLARK,664343.8606,4012057.14299999
HP23-23522,E LAKE MEAD PKWY,,E LAKE MEAD PKWY,SR582N,,BOULDER HWY NB,2023-11-28T00:00:00.000,1547,HENDERSON,CLARK,CLARK,,
LVM210800114906,S EASTERN AVE,,S EASTERN AVE,E OAKEY BLVD,,E OAKEY BLVD,2021-08-27T00:00:00.000,1231,LAS VEGAS,CLARK,CLARK,669227.1694,4002417.76569999
RPD21-22516,STEAD BLVD,,STEAD BLVD,MOUNT ANDERSON ST,,MOUNT ANDERSON ST,2021-11-30T00:00:00.000,1551,RENO,WASHOE,WASHOE,252869.218299999,4392427.5031
LVM230300069881,S BUFFALO DR,,S BUFFALO DR,W BADURA AVE,,W BADURA AVE,2023-03-16T00:00:00.000,1940,LAS VEGAS,CLARK,CLARK,656644.3995,3992122.4001
LVM190600117974,E FLAMINGO RD,,E FLAMINGO RD,BURNHAM AVE,,BURNHAM AVE,2019-06-25T00:00:00.000,1103,LAS VEGAS,CLARK,CLARK,668764.575,3998292.88489999
LVM221000066173,W FLAMINGO RD,,W FLAMINGO RD,S FORT APACHE RD,,S FORT APACHE RD,2022-10-17T00:00:00.000,2055,LAS VEGAS,CLARK,CLARK,653270.3393,3998037.9833
LVM211100031906,E LAKE MEAD BLVD,E LAKE MEAD BLVD,E LAKE MEAD BLVD,N HOLLYWOOD BLVD,N HOLLYWOOD BLVD,N HOLLYWOOD BLVD,2021-11-08T00:00:00.000,1537,LAS VEGAS,CLARK,CLARK,677553.5809,4007452.8241
LVM220200109276,30TH ST,,POPLAR AVE,POPLAR AVE,,30TH ST,2022-02-26T00:00:00.000,1901,LAS VEGAS,CLARK,CLARK,670179.7763,4004361.5883
LVM220200011352,S EASTERN AVE,,S EASTERN AVE,E WINDMILL LN,,E WINDMILL LN,2022-02-03T00:00:00.000,1547,LAS VEGAS,CLARK,CLARK,669517.953399999,3990137.4392
LVM230100084416,E CHARLESTON BLVD,,E CHARLESTON BLVD,FALL BREEZE DR,,FALL BREEZE DR,2023-01-21T00:00:00.000,1746,LAS VEGAS,CLARK,CLARK,675279.903699999,4003386.32919999
LVM231100072547,W LAKE MEAD BLVD,,W LAKE MEAD BLVD,JONES BLVD,,JONES BLVD,2023-11-20T00:00:00.000,1841,LAS VEGAS,CLARK,CLARK,659686.817599999,4007120.5184
LVM210900059527,EDMOND ST,,EDMOND ST,W TROPICANA AVE,,W TROPICANA AVE,2021-09-14T00:00:00.000,1349,LAS VEGAS,CLARK,CLARK,660926.937099999,3996585.75999999
NLPD2112160021828,E WEBB AVE,,E WEBB AVE,CIVIC CENTER DR,,CIVIC CENTER DR,2021-12-16T00:00:00.000,1438,NORTH LAS VEGAS,CLARK,CLARK,669330.117899999,4006584.4967
NHP200901637,OTHER,RICE ROAD,OTHER,OTHER,CARSON RIVER DRIVE,OTHER,2020-09-25T00:00:00.000,1148,,CHURCHILL,CHURCHILL,347206.2197,4373416.9746
LVM230400059931,N NELLIS BLVD,,SR612,OTHER,BONANZA,E BONANZA RD,2023-04-13T00:00:00.000,2038,LAS VEGAS,CLARK,CLARK,674279.4187,4004965.6245
LVM190600129732,SIRIUS AVE,,SIRIUS AVE,ARVILLE ST,,ARVILLE ST,2019-06-27T00:00:00.000,1916,LAS VEGAS,CLARK,CLARK,662028.9927,4000273.48139999
LVM190600085007,E LAKE MEAD BLVD,,E LAKE MEAD BLVD,N GATEWAY RD,,N GATEWAY RD,2019-06-18T00:00:00.000,1404,LAS VEGAS,CLARK,CLARK,671999.718899999,4007348.1446
LVM231100049779,OTHER,SANDS,SANDS AVE,OTHER,MANHATTAN,MANHATTAN ST,2023-11-13T16:00:00.000,1905,LAS VEGAS,CLARK,CLARK,665628.0482,3999078.572
LVM221100030980,S UNIVERSITY CENTER DR,,S UNIVERSITY CENTER DR,FLAMINGO RD,,FLAMINGO RD,2022-11-09T00:00:00.000,642,,CLARK,CLARK,666830.376899999,3998552.8715
CCSO22-8081,DAN ST,,DAN ST,N ROOP ST,,N ROOP ST,2022-12-31T00:00:00.000,628,CARSON CITY,CARSON CITY,CARSON CITY,261349.629999999,4340046.6719
LVM200700074159,N EASTERN AVE,,N EASTERN AVE,E OWENS AVE,,E OWENS AVE,2020-07-17T00:00:00.000,1519,LAS VEGAS,CLARK,CLARK,669396.706299999,4006448.4274
LVM221100111257,S MARYLAND PKWY,,S MARYLAND PKWY,E PEBBLE RD,,E PEBBLE RD,2022-11-29T00:00:00.000,2226,LAS VEGAS,CLARK,CLARK,667933.3903,3988653.90709999
SPPD21-2000,E PRATER WAY,,E PRATER WAY,EL RANCHO,,EL RANCHO,2021-03-12T00:00:00.000,1230,SPARKS,WASHOE,WASHOE,261507.730999999,4379942.2681
LVM210600068350,S RANCHO DR,,S RANCHO DR,W SAHARA AVE,,W SAHARA AVE,2021-06-15T00:00:00.000,1332,LAS VEGAS,CLARK,CLARK,664359.037299999,4001498.9809
RPD21-8196,SUTRO ST,,SUTRO ST,MCCARRAN BLVD,,MCCARRAN BLVD,2021-05-12T00:00:00.000,833,RENO,WASHOE,WASHOE,259558.068599999,4382272.8931
LVM220600081385,OTHER,FREMONT,OTHER,OTHER,21ST,OTHER,2022-06-21T00:00:00.000,1631,LAS VEGAS,CLARK,CLARK,666743.3161,4004517.2826
LVM221000107028,S 1ST ST,,S 1ST ST,GARCES AVE,,GARCES AVE,2022-10-28T00:00:00.000,218,LAS VEGAS,CLARK,CLARK,666417.0252,4003741.989
LVM231100023321,W LAKE MEAD BLVD,,W LAKE MEAD BLVD,H ST,,H ST,2023-11-07T00:00:00.000,1913,LAS VEGAS,CLARK,CLARK,666059.594399999,4007228.96949999
LVM211200003268,WINNICK AVE,,WINNICK AVE,LINQ LN,,LINQ LN,2021-12-01T00:00:00.000,1751,LAS VEGAS,CLARK,CLARK,664884.5323,3998520.3537
LVM210400044755,FREMONT ST,,FREMONT ST,N 21ST ST,,N 21ST ST,2021-04-10T00:00:00.000,2010,LAS VEGAS,CLARK,CLARK,669040.9638,4003405.9238
LVM210600134693,E DESERT INN RD,,E DESERT INN RD,PECOS MCLEOD INT,,PECOS MCLEOD INT,2021-06-30T00:00:00.000,809,LAS VEGAS,CLARK,CLARK,669977.9752,3999994.9678
LVM211100093458,E FLAMINGO RD,,E FLAMINGO RD,OTHER,TAMARUS,OTHER,2021-11-22T00:00:00.000,1624,LAS VEGAS,CLARK,CLARK,668016.672199999,3998262.7116
LVM220800008772,S LAMB BLVD,,S LAMB BLVD,BOULDER HWY,,SR582N,2022-08-03T00:00:00.000,102,LAS VEGAS,CLARK,CLARK,672435.473199999,4000094.94219999
LVM221100055320,N MARYLAND PKWY,,N MARYLAND PKWY,E BONANZA RD,,E BONANZA RD,2022-11-15T00:00:00.000,1516,LAS VEGAS,CLARK,CLARK,668126.210799999,4004874.36979999
LVM190200124944,FAIRFIELD AVE,,FAIRFIELD AVE,W CINCINNATI AVE,,W CINCINNATI AVE,2019-02-27T00:00:00.000,1609,LAS VEGAS,CLARK,CLARK,665683.235199999,4001554.0931
LVM211000123475,E FLAMINGO RD,,E FLAMINGO RD,KOVAL LN,,KOVAL LN,2021-10-29T00:00:00.000,1104,LAS VEGAS,CLARK,CLARK,665314.414499999,3998209.3144
LVM19090030000,N 6TH ST,,N 6TH ST,FREMONT ST,,FREMONT ST,2019-09-07T00:00:00.000,155,LAS VEGAS,CLARK,CLARK,667335.585599999,4004275.0625
HP22-25267,E VAN WAGENEN ST,,E VAN WAGENEN ST,GREENWAY RD,,GREENWAY RD,2022-12-29T00:00:00.000,1848,HENDERSON,CLARK,CLARK,682844.270999999,3988309.0853
HP19-21667,SUNSET RD,,SUNSET RD,N GREEN VALLEY PKWY,,N GREEN VALLEY PKWY,2019-09-29T00:00:00.000,2108,HENDERSON,,,672776.843399999,3993512.17039999
LVM211100050282,OTHER,E BOULDER HIGHWAY,OTHER,OTHER,S LAMB BLVD,OTHER,2021-11-12T00:00:00.000,2049,LAS VEGAS,CLARK,CLARK,672447.470999999,4000074.77869999
LVM230600045569,W FLAMINGO RD,,W FLAMINGO RD,S BUFFALO DR,,S BUFFALO DR,2023-06-10T00:00:00.000,1255,LAS VEGAS,CLARK,CLARK,656650.214499999,3998065.51149999
RPD21-17516,CAPITOL HILL AVE,,CAPITOL HILL AVE,S WELLS AVE,,S WELLS AVE,2021-09-18T00:00:00.000,1748,RENO,WASHOE,WASHOE,259007.5173,4377183.22969999
RPD22-13976,N VIRGINIA ST,,N VIRGINIA ST,E 6TH ST,,E 6TH ST,2022-07-29T00:00:00.000,1025,RENO,WASHOE,WASHOE,258059.323099999,4379653.13179999
LVMLLV190600106681,S CASINO DR,,S CASINO DR,THOMAS EDISON DR,,THOMAS EDISON DR,2019-06-22T00:00:00.000,2313,,CLARK,CLARK,720589.202899999,3891956.04519999
NHP230701384,SUN VALLEY BLVD,SUN VALLEY,SUN VALLEY BLVD,OTHER,5TH AVENUE,5TH AVE,2023-07-20T00:00:00.000,2126,SUN VALLEY,WASHOE,WASHOE,261230.472599999,4386253.3231
ELPD23EP13362,IDAHO ST,,IDAHO ST,12TH ST,,12TH ST,2023-08-22T00:00:00.000,1635,,ELKO,ELKO,604815.7717,4521525.97289999
RPD23-19519,N MCCARRAN BLVD,,SR659,KINGS ROW,,KINGS ROW,2023-10-23T00:00:00.000,1929,RENO,WASHOE,WASHOE,254521.4742,4380853.18349999
LVM220600026753,S RAINBOW BLVD,,S RAINBOW BLVD,OTHER,E TWAIN AVE,OTHER,2022-06-07T00:00:00.000,1857,LAS VEGAS,CLARK,CLARK,658113.872999999,3998906.39699999
RPD22-19842,W 2ND ST,,W 2ND ST,WEST ST,,WEST ST,2022-10-22T00:00:00.000,50,RENO,WASHOE,WASHOE,257964.944,4378984.10089999
LVM200600068600,S DECATUR BLVD,,S DECATUR BLVD,W OAKEY BLVD,,W OAKEY BLVD,2020-06-17T00:00:00.000,2039,LAS VEGAS,CLARK,CLARK,661193.6254,4002267.96199999
NLPD2312180025053,CIVIC CENTER DR,,CIVIC CENTER DR,LAS VEGAS BLVD,,N LAS VEGAS BLVD,2023-12-18T00:00:00.000,1445,NORTH LAS VEGAS,CLARK,CLARK,669095.0415,4007854.0985
LVM211200107609,W SAHARA AVE,,W SAHARA AVE,PASEO DEL PRADO,,PASEO DEL PRADO,2021-12-27T00:00:00.000,1124,LAS VEGAS,CLARK,CLARK,663959.6875,4001504.6477
RPD22-9384,S SIERRA ST,,S SIERRA ST,COURT ST,,COURT ST,2022-05-21T00:00:00.000,2043,RENO,WASHOE,WASHOE,258190.8835,4378642.64379999
RPD23-1692,HUBBARD WAY,,HUBBARD WAY,S VIRGINIA ST,,S VIRGINIA ST,2023-01-28T00:00:00.000,1344,RENO,WASHOE,WASHOE,259250.662399999,4375880.5164
RPD19-3021,LINDEN ST,,LINDEN ST,YORI AVE,,YORI AVE,2019-02-12T00:00:00.000,905,RENO,WASHOE,WASHOE,259657.5042,4375958.41249999
NHP231100976,US395N,,US395N,PANTHER DR,,PANTHER DR,2023-11-13T00:00:00.000,1851,,WASHOE,WASHOE,257948.632,4385069.99139999
NLPD2009010014423,N LAS VEGAS BLVD,,N LAS VEGAS BLVD,E TONOPAH AVE,,E TONOPAH AVE,2020-09-01T00:00:00.000,1700,NORTH LAS VEGAS,CLARK,CLARK,667901.253499999,4006872.66379999
LVM200100057158,S LAMB BLVD,,S LAMB BLVD,RIDGEDALE AVE,,RIDGEDALE AVE,2020-01-12T00:00:00.000,2109,LAS VEGAS,CLARK,CLARK,672496.3162,4000497.48279999
LVM220900076426,PARKSIDE WAY,,PARKSIDE WAY,PARK VISTA DR,,PARK VISTA DR,2022-09-19T00:00:00.000,1524,LAS VEGAS,CLARK,CLARK,649004.211799999,4003886.4021
LVM231000106482,W TROPICANA AVE,,W TROPICANA AVE,S JONES BLVD,,S JONES BLVD,2023-10-30T17:00:00.000,1832,LAS VEGAS,CLARK,CLARK,659891.003999999,3996495.14479999
NLPD2011120018805,OTHER,PIVOT AVE,OTHER,OTHER,RIDGELAND ST,OTHER,2020-11-12T00:00:00.000,1621,NORTH LAS VEGAS,CLARK,CLARK,,
LVM231000014196,RIVA DEL GARDA PL,,RIVA DEL GARDA PL,FOLLINA LN,,FOLLINA LN,2023-10-05T00:00:00.000,744,LAS VEGAS,CLARK,CLARK,651135.598799999,4007070.10679999
RPD23-103375,S VIRGINIA ST,,S VIRGINIA ST,EXPERIENCE AV,,LOCUST ST,2023-04-05T00:00:00.000,1225,RENO,WASHOE,WASHOE,,
NHP230900237,OTHER,IR80 E.,IR80E,OTHER,ROBB DRIVE,ROBB DR,2023-09-04T00:00:00.000,2019,RENO,WASHOE,WASHOE,251965.503499999,4378035.25029999
LVM230800008193,S DECATUR BLVD,,S DECATUR BLVD,W TROPICANA AVE,,W TROPICANA AVE,2023-08-03T00:00:00.000,21,LAS VEGAS,CLARK,CLARK,661315.864199999,3996532.8953
LVM221100071133,S BRUCE ST,,S BRUCE ST,E SAHARA AVE,,E SAHARA AVE,2022-11-19T00:00:00.000,1629,LAS VEGAS,CLARK,CLARK,668649.0119,4001512.7894
LVM230600101871,S BUFFALO DR,,S BUFFALO DR,GOMER RD,,GOMER RD,2023-06-22T00:00:00.000,1237,LAS VEGAS,CLARK,CLARK,656646.063,3986717.8353
NLPD2311130022734,CAMINO AL NORTE,,CAMINO AL NORTE,OTHER,CRAIG RANCH WAY,CRAIG RANCH WAY,2023-11-12T16:00:00.000,1858,NORTH LAS VEGAS,CLARK,CLARK,,
HP23-08224,SUNRIDGE HEIGHTS PKWY,,SUNRIDGE HEIGHTS PKWY,CORONADO CENTER DR,,CORONADO CENTER DR,2023-05-03T00:00:00.000,903,HENDERSON,CLARK,CLARK,670333.485999999,3984645.99709999
LVM191000143080,S PECOS RD,,S PECOS RD,E ROCHELLE AVE,,E ROCHELLE AVE,2019-10-30T00:00:00.000,1810,LAS VEGAS,CLARK,CLARK,670936.4982,3998065.3606
LVM211200065663,E HARMON AVE,,E HARMON AVE,PARADISE RD,,PARADISE RD,2021-12-16T00:00:00.000,1517,LAS VEGAS,CLARK,CLARK,666247.0548,3997505.2278
LVM190500148409,S MOJAVE RD,,S MOJAVE RD,E TROPICANA AVE,,E TROPICANA AVE,2019-05-30T00:00:00.000,2125,LAS VEGAS,CLARK,CLARK,670559.054499999,3996908.28219999
NLPD2305280010744,N COMMERCE ST,,COMMERCE ST,E DELHI AVE,,DELHI AVE,2023-05-28T00:00:00.000,218,NORTH LAS VEGAS,CLARK,CLARK,666891.359,4010272.1444
LVM221200039589,S NELLIS BLVD,,SR612,OTHER,E DESERT INN,E DESERT INN RD,2022-12-10T00:00:00.000,1759,LAS VEGAS,CLARK,CLARK,674089.911799999,4000058.90059999
NHP210200806,SR443,,SR443,E 2ND AVE,2ND,E 2ND AVE,2021-02-12T00:00:00.000,2236,,WASHOE,WASHOE,261215.0842,4385051.83599999
LVM210200037594,E TWAIN AVE,,E TWAIN AVE,S MARYLAND PKWY,,S MARYLAND PKWY,2021-02-09T00:00:00.000,1055,LAS VEGAS,CLARK,CLARK,667619.3837,3999103.9612
RPD21-22059,S ARLINGTON AVE,,S ARLINGTON AVE,W 2ND ST,,W 2ND ST,2021-11-23T00:00:00.000,1547,RENO,WASHOE,WASHOE,257853.047299999,4378959.2805
LVM201200003495,E FLAMINGO RD,,E FLAMINGO RD,S EASTERN AVE,,S EASTERN AVE,2020-12-01T00:00:00.000,1500,,CLARK,CLARK,669277.760099999,3998306.6235
LVM220400118618,S EASTERN AVE,,S EASTERN AVE,KAREN AVE,,KAREN AVE,2022-04-28T00:00:00.000,1450,,CLARK,CLARK,669266.2367,4001157.2451
LVM191000003694,ARVILLE ST,,ARVILLE ST,W CHARLESTON BLVD,,W CHARLESTON BLVD,2019-10-01T00:00:00.000,1739,LAS VEGAS,CLARK,CLARK,661934.548899999,4003087.3956
LVM210500046836,E CHARLESTON BLVD,,E CHARLESTON BLVD,S MARYLAND PKWY,,S MARYLAND PKWY,2021-05-10T00:00:00.000,1938,LAS VEGAS,CLARK,CLARK,667586.830199999,4003181.54099999
LVM210800078426,S LAS VEGAS BLVD,,S LAS VEGAS BLVD,E CHARLESTON BLVD,,E CHARLESTON BLVD,2021-08-19T00:00:00.000,338,LAS VEGAS,CLARK,CLARK,666612.756199999,4003101.2431
LVM200400077848,E TROPICANA AVE,,E TROPICANA AVE,WILBUR ST,,WILBUR ST,2020-04-16T00:00:00.000,1956,LAS VEGAS,CLARK,CLARK,667371.308199999,3996745.81059999
LVM200500137540,E FLAMINGO RD,,E FLAMINGO RD,BOULDER HWY,,BOULDER HWY,2020-05-28T00:00:00.000,1245,LAS VEGAS,CLARK,CLARK,674015.404799999,3998428.5855
LVM190300024717,PARADISE RD,,PARADISE RD,E HARMON AVE,,E HARMON AVE,2019-03-06T00:00:00.000,449,LAS VEGAS,CLARK,CLARK,666334.900399999,3997505.9605
LVM221000051441,W BONANZA RD,,W BONANZA RD,OTHER,MARTIN LUTHER KING JR BLVD,OTHER,2022-10-13T00:00:00.000,1928,LAS VEGAS,CLARK,CLARK,665399.635599999,4005197.18879999
LVM200100006109,SMOKE RANCH RD,,SMOKE RANCH RD,N RANCHO DR,,N RANCHO DR,2020-01-02T00:00:00.000,602,LAS VEGAS,CLARK,CLARK,661899.5881,4007943.44779999
LVM211000015724,W TROPICANA AVE,,W TROPICANA AVE,S TORREY PINES DR,,S TORREY PINES DR,2021-10-04T00:00:00.000,1904,LAS VEGAS,CLARK,CLARK,658907.862999999,3996460.0996
HP22-05656,SHADED CANYON DR,,SHADED CANYON DR,W HORIZON RIDGE PKWY,,W HORIZON RIDGE PKWY,2022-03-26T00:00:00.000,857,HENDERSON,CLARK,CLARK,678965.612599999,3988360.6311
NLPD2003030004377,BELMONT ST,,BELMONT ST,E LAKE MEAD BLVD,,E LAKE MEAD BLVD,2020-03-03T00:00:00.000,1454,NORTH LAS VEGAS,CLARK,CLARK,670205.223,4007565.7138
LVM190100063778,S CASINO CENTER BLVD,,S CASINO CENTER BLVD,FREMONT ST,,FREMONT ST,2019-01-14T00:00:00.000,937,LAS VEGAS,CLARK,CLARK,666921.627299999,4004482.5755
LVM221100110479,E OWENS AVE,,E OWENS AVE,NELLIS BLVD,,NELLIS BLVD,2022-11-29T00:00:00.000,1746,LAS VEGAS,CLARK,CLARK,674310.8183,4006633.19329999
HP21-06535,DONNER PASS DR,,DONNER PASS DR,WARM SPRINGS RD,,WARM SPRINGS RD,2021-04-13T00:00:00.000,737,HENDERSON,CLARK,CLARK,674403.015899999,3991909.9989
LVM191100010473,W POST RD,,W POST RD,S DECATUR BLVD,,S DECATUR BLVD,2019-11-03T00:00:00.000,250,LAS VEGAS,CLARK,CLARK,661715.330099999,3993803.91369999
LVM220900091986,E OGDEN AVE,,E OGDEN AVE,1ST ST,,1ST ST,2022-09-23T00:00:00.000,908,LAS VEGAS,CLARK,CLARK,666826.8424,4004688.7354
LVM211000083258,S MARYLAND PKWY,,S MARYLAND PKWY,OTHER,TROPICANA AVE,OTHER,2021-10-20T00:00:00.000,1250,LAS VEGAS,CLARK,CLARK,667716.290699999,3996570.4309
LVM220800080677,OTHER,BOULDER HWY,BOULDER HWY,OTHER,MAYORGA ST,MAYORGA ST,2022-08-20T00:00:00.000,734,LAS VEGAS,CLARK,CLARK,672550.945399999,3999965.56369999
LVM220400036034,SPRING MOUNTAIN RD,,SPRING MOUNTAIN RD,ELDON ST,,ELDON ST,2022-04-09T00:00:00.000,557,LAS VEGAS,CLARK,CLARK,661784.7664,3999454.95179999
LVM191000074796,W FLAMINGO RD,,W FLAMINGO RD,DELOS DR,,DELOS DR,2019-10-16T00:00:00.000,1236,LAS VEGAS,CLARK,CLARK,661001.238599999,3998218.31399999
NLPD2302160003270,ALIANTE PKWY,,ALIANTE PKWY,DEER SPRINGS WAY,,DEER SPRINGS WAY,2023-02-16T00:00:00.000,1455,NORTH LAS VEGAS,CLARK,CLARK,663704.0932,4016990.20329999
LVM220900058104,PARADISE VILLAGE WAY,,PARADISE VILLAGE WAY,S EASTERN AVE,,S EASTERN AVE,2022-09-14T00:00:00.000,2331,LAS VEGAS,CLARK,CLARK,669346.3486,3996386.7113
LVM201100046016,W SAHARA AVE,,W SAHARA AVE,ARVILLE ST,,ARVILLE ST,2020-11-11T00:00:00.000,1731,LAS VEGAS,CLARK,CLARK,661877.876199999,4001473.1853
HP19-19247,E BASIC RD,,E BASIC RD,E TEXAS AVE,,E TEXAS AVE,2019-08-31T00:00:00.000,2345,HENDERSON,CLARK,CLARK,682199.9252,3989298.8735
NLPD2112040021110,N MARTIN L KING BLVD,,N MARTIN L KING BLVD,W CRAIG RD,,W CRAIG RD,2021-12-04T00:00:00.000,1736,NORTH LAS VEGAS,CLARK,CLARK,665163.397099999,4012069.642
RPD20-17935,S VIRGINIA ST,,S VIRGINIA ST,HUBBARD WAY,,HUBBARD WAY,2020-10-07T00:00:00.000,1957,RENO,WASHOE,WASHOE,259250.144899999,4375881.9503
HP22-10184,N GREEN VALLEY PKWY,,N GREEN VALLEY PKWY,WINDMILL PKWY,,WINDMILL PKWY,2022-05-25T00:00:00.000,1440,HENDERSON,CLARK,CLARK,,
LVM201000072279,S MARYLAND PKWY,,S MARYLAND PKWY,E TWAIN AVE,,E TWAIN AVE,2020-10-17T00:00:00.000,36,,CLARK,CLARK,667622.430499999,3999104.0719
RPD22-7960,E 7TH ST,,E 7TH ST,EUREKA AVE,,EUREKA AVE,2022-04-29T00:00:00.000,1515,RENO,WASHOE,WASHOE,258950.6062,4379990.0173
NHP230602118,FLAMINGO RD,,SR592,OTHER,IR15 SB OFF RAMP,IR15S TO SR592 WB INT38A,2023-06-30T00:00:00.000,2056,,CLARK,CLARK,663417.316599999,3998175.4274
LVM220800079158,RANCHO DR,N RANCHO,SR599S,ARTESIA WAY,ARTESIA,ARTESIA WAY,2022-08-19T00:00:00.000,2144,LAS VEGAS,CLARK,CLARK,663579.704499999,4005764.22419999
LVM191100071198,S RAINBOW BLVD,,S RAINBOW BLVD,W HACIENDA AVE,,W HACIENDA AVE,2019-11-15T00:00:00.000,2211,LAS VEGAS,CLARK,CLARK,658183.264299999,3995630.30639999
NHP200500009,OTHER,SR582,OTHER,OTHER,LAMB BOULEVARD,OTHER,2020-04-30T00:00:00.000,2049,,CLARK,CLARK,672428.2459,4000095.0709
LVM210100028743,MAYORGA ST,,MAYORGA ST,BOULDER HWY,,BOULDER HWY,2021-01-06T00:00:00.000,2214,LAS VEGAS,CLARK,CLARK,672550.064299999,3999964.72049999
NLPD2007220011870,YALE ST,,YALE ST,E TONOPAH AVE,,E TONOPAH AVE,2020-07-22T00:00:00.000,2107,NORTH LAS VEGAS,CLARK,CLARK,667613.8775,4006983.1235
LVM220800020569,N MAIN ST,,N MAIN ST,WASHINGTON AVE,,WASHINGTON AVE,2022-08-05T00:00:00.000,2022,LAS VEGAS,CLARK,CLARK,667251.265899999,4005651.8023
LVM220100073493,LINDEN AVE,,LINDEN AVE,N 15TH ST,,N 15TH ST,2022-01-19T00:00:00.000,1009,LAS VEGAS,CLARK,CLARK,668408.905399999,4004743.14729999
LVM230200083349,W SAHARA AVE,,W SAHARA AVE,RICHFIELD BLVD,,RICHFIELD BLVD,2023-02-20T00:00:00.000,2343,LAS VEGAS,CLARK,CLARK,663564.233099999,4001489.6403
LVM190800058488,N DECATUR BLVD,,N DECATUR BLVD,W BONANZA RD,,W BONANZA RD,2019-08-12T00:00:00.000,1505,LAS VEGAS,CLARK,CLARK,661334.695299999,4005099.15719999
LVM231000063839,N MOJAVE RD,,N MOJAVE RD,STEWART AVE,,STEWART AVE,2023-10-19T00:00:00.000,829,LAS VEGAS,CLARK,CLARK,670395.262099999,4004057.59259999
NHP220901967,OTHER,US95 SB,US95S,OTHER,JONES BLVD SB OFF RAMP,US95S TO SR596 INT80,2022-09-26T00:00:00.000,1727,LAS VEGAS,CLARK,CLARK,659141.414599999,4004669.8317
RPD22-15449,LEAR BLVD,,LEAR BLVD,CUPRITE ST,,CUPRITE ST,2022-08-19T00:00:00.000,749,RENO,WASHOE,WASHOE,252888.2898,4392031.0555
CLSD22094503,W MAULE AVE,,W MAULE AVE,PEARLAND ST,,PEARLAND ST,2022-09-07T00:00:00.000,1434,LAS VEGAS,CLARK,CLARK,652910.8661,3992249.3701
LVM201200102698,MEREDITH AVE,,MEREDITH AVE,MOUNTAIN VISTA ST,,MOUNTAIN VISTA ST,2020-12-24T00:00:00.000,1650,LAS VEGAS,CLARK,CLARK,673511.330099999,3997522.32909999
LVM191200049709,S EASTERN AVE,,S EASTERN AVE,KAREN AVE,,KAREN AVE,2019-12-11T00:00:00.000,1030,LAS VEGAS,CLARK,CLARK,669264.6374,4001192.31499999
HP22-01570,W SUNSET RD,,W SUNSET RD,N STEPHANIE ST,,N STEPHANIE ST,2022-01-25T00:00:00.000,1800,HENDERSON,CLARK,CLARK,676235.233,3992787.0894
LVM231100013165,E CHARLESTON BLVD,,SR159,OTHER,MARION DR,MARION DR,2023-11-04T00:00:00.000,1902,LAS VEGAS,CLARK,CLARK,673204.578499999,4003297.20419999
NHP230601360,SR160,SR160,SR160S,CL22,CL22,Mile Post 22,2023-06-20T00:00:00.000,1138,,CLARK,CLARK,633596.7389,3987471.1631
LVM221100081086,S MARYLAND PKWY,,S MARYLAND PKWY,VEGAS VALLEY DR,,VEGAS VALLEY DR,2022-11-22T00:00:00.000,653,LAS VEGAS,CLARK,CLARK,667637.2132,4000750.83249999
LVM230900000732,S EASTERN AVE,,S EASTERN AVE,TROPICANA AVE,,SR593,2023-09-01T00:00:00.000,735,LAS VEGAS,CLARK,CLARK,669330.399199999,3996674.0534
NLPD2212120023502,BERG ST,,BERG ST,JAY PL,,JAY PL,2022-12-12T00:00:00.000,1855,NORTH LAS VEGAS,CLARK,CLARK,669672.3228,4010381.3745
LVM231100081926,OTHER,W CHARLESTON BLVD,W CHARLESTON BLVD,OTHER,S DURANGO DR,S DURANGO DR,2023-11-23T00:00:00.000,1144,LAS VEGAS,CLARK,CLARK,654690.2054,4002963.5644
WASO22-293,MILITARY RD,,MILITARY RD,KELLY LN,,KELLY LN,2022-01-18T00:00:00.000,1738,RENO,WASHOE,WASHOE,254970.878899999,4390996.07129999
RPD20-19347,FOSTER DR,,FOSTER DR,BOOTH ST,,BOOTH ST,2020-10-30T00:00:00.000,1150,RENO,WASHOE,WASHOE,257023.9314,4377902.7192
LVM220300023256,E TWAIN AVE,,E TWAIN AVE,PALOS VERDES ST,,PALOS VERDES ST,2022-03-06T00:00:00.000,1055,LAS VEGAS,CLARK,CLARK,666441.6979,3998979.7769
LVM230200091389,H ST,,H ST,W VAN BUREN AVE,,W VAN BUREN AVE,2023-02-22T00:00:00.000,2010,LAS VEGAS,CLARK,CLARK,666181.4685,4006242.2979
LVM221000075593,E CINCINNATI AVE,,E CINCINNATI AVE,S LAMB BLVD,,S LAMB BLVD,2022-10-20T00:00:00.000,735,LAS VEGAS,CLARK,CLARK,672470.944899999,4001731.7969
LVM211000077329,W SAHARA AVE,,W SAHARA AVE,EL CAMINO RD,,EL CAMINO RD,2021-10-19T00:00:00.000,135,LAS VEGAS,CLARK,CLARK,659281.368099999,4001388.8256
LVM220300067888,W HARMON AVE,,W HARMON AVE,CAMERON ST,,CAMERON ST,2022-03-17T00:00:00.000,37,LAS VEGAS,CLARK,CLARK,661658.131,3997439.9626
LVM220800019336,KOVAL LN,,KOVAL LN,WINNICK AVE,,WINNICK AVE,2022-08-05T00:00:00.000,1435,LAS VEGAS,CLARK,CLARK,665235.2953,3998510.9184
LVM201000128471,MOUNTAIN VISTA ST,,MOUNTAIN VISTA ST,E TROPICANA AVE,,E TROPICANA AVE,2020-10-30T00:00:00.000,838,,CLARK,CLARK,673446.4817,3996789.8295
SPPD20-3716,E LINCOLN WY,,E LINCOLN WY,WINDSURFER DR,,WINDSURFER DR,2020-05-27T00:00:00.000,1950,SPARKS,WASHOE,WASHOE,265861.488599999,4379941.6148
NLPD1912170025013,BELMONT ST,,BELMONT ST,E LAKE MEAD BLVD,,E LAKE MEAD BLVD,2019-12-17T00:00:00.000,900,NORTH LAS VEGAS,CLARK,CLARK,670211.155299999,4007338.27239999
LYSO23LY01347,COTTONWOOD LN,,COTTONWOOD LN,CIRCLE DR,,CIRCLE DR,2023-03-29T00:00:00.000,726,FERNLEY,LYON,LYON,306794.2675,4385027.7781
LVM230700110484,RICHFIELD BLVD,,RICHFIELD BLVD,W SAHARA AVE,,W SAHARA AVE,2023-07-26T00:00:00.000,842,LAS VEGAS,CLARK,CLARK,663564.233099999,4001489.6403
NLPD2211040021115,CAMINO AL NORTE,,CAMINO AL NORTE,W RANCHO DEL NORTE,,RANCHO DEL NORTE DR,2022-11-04T00:00:00.000,1539,NORTH LAS VEGAS,CLARK,CLARK,665931.934999999,4013499.2552
LVM210800090531,S MARTIN L KING BLVD,,S MARTIN L KING BLVD,PINTO LN,,PINTO LN,2021-08-21T00:00:00.000,1921,LAS VEGAS,CLARK,CLARK,665369.0608,4003826.1115
NLPD2303090004801,W LAKE MEAD BLVD,,W LAKE MEAD BLVD,ENGLESTAD ST,,ENGLESTAD ST,2023-03-09T00:00:00.000,1833,NORTH LAS VEGAS,CLARK,CLARK,666542.2328,4007246.58929999
LVM220200070591,S RAINBOW BLVD,,SR595,OTHER,SPRING VALLEY NORTH,SPRING VALLEY PKWY,2022-02-17T00:00:00.000,1532,LAS VEGAS,CLARK,CLARK,658140.172199999,3997647.752
CCSO21-8182,W COLLEGE PKWY,,W COLLEGE PKWY,N CARSON ST,,N CARSON ST,2021-12-15T00:00:00.000,2031,CARSON CITY,CARSON CITY,CARSON CITY,260500.2115,4341598.695
NLPD2101100000576,N LAS VEGAS BLVD,,N LAS VEGAS BLVD,BELMONT,,BELMONT,2021-01-10T00:00:00.000,1320,NORTH LAS VEGAS,CLARK,CLARK,670105.7137,4008834.34549999
LVM190700111980,W TROPICANA AVE,,W TROPICANA AVE,POLARIS AVE,,POLARIS AVE,2019-07-23T00:00:00.000,751,LAS VEGAS,CLARK,CLARK,663332.8042,3996659.98819999
LVM210600132369,W CHEYENNE AVE,,W CHEYENNE AVE,N GRAND CANYON DR,,N GRAND CANYON DR,2021-06-29T00:00:00.000,1733,LAS VEGAS,CLARK,CLARK,652228.644899999,4009507.13269999
RPD21-21101,HOLCOMB AVE,,HOLCOMB AVE,E PUEBLO ST,,E PUEBLO ST,2021-11-09T00:00:00.000,1006,RENO,WASHOE,WASHOE,258842.610899999,4377230.9064
RPD23-102302,S VIRGINIA ST,,S VIRGINIA ST,MORAN ST,,MORAN ST,2023-03-03T00:00:00.000,1930,RENO,WASHOE,WASHOE,258440.6128,4378247.1817
NLPD2209210018925,LOSEE RD,,LOSEE RD,TROPICAL PKWY,,TROPICAL PKWY,2022-09-21T00:00:00.000,849,NORTH LAS VEGAS,CLARK,CLARK,669142.1752,4015375.7923
LVM210500013377,S DURANGO DR,,S DURANGO DR,SPRING MOUNTAIN RD,,SPRING MOUNTAIN RD,2021-05-03T00:00:00.000,2100,LAS VEGAS,CLARK,CLARK,654873.814299999,3999287.85649999
LVM190200119029,E TROPICANA AVE,,E TROPICANA AVE,S SANDHILL RD,,S SANDHILL RD,2019-02-26T00:00:00.000,1321,LAS VEGAS,CLARK,CLARK,671776.2719,3996745.7934
LVM210900007684,N NELLIS BLVD,,N NELLIS BLVD,STEWART AVE,,STEWART AVE,2021-09-02T00:00:00.000,1719,LAS VEGAS,CLARK,CLARK,674301.9353,4004150.1118
LVM231000102321,KELL LN,,KELL LN,VERDE MIRADA DR,,VERDE MIRADA DR,2023-10-30T00:00:00.000,1427,LAS VEGAS,CLARK,CLARK,673369.6216,4006987.4044
SPPD20-8194,ROCK BLVD,,ROCK BLVD,COMMERCE ST,,COMMERCE ST,2020-10-31T00:00:00.000,746,SPARKS,WASHOE,WASHOE,262546.534799999,4380788.01779999
LVM221100025873,W FLAMINGO RD,,W FLAMINGO RD,RAINBOW BLVD,,RAINBOW BLVD,2022-11-07T00:00:00.000,1947,LAS VEGAS,CLARK,CLARK,658320.9682,3998085.2454
LVM220300033196,E PEBBLE RD,,E PEBBLE RD,SPENCER ST,,SPENCER ST,2022-03-08T00:00:00.000,1905,LAS VEGAS,CLARK,CLARK,668733.5294,3988647.00229999
LVM200100040993,S EASTERN AVE,,S EASTERN AVE,OTHER,CHARLESTON BLVD,OTHER,2020-01-09T00:00:00.000,1138,LAS VEGAS,CLARK,CLARK,669209.4309,4003208.333
LVM220800070763,N NELLIS BLVD,,SR612,OTHER,JUDSON AVE,JUDSON AVE,2022-08-17T00:00:00.000,2329,LAS VEGAS,CLARK,CLARK,674220.939399999,4007892.35799999
LVM220700047623,S LAS VEGAS BLVD,,S LAS VEGAS BLVD,OTHER,SIEGFRIED AND ROY DR,OTHER,2022-07-12T00:00:00.000,1858,LAS VEGAS,CLARK,CLARK,667240.300999999,4004221.4407
LVM230400096160,HIGHLAND DR,,HIGHLAND DR,EDNA AVE,,EDNA AVE,2023-04-21T00:00:00.000,2036,LAS VEGAS,CLARK,CLARK,664337.4137,4000633.98939999
LVM231000013919,N MARTIN L KING BLVD,,N MARTIN L KING BLVD,VEGAS DR,,VEGAS DR,2023-10-05T00:00:00.000,505,LAS VEGAS,CLARK,CLARK,665372.460799999,4006576.03219999
RPD20-19996,BAKER LN,,BAKER LN,W MOANA LN,,W MOANA LN,2020-11-09T00:00:00.000,2030,RENO,WASHOE,WASHOE,259318.629399999,4374885.85879999
LVM200600105922,S NELLIS BLVD,,S NELLIS BLVD,BOULDER HWY,,BOULDER HWY,2020-06-26T00:00:00.000,1107,LAS VEGAS,CLARK,CLARK,674191.552799999,3998248.956
LVM231000095685,BOULDER HWY,BOULDER HIGHWAY,BOULDER HWY,E FLAMINGO RD,E FLAMINGO RD,E FLAMINGO RD,2023-10-25T17:00:00.000,2018,LAS VEGAS,CLARK,CLARK,673803.103799999,3998646.7191
HP23-22759,W BASIC RD,,W BASIC RD,PACIFIC AVE,,PACIFIC AVE,2023-11-17T00:00:00.000,938,HENDERSON,CLARK,CLARK,681345.236499999,3989139.8023
ELPD2020-24873,12TH ST,,12TH ST,IDAHO ST,,IDAHO ST,2020-12-16T00:00:00.000,1839,ELKO,ELKO,ELKO,604815.7717,4521525.97289999
LVM200100129053,DAVE ST,,DAVE ST,JEFFREYS ST,,JEFFREYS ST,2020-01-27T00:00:00.000,1734,LAS VEGAS,CLARK,CLARK,669337.6195,3986058.90469999
CLSD22088275,BERMUDA RD,,BERMUDA RD,SIDDALL AVE,,SIDDALL AVE,2022-08-25T00:00:00.000,700,LAS VEGAS,CLARK,CLARK,666330.478,3984439.62409999
NLPD2107070011489,E CRAIG RD,,E CRAIG RD,LOSEE RD,,LOSEE RD,2021-07-07T00:00:00.000,2058,NORTH LAS VEGAS,CLARK,CLARK,669178.5416,4012193.27569999
HP20-05149,E LAKE MEAD PKWY,,E LAKE MEAD PKWY,TAYLOR ST,,TAYLOR ST,2020-03-12T00:00:00.000,735,HENDERSON,CLARK,CLARK,681991.4012,3990425.184
HP19-06721,W GALLERIA DR,,W GALLERIA DR,PATRICK LN,,PATRICK LN,2019-03-25T00:00:00.000,1416,HENDERSON,CLARK,CLARK,674806.986299999,3994362.16829999
LVM191000119273,S LAS VEGAS BLVD,,S LAS VEGAS BLVD,BELLE SPRINGS AVE,,BELLE SPRINGS AVE,2019-10-25T00:00:00.000,1904,LAS VEGAS,CLARK,CLARK,664697.1452,3987195.68469999
LVM211200110693,E CHARLESTON BLVD,,E CHARLESTON BLVD,S PHYLLIS ST,,S PHYLLIS ST,2021-12-28T00:00:00.000,542,LAS VEGAS,CLARK,CLARK,677076.6605,4003419.4053
NLPD2209280018523,SIMMONS ST,,SIMMONS ST,W SAN MIGUEL AVE,,W SAN MIGUEL AVE,2022-09-28T00:00:00.000,1838,NORTH LAS VEGAS,CLARK,CLARK,663538.2899,4011644.3668
HP23-06062,SUNSET RD,,SR562,ANNIE OAKLEY DR,,ANNIE OAKLEY DR,2023-04-02T00:00:00.000,522,HENDERSON,CLARK,CLARK,672140.2164,3993527.07349999
LVM200300042290,E SAHARA AVE,,E SAHARA AVE,S HOLLYWOOD BLVD,,S HOLLYWOOD BLVD,2020-03-10T00:00:00.000,622,LAS VEGAS,CLARK,CLARK,677303.2105,4001774.30849999
LVM220900117305,OTHER,S CHANNEL 10 DR,CHANNEL 10 DR,OTHER,E UNIVERSITY AVE,UNIVERSITY AVE,2022-09-29T00:00:00.000,1336,LAS VEGAS,CLARK,CLARK,669089.812599999,3997698.42369999
LVM190300124175,E FLAMINGO RD,,E FLAMINGO RD,ESCONDIDO ST,,ESCONDIDO ST,2019-03-26T00:00:00.000,811,LAS VEGAS,CLARK,CLARK,667847.473299999,3998268.9997
NLPD2011120018830,N PECOS RD,,N PECOS RD,FLOWER AVE,,FLOWER AVE,2020-11-12T00:00:00.000,2140,NORTH LAS VEGAS,CLARK,CLARK,670981.7378,4007070.3867
LVM200200121036,N BUFFALO DR,,N BUFFALO DR,BEACHBAY AVE,,BEACHBAY AVE,2020-02-25T00:00:00.000,1446,LAS VEGAS,CLARK,CLARK,656459.448599999,4005986.7016
HP21-02359,IVY ST,,IVY ST,GROVE ST,,GROVE ST,2021-02-08T00:00:00.000,155,HENDERSON,CLARK,CLARK,682604.2763,3990758.74469999
LVM210500096065,RANCHO DR N,,RANCHO DR N,W BONANZA RD,,W BONANZA RD,2021-05-21T00:00:00.000,241,LAS VEGAS,CLARK,CLARK,664061.0997,4005155.10309999
LVM201100037448,E DESERT INN RD,,E DESERT INN RD,S EASTERN AVE,,S EASTERN AVE,2020-11-09T00:00:00.000,1756,,CLARK,CLARK,669301.8618,3999988.35759999
LVM230100099839,S JONES BLVD,,S JONES BLVD,W HARMON AVE,,W HARMON AVE,2023-01-25T00:00:00.000,1555,LAS VEGAS,CLARK,CLARK,659770.362599999,3997290.00149999
LVM220900090424,OTHER,ORCHARD PARK DR,ORCHARD PARK DR,OTHER,SPRUCE GOOSE ST,SPRUCE GOOSE ST,2022-09-22T00:00:00.000,2202,LAS VEGAS,CLARK,CLARK,,
LVM221000039303,BANBURRY CROSS DR,,BANBURRY CROSS DR,CRESTDALE LN,,CRESTDALE LN,2022-10-10T00:00:00.000,1852,LAS VEGAS,CLARK,CLARK,651077.473699999,4005892.8659
LVM190100094629,W RENO AVE,,W RENO AVE,S TEE PEE LN,,S TEE PEE LN,2019-01-20T00:00:00.000,2107,LAS VEGAS,CLARK,CLARK,652777.752299999,3995966.30079999
LVM230400073468,W FLAMINGO RD,,SR592,OTHER,VALLEY VIEW BLVD,S VALLEY VIEW BLVD,2023-04-16T00:00:00.000,2133,LAS VEGAS,CLARK,CLARK,662857.247899999,3998280.02229999
RPD19-23581,W 5TH ST,,W 5TH ST,KEYSTONE AVE,,KEYSTONE AVE,2019-11-25T00:00:00.000,1706,RENO,WASHOE,WASHOE,256876.962899999,4379224.15479999
SPPD20-7751,GOLDY WAY,,GOLDY WAY,BARING BLVD,,BARING BLVD,2020-10-15T00:00:00.000,2110,SPARKS,WASHOE,WASHOE,265693.989,4382068.7473
LVM190100045573,S DECATUR BLVD,,S DECATUR BLVD,W DESERT INN RD,,W DESERT INN RD,2019-01-10T00:00:00.000,723,LAS VEGAS,CLARK,CLARK,661245.5608,3999849.82479999
NLPD2209210017925,LOSEE RD,,LOSEE RD,TROPICAL PKWY,,TROPICAL PKWY,2022-09-21T00:00:00.000,849,NORTH LAS VEGAS,CLARK,CLARK,669142.1752,4015375.7923
LVM210200070476,E HARMON AVE,,E HARMON AVE,PARADISE RD,,PARADISE RD,2021-02-16T00:00:00.000,1814,LAS VEGAS,CLARK,CLARK,666364.466,3997505.9032
HP22-02698,E HORIZON DR,,E HORIZON DR,COLLEGE DR,,COLLEGE DR,2022-02-11T00:00:00.000,254,HENDERSON,CLARK,CLARK,683553.8705,3987268.3222
LVM221000097531,OTHER,S BOULDER HWY,SR582S,OTHER,E RUSSELL,E RUSSELL RD,2022-10-25T00:00:00.000,1845,LAS VEGAS,CLARK,CLARK,677120.239099999,3995113.91019999
RPD21-20295,TERMINAL WAY,,TERMINAL WAY,VILLANOVA DR,,VILLANOVA DR,2021-10-28T00:00:00.000,650,RENO,WASHOE,WASHOE,261173.6973,4376889.07139999
NYSO19NY-4206,W BELL VISTA AVE,,W BELL VISTA AVE,N LESLIE ST,,N LESLIE ST,2019-11-29T00:00:00.000,1758,,NYE,NYE,585301.950299999,4013626.71869999
LVM231200043702,W CRAIG RD,,SR573,OTHER,S JONES BLVD,JONES BLVD,2023-12-13T00:00:00.000,1826,LAS VEGAS,CLARK,CLARK,659218.4263,4011937.98369999
NLPD2011140018903,E CHEYENNE AVE,,E CHEYENNE AVE,VAN DER MEER ST,,VAN DER MEER ST,2020-11-14T00:00:00.000,908,NORTH LAS VEGAS,CLARK,CLARK,670264.405199999,4009755.06589999
NHP230701320,OTHER,IR80,IR80W,OTHER,MM128,Mile Post 128,2023-07-20T00:00:00.000,341,,PERSHING,PERSHING,390805.1917,4478486.5361
SPPD19-2092,I80EB OFF RP,,I80EB OFF RP,ROCK BL,,ROCK BL,2019-03-08T00:00:00.000,1038,SPARKS,WASHOE,WASHOE,262308.843799999,4379639.0
LVM190400016579,ARVILLE ST,,ARVILLE ST,W TOMPKINS AVE,,W TOMPKINS AVE,2019-04-04T00:00:00.000,803,LAS VEGAS,CLARK,CLARK,662094.614199999,3997060.25259999
LVM190300063830,E FLAMINGO RD,,E FLAMINGO RD,S MARYLAND PKWY,,S MARYLAND PKWY,2019-03-14T00:00:00.000,302,LAS VEGAS,CLARK,CLARK,667610.8415,3998261.5642
CLSD19100836,PATRICK LN,,PATRICK LN,W GALLERIA DR,,W GALLERIA DR,2019-09-23T00:00:00.000,1400,HENDERSON,CLARK,CLARK,675111.5208,3994376.2091
NLPD2006150009739,FOUNTAIN FALLS WAY,,FOUNTAIN FALLS WAY,W CHEYENNE AVE,,W CHEYENNE AVE,2020-06-15T00:00:00.000,5,NORTH LAS VEGAS,CLARK,CLARK,663235.7526,4009615.492
NHP210801180,OTHER,SR604 SOUTHBOUND,OTHER,OTHER,BEESLEY DRIVE,OTHER,2021-08-18T00:00:00.000,203,,CLARK,CLARK,676082.6791,4013324.38189999
LVM230400025094,W RUSSELL RD,W RUSSELL,W RUSSELL RD,S HUALAPAI WAY,S HUALAPAI,S HUALAPAI WAY,2023-04-06T00:00:00.000,1510,LAS VEGAS,CLARK,CLARK,651666.9379,3994703.43119999
NLPD2108010013033,CIVIC CENTER DR,,CIVIC CENTER DR,E CHEYENNE AVE,,E CHEYENNE AVE,2021-08-01T00:00:00.000,1516,NORTH LAS VEGAS,CLARK,CLARK,668934.302299999,4009790.5545
LVM190600109814,SPRING MOUNTAIN RD,,SPRING MOUNTAIN RD,S VALLEY VIEW BLVD,,S VALLEY VIEW BLVD,2019-06-23T00:00:00.000,1736,LAS VEGAS,CLARK,CLARK,662738.847099999,3999491.74479999
LVM200800043652,E FLAMINGO RD,,E FLAMINGO RD,S MARYLAND PKWY,,S MARYLAND PKWY,2020-08-11T00:00:00.000,155,LAS VEGAS,CLARK,CLARK,667596.5124,3998261.5
LVM210400003720,RANCHO DR N,,RANCHO DR N,RIVERSIDE DR,,RIVERSIDE DR,2021-04-01T00:00:00.000,2024,LAS VEGAS,CLARK,CLARK,663398.545099999,4006024.98489999
HP20-03334,BOULDER HWY,,BOULDER HWY,N MAJOR AVE,,N MAJOR AVE,2020-02-16T00:00:00.000,1531,,CLARK,CLARK,682793.2378,3989188.4559
RPD23-15861,TERMINAL WAY,,TERMINAL WAY,NATIONAL GUARD WAY,,NATIONAL GUARD WAY,2023-08-30T17:00:00.000,2048,RENO,WASHOE,WASHOE,260672.9142,4375780.854
LVM230900060966,S DECATUR BLVD,,S DECATUR BLVD,W NEVSO DR,,W NEVSO DR,2023-09-18T00:00:00.000,345,LAS VEGAS,CLARK,CLARK,661281.2909,3998035.00559999
LVM190200028426,S DECATUR BLVD,,S DECATUR BLVD,ALTA DR,,ALTA DR,2019-02-07T00:00:00.000,559,LAS VEGAS,CLARK,CLARK,661360.3819,4003906.73
NHP231000143,US95N,,US95N,US95N TO EASTERN AVE INT73,,US95N TO EASTERN AVE INT73,2023-10-03T00:00:00.000,503,LAS VEGAS,CLARK,CLARK,678937.0573,3989470.81469999
NYSO22NY-0468,E WILSON AVE,,BLAGG RD,OTHER,BLAGG,W WILSON RD,2022-02-08T00:00:00.000,1905,PAHRUMP,NYE,NYE,588597.224499999,4007980.4185
LVM190800011947,CHIMES TOWER AVE,,CHIMES TOWER AVE,ENCHANTED POOL ST,,ENCHANTED POOL ST,2019-08-03T00:00:00.000,1251,LAS VEGAS,CLARK,CLARK,658975.8831,3990324.994
LVM200300111712,STEWART AVE,,STEWART AVE,N 14TH ST,,N 14TH ST,2020-03-24T00:00:00.000,1341,LAS VEGAS,CLARK,CLARK,668290.3448,4004112.3592
LVM211200028873,E CHARLESTON BLVD,,E CHARLESTON BLVD,OTHER,PRINCE LN,OTHER,2021-12-07T00:00:00.000,2042,LAS VEGAS,CLARK,CLARK,672235.9943,4003293.08589999
LVM191200120357,N NELLIS BLVD,,N NELLIS BLVD,STEWART AVE,,STEWART AVE,2019-12-26T00:00:00.000,1647,LAS VEGAS,CLARK,CLARK,674299.4955,4004249.31289999
RPD23-22098,PEPPERMILL LN,,PEPPERMILL LN,S VIRGINIA ST,,S VIRGINIA ST,2023-12-01T00:00:00.000,1706,RENO,WASHOE,WASHOE,259247.795599999,4375879.481
LVM220400126323,E FLAMINGO RD,,E FLAMINGO RD,PALOS VERDES ST,PALOS VERDES,PALOS VERDES ST,2022-04-30T00:00:00.000,348,LAS VEGAS,CLARK,CLARK,666417.674599999,3998254.0195
WNPD23-0970,W WINNEMUCCA BLVD,,US95N,POTATO RD,,FOUNTAIN WAY,2023-08-21T00:00:00.000,1800,WINNEMUCCA,HUMBOLDT,HUMBOLDT,437103.062599999,4534543.17449999
LVM231000069356,S DECATUR BLVD,,S DECATUR BLVD,ACC FAIRCENTER,,ACC FAIRCENTER,2023-10-20T00:00:00.000,1844,LAS VEGAS,CLARK,CLARK,661354.941999999,4002893.75689999
NHP221102040,SR443,,SR443,DANDINI BLVD,,DANDINI BLVD,2022-11-27T00:00:00.000,622,,WASHOE,WASHOE,261046.782999999,4383832.4099
LVM230300076175,W TROPICANA AVE,,W TROPICANA AVE,CAMERON ST,,CAMERON ST,2023-03-18T00:00:00.000,520,LAS VEGAS,CLARK,CLARK,661683.267099999,3996631.86969999
LVM220800065947,S FORT APACHE RD,,W HACIENDA AVE,W HACIENDA AVE,,S FORT APACHE RD,2022-08-16T00:00:00.000,2100,LAS VEGAS,CLARK,CLARK,653514.888399999,3995561.97749999
LVM190400006681,LUCERNE ST,,LUCERNE ST,E CHARLESTON BLVD,,E CHARLESTON BLVD,2019-04-02T00:00:00.000,1007,LAS VEGAS,CLARK,CLARK,673410.6518,4003300.6698
LVM230700117581,E PEBBLE RD,,E PEBBLE RD,BERMUDA RD,,BERMUDA RD,2023-07-27T00:00:00.000,2317,LAS VEGAS,CLARK,CLARK,666278.8173,3988601.9768
SPPD23-8701,11TH ST,,11TH ST,PROSPECT AVE,,PROSPECT AVE,2023-11-11T00:00:00.000,2021,SPARKS,WASHOE,WASHOE,263059.596599999,4381105.86419999
NHP230200969,OTHER,SR160,SR160N,OTHER,PRIVATE DR,RAINBOW BLVD,2023-02-14T00:00:00.000,1748,LAS VEGAS,CLARK,CLARK,658036.518699999,3987806.87089999
LVM210900081593,E SAHARA AVE,,E SAHARA AVE,S LAS VEGAS BLVD,,S LAS VEGAS BLVD,2021-09-19T00:00:00.000,1238,LAS VEGAS,CLARK,CLARK,665876.804999999,4001457.65939999
LVM230400084363,W TROPICANA AVE,,W TROPICANA AVE,EDMOND ST,,EDMOND ST,2023-04-19T00:00:00.000,915,LAS VEGAS,CLARK,CLARK,661028.852099999,3996598.6589
LVM220900063219,PARADISE RD,,PARADISE RD,E TROPICANA AVE,,E TROPICANA AVE,2022-09-16T00:00:00.000,744,LAS VEGAS,CLARK,CLARK,666548.720999999,3996746.2376
LVM230200107176,N NELLIS BLVD,,SR612,OTHER,MONROE,E MONROE AVE,2023-02-26T00:00:00.000,1811,LAS VEGAS,CLARK,CLARK,674252.174999999,4006220.95099999
LVM190300120935,S FORT APACHE RD,,S FORT APACHE RD,W ARBY AVE,,W ARBY AVE,2019-03-25T00:00:00.000,1537,LAS VEGAS,CLARK,CLARK,653333.6178,3991857.4723
RPD23-2485,E 2ND ST,,E 2ND ST,EVANS AVE,,EVANS AVE,2023-02-09T00:00:00.000,1326,RENO,WASHOE,WASHOE,258538.0526,4379105.7233
LVM220200070702,ROGER ST,,ROGER ST,OTHER,HACIENDA AVE,HACIENDA AVE,2022-02-17T00:00:00.000,1556,LAS VEGAS,CLARK,CLARK,658448.6747,4003502.1874
RPD23-22897,S VIRGINIA ST,,S VIRGINIA ST,GENTRY WAY,,GENTRY WAY,2023-12-14T00:00:00.000,839,RENO,WASHOE,WASHOE,259405.0218,4375419.47529999
LVM210500129476,E DESERT INN RD,,E DESERT INN RD,MCLEOD DR,,MCLEOD DR,2021-05-28T00:00:00.000,911,LAS VEGAS,CLARK,CLARK,670055.104399999,3999995.84479999
LVM231200015686,S NELLIS BLVD,,SR612,OTHER,PANCHO VILLA DR,PANCHO VILLA DR,2023-12-05T00:00:00.000,1506,LAS VEGAS,CLARK,CLARK,674218.7313,3997812.22509999
HP20-20237,N WATER ST,,N WATER ST,WARM SPRINGS RD,,WARM SPRINGS RD,2020-11-17T00:00:00.000,1113,HENDERSON,CLARK,CLARK,682321.564899999,3991786.4692
NHP210900284,IR80 E,,IR80 E,OTHER,MM78,OTHER,2021-09-04T00:00:00.000,2030,,CHURCHILL,CHURCHILL,343424.459099999,4418925.46629999
LVM190900129020,S EASTERN AVE,,S EASTERN AVE,E OQUENDO RD,,E OQUENDO RD,2019-09-27T00:00:00.000,805,LAS VEGAS,CLARK,CLARK,669383.539099999,3994740.2627
NHP210401227,US395A,,US395A,OTHER,OLD MILL RD,OTHER,2021-04-17T00:00:00.000,2035,,WASHOE,WASHOE,256044.841199999,4353888.6576
LVM220300003109,S LAS VEGAS BLVD,,S LAS VEGAS BLVD,E RENO AVE,,E RENO AVE,2022-03-01T00:00:00.000,1653,LAS VEGAS,CLARK,CLARK,664476.757,3996293.8552
LVM201100121519,ARVILLE ST,,ARVILLE ST,SPRING MOUNTAIN RD,,SPRING MOUNTAIN RD,2020-11-28T00:00:00.000,1942,,CLARK,CLARK,662054.0294,3999556.2554
LVM190400148994,S BUFFALO DR,,S BUFFALO DR,PEACE WAY,,PEACE WAY,2019-04-30T00:00:00.000,1541,LAS VEGAS,CLARK,CLARK,656520.460199999,3997297.58129999
LVM200100143808,E TWAIN AVE,,E TWAIN AVE,ROYAL CREST ST,,ROYAL CREST ST,2020-01-30T00:00:00.000,1300,LAS VEGAS,CLARK,CLARK,666485.334999999,3998979.8418
NLPD2202210003254,N LAS VEGAS BLVD,,N LAS VEGAS BLVD,WILLIAMS AVE,,WILLIAMS AVE,2022-02-21T00:00:00.000,2009,NORTH LAS VEGAS,CLARK,CLARK,,
NLPD2102050002160,E CHEYENNE AVE,,E CHEYENNE AVE,CIVIC CENTER DR,,CIVIC CENTER DR,2021-02-05T00:00:00.000,2136,NORTH LAS VEGAS,CLARK,CLARK,668912.831299999,4009731.2454
NHP200500237,OTHER,US95,OTHER,OTHER,MILE MARKER 50,OTHER,2020-05-07T00:00:00.000,1008,,CLARK,CLARK,687256.8262,3972813.8715
LVM200200002257,W FLAMINGO RD,,W FLAMINGO RD,S VALLEY VIEW BLVD,,S VALLEY VIEW BLVD,2020-02-01T00:00:00.000,1256,LAS VEGAS,CLARK,CLARK,662894.4751,3998270.44009999
NHP200100971,BONANZA RD,,BONANZA RD,OTHER,MARTIN LUTHER KING BLVD,OTHER,2020-01-14T00:00:00.000,750,,CLARK,CLARK,665398.5393,4005160.331
LVM221100001422,EDMOND ST,,EDMOND ST,W TROPICANA AVE,,W TROPICANA AVE,2022-11-01T00:00:00.000,1103,LAS VEGAS,CLARK,CLARK,660934.2531,3996590.0075
LVM221200061883,N RAINBOW BLVD,,N RAINBOW BLVD,VEGAS DR,,VEGAS DR,2022-12-16T00:00:00.000,835,LAS VEGAS,CLARK,CLARK,658047.041699999,4006298.8681
HP22-07919,E HORIZON RIDGE PKWY,,HORIZON RIDGE PKWY,W HORIZON DR,,W HORIZON DR,2022-04-25T00:00:00.000,1740,HENDERSON,CLARK,CLARK,680896.2514,3987103.74469999
RPD21-113000,E 6TH ST,,E 6TH ST,MORRILL AVE,,MORRILL AVE,2021-12-11T00:00:00.000,1740,RENO,WASHOE,WASHOE,259190.862499999,4379864.80399999
DCSO20SO21835,BLUE SPRUCE CT,,BLUE SPRUCE CT,CANTEBURY DR,,CANTEBURY DR,2020-07-28T00:00:00.000,2321,,DOUGLAS,DOUGLAS,260649.136099999,4316550.1456
RPD20-10911,LONGLEY LN,,LONGLEY LN,DESOTO WAY,,DESOTO WAY,2020-06-27T00:00:00.000,347,RENO,WASHOE,WASHOE,262993.699199999,4375002.49279999
RPD23-21400,KIETZKE LN,,KIETZKE LN,E PECKHAM LN,,E PECKHAM LN,2023-11-20T00:00:00.000,1819,RENO,WASHOE,WASHOE,260131.687599999,4374595.90379999
SPPD23-1244,4TH ST,,4TH ST,I ST,,I ST,2023-02-15T00:00:00.000,28,SPARKS,WASHOE,WASHOE,263832.2867,4380730.60899999
LVM220400002063,PARADISE RD,,PARADISE RD,E HARMON AVE,,E HARMON AVE,2022-04-01T00:00:00.000,1321,LAS VEGAS,CLARK,CLARK,666336.8326,3997498.0315
LVM200100106302,BURNHAM AVE,,BURNHAM AVE,VEGAS VALLEY DR,,VEGAS VALLEY DR,2020-01-23T00:00:00.000,712,LAS VEGAS,CLARK,CLARK,668882.7077,4000781.47289999
LVM220200003196,N TONOPAH DR,,N TONOPAH DR,W WASHINGTON AVE,,W WASHINGTON AVE,2022-02-01T00:00:00.000,1734,LAS VEGAS,CLARK,CLARK,664569.990799999,4005682.53179999
RPD20-15701,E PLUMB LN,,E PLUMB LN,KIRMAN AVE,,KIRMAN AVE,2020-09-05T00:00:00.000,1004,RENO,WASHOE,WASHOE,259414.5729,4376647.3857
LVM200800055091,N NELLIS BLVD,,N NELLIS BLVD,OTHER,OWENS,OTHER,2020-08-13T00:00:00.000,1641,LAS VEGAS,CLARK,CLARK,674211.3666,4008307.07029999
LVM221100098914,N MAIN ST,,N MAIN ST,FOREMASTER LN,,FOREMASTER LN,2022-11-26T00:00:00.000,1724,LAS VEGAS,CLARK,CLARK,667556.644799999,4006256.00229999
RPD20-2881,GROVE ST,,GROVE ST,KIETZKE LN,,KIETZKE LN,2020-02-11T00:00:00.000,1645,RENO,WASHOE,WASHOE,260184.1875,4376071.911
LVM210900127342,E CHARLESTON BLVD,,E CHARLESTON BLVD,OTHER,27TH ST,OTHER,2021-09-30T00:00:00.000,710,LAS VEGAS,CLARK,CLARK,669764.534699999,4003223.03119999
LVM230900072742,S RANCHO DR,,S RANCHO DR,PALOMINO LN,,PALOMINO LN,2023-09-20T17:00:00.000,1020,LAS VEGAS,CLARK,CLARK,664367.758299999,4003523.8309
LVM220100116535,N NELLIS BLVD,,SR612,OTHER,E CHARLESTON BLVD,SR159,2022-01-29T00:00:00.000,1948,LAS VEGAS,CLARK,CLARK,674299.9375,4003348.062
LVM190600034103,HIGHLAND DR,,HIGHLAND DR,W DESERT INN RD,,W DESERT INN RD,2019-06-08T00:00:00.000,319,LAS VEGAS,CLARK,CLARK,663968.8277,3999908.7441
LVM220600110116,E TROPICANA AVE,,E TROPICANA AVE,OCEAN DR,,OCEAN DR,2022-06-28T00:00:00.000,1840,LAS VEGAS,CLARK,CLARK,664830.056499999,3996689.9572
LVM201200073772,N LAMB BLVD,,N LAMB BLVD,DIAMOND HEAD DR,,DIAMOND HEAD DR,2020-12-17T00:00:00.000,2050,LAS VEGAS,CLARK,CLARK,672636.438699999,4004882.06479999
LVM201100115414,E SAHARA AVE,,E SAHARA AVE,PARADISE RD,,PARADISE RD,2020-11-27T00:00:00.000,1215,,CLARK,CLARK,666012.855899999,4001455.4163
LVM190300067368,MOUNTAIN VISTA ST,,MOUNTAIN VISTA ST,VEGAS VALLEY DR,,VEGAS VALLEY DR,2019-03-14T00:00:00.000,1936,LAS VEGAS,CLARK,CLARK,673277.014299999,4000856.3958
LVM190200048590,W VIKING RD,,W VIKING RD,WYNN RD,,WYNN RD,2019-02-11T00:00:00.000,1549,LAS VEGAS,CLARK,CLARK,662464.6549,3998666.76129999
NHP201100412,SUN VALLEY BLVD,,SUN VALLEY BLVD,OTHER,FOURTH AVENUE,OTHER,2020-11-06T00:00:00.000,1521,,WASHOE,WASHOE,261225.4841,4385847.6019
LVM191000042332,E DESERT INN RD,,E DESERT INN RD,S PECOS RD,,S PECOS RD,2019-10-09T00:00:00.000,1919,LAS VEGAS,CLARK,CLARK,670887.2504,4000005.06389999
NLPD2206150010963,E CRAIG RD,,E CRAIG RD,N 5TH ST,,N 5TH ST,2022-06-15T00:00:00.000,1732,NORTH LAS VEGAS,CLARK,CLARK,667620.658099999,4012139.2245
LVM210600046534,BOULDER HWY,,BOULDER HWY,E FLAMINGO RD,,E FLAMINGO RD,2021-06-10T00:00:00.000,1952,LAS VEGAS,CLARK,CLARK,674054.740199999,3998383.38379999
LVM211000024502,HARRIS AVE,,HARRIS AVE,N LAMB BLVD,,N LAMB BLVD,2021-10-06T00:00:00.000,1909,LAS VEGAS,CLARK,CLARK,672631.1149,4005304.6224
LVM201200055796,E SAHARA AVE,,E SAHARA AVE,BEVERLY WAY,,BEVERLY WAY,2020-12-13T00:00:00.000,1812,LAS VEGAS,CLARK,CLARK,666650.2607,4001493.43029999
LVM220100064038,WYNN RD,,WYNN RD,SPRING MOUNTAIN RD,,SPRING MOUNTAIN RD,2022-01-16T00:00:00.000,2118,LAS VEGAS,CLARK,CLARK,662458.428,3999458.33809999
LVM190600133502,S FORT APACHE RD,,S FORT APACHE RD,W HACIENDA AVE,,W HACIENDA AVE,2019-06-28T00:00:00.000,1443,LAS VEGAS,CLARK,CLARK,653280.879099999,3995553.3549
LVM230200045099,OTHER,BOULDER HWY,BOULDER HWY,OTHER,E BOULDER RANCH AVE,BOULDER RANCH AVE,2023-02-11T00:00:00.000,1953,LAS VEGAS,CLARK,CLARK,677641.4516,3994565.57469999
HP20-02625,W HORIZON RIDGE PKWY,,W HORIZON RIDGE PKWY,S GIBSON RD,,S GIBSON RD,2020-02-07T00:00:00.000,2129,HENDERSON,CLARK,CLARK,677541.728199999,3988175.8935
FAPDTA19-0113,W WILLIAMS AVE,,W WILLIAMS AVE,N BAILEY ST,,N BAILEY ST,2019-08-16T00:00:00.000,1714,FALLON,CHURCHILL,CHURCHILL,346433.3578,4370991.4833
LVM220400083601,S MARYLAND PKWY,,S MARYLAND PKWY,E SAHARA AVE,,E SAHARA AVE,2022-04-20T00:00:00.000,1056,LAS VEGAS,CLARK,CLARK,667610.735,4001538.932
LVM211100093219,OTHER,W CHARLESTON BLD,OTHER,OTHER,HINSON ST,OTHER,2021-11-22T00:00:00.000,1520,LAS VEGAS,CLARK,CLARK,662355.0685,4003094.505
WNPD21-0949,LAY ST,,LAY ST,W WINNEMUCCA BLVD,,W WINNEMUCCA BLVD,2021-08-07T00:00:00.000,1818,WINNEMUCCA,HUMBOLDT,HUMBOLDT,,
LVM230500121189,ACC FAIRCENTER,,ACC FAIRCENTER,OTHER,CHARLESTON BLVD,CHARLESTON BLVD,2023-05-24T00:00:00.000,1709,LAS VEGAS,CLARK,CLARK,661250.337199999,3999236.4461
LVM190300129646,SACKS DR,,SACKS DR,E TROPICANA AVE,,E TROPICANA AVE,2019-03-27T00:00:00.000,946,LAS VEGAS,CLARK,CLARK,674766.318199999,3996827.21529999
NLPD2309280019480,N COMMERCE ST,,N COMMERCE ST,LOYAL VALLEY AVE,,LOYAL VALLEY AVE,2023-09-28T00:00:00.000,1930,NORTH LAS VEGAS,CLARK,CLARK,666738.253299999,4014449.0676
LVM191000081512,SIERRA VISTA DR,,SIERRA VISTA DR,S MARYLAND PKWY,,S MARYLAND PKWY,2019-10-17T00:00:00.000,1851,LAS VEGAS,CLARK,CLARK,667640.679499999,3999641.86419999
NHP231201679,OTHER,US95,US95,OTHER,S RANCHO DR SB ON RAMP,S RANCHO DR SB ON RAMP,2023-12-25T00:00:00.000,1739,,CLARK,CLARK,,
LVM210100130415,E CHARLESTON BLVD,,E CHARLESTON BLVD,S LAS VEGAS BLVD,,S LAS VEGAS BLVD,2021-01-29T00:00:00.000,1442,LAS VEGAS,CLARK,CLARK,666681.1199,4003159.6883
CLSD22009514,N LAMONT ST,,N LAMONT ST,BLUE MARLIN AVE,,BLUE MARLIN AVE,2022-01-27T00:00:00.000,800,LAS VEGAS,CLARK,CLARK,673742.764399999,4012135.8394
HP19-10635,TAYLOR ST,,TAYLOR ST,SAGUARO ST,,SAGUARO ST,2019-05-10T00:00:00.000,1515,HENDERSON,,,681964.6144,3990452.8056
SPPD19-685,PRATER WY,,PRATER WY,12TH ST,,12TH ST,2019-01-23T00:00:00.000,900,SPARKS,WASHOE,WASHOE,262982.235799999,4380259.6513
LVM190300016231,N NELLIS BLVD,,N NELLIS BLVD,E OWENS AVE,,E OWENS AVE,2019-03-04T00:00:00.000,1143,LAS VEGAS,CLARK,CLARK,674243.334599999,4006630.7334
LVM190700131611,BOULDER HWY,,BOULDER HWY,E FLAMINGO RD,,E FLAMINGO RD,2019-07-26T00:00:00.000,2333,LAS VEGAS,CLARK,CLARK,674011.75,3998428.75
LVM230200099515,VEGAS DR,,VEGAS DR,N BUFFALO DR,,N BUFFALO DR,2023-02-24T00:00:00.000,1820,LAS VEGAS,CLARK,CLARK,656450.9664,4006288.35249999
NLPD2005030007521,N LAS VEGAS BLVD,,N LAS VEGAS BLVD,N PECOS RD,,N PECOS RD,2020-05-03T00:00:00.000,1643,NORTH LAS VEGAS,CLARK,CLARK,670910.7208,4009441.7257
LVM191200030300,WHISPERING TREE AVE,,WHISPERING TREE AVE,BERMUDA RD,,BERMUDA RD,2019-12-07T00:00:00.000,757,LAS VEGAS,CLARK,CLARK,666289.716199999,3986102.30189999
LVM210700061523,FREMONT ST,,FREMONT ST,E OAKEY BLVD,,E OAKEY BLVD,2021-07-13T00:00:00.000,2313,LAS VEGAS,CLARK,CLARK,670124.7196,4002474.1808
NHP230702017,SR443,,SR443,SKAGGS CIR,,SKAGGS CIR,2023-07-29T00:00:00.000,1523,,WASHOE,WASHOE,261103.1797,4384127.65289999
LVM190200095925,E SAHARA AVE,,E SAHARA AVE,PARDEE PL,,PARDEE PL,2019-02-21T00:00:00.000,1810,LAS VEGAS,CLARK,CLARK,667897.519299999,4001564.9975
NHP210702470,OTHER,SPRING MOUNTAIN ROAD,OTHER,OTHER,IR15,OTHER,2021-07-31T00:00:00.000,2104,,CLARK,CLARK,663666.194199999,3999480.277
LVM191200051994,E HARMON AVE,,E HARMON AVE,S LAS VEGAS BLVD,,S LAS VEGAS BLVD,2019-12-11T00:00:00.000,2033,LAS VEGAS,CLARK,CLARK,664533.821399999,3997487.23719999
LVM190500038108,N RAINBOW BLVD,,N RAINBOW BLVD,W LAKE MEAD BLVD,,W LAKE MEAD BLVD,2019-05-08T00:00:00.000,1753,LAS VEGAS,CLARK,CLARK,658063.096199999,4007048.90929999
NHP200800735,OTHER,IR15 SOUTHBOUND,OTHER,OTHER,MILE MARKER 61,OTHER,2020-08-11T00:00:00.000,2343,,CLARK,CLARK,686954.597799999,4023415.33589999
LVM210700001796,W SAHARA AVE,,W SAHARA AVE,S RAINBOW BLVD,,S RAINBOW BLVD,2021-07-01T00:00:00.000,1152,LAS VEGAS,CLARK,CLARK,658076.268,4001367.1632
LVM211000037706,H ST,,H ST,W MONROE AVE,MONROE AVE,W MONROE AVE,2021-10-09T00:00:00.000,1842,LAS VEGAS,CLARK,CLARK,666185.6831,4006087.0281
LVM231100021871,N NELLIS BLVD,,SR612,OTHER,CHARLESTON,SR159,2023-11-06T16:00:00.000,1144,LAS VEGAS,CLARK,CLARK,674299.947499999,4003327.64049999
LVM220800040653,W CACTUS AVE,,W CACTUS AVE,SOUTHERN HIGHLANDS PKWY,,SOUTHERN HIGHLANDS PKWY,2022-08-10T00:00:00.000,1652,LAS VEGAS,CLARK,CLARK,661559.191499999,3985281.38419999
HP20-04434,E HORIZON DR,,E HORIZON DR,ARROWHEAD TRL,,ARROWHEAD TRL,2020-03-02T00:00:00.000,1348,HENDERSON,CLARK,CLARK,683956.9373,3987277.47959999
HP22-23251,CORONADO AVE,,CORONADO AVE,W HORIZON RIDGE PKWY,,W HORIZON RIDGE PKWY,2022-11-29T00:00:00.000,1707,HENDERSON,CLARK,CLARK,,
LVM210700045654,W TROPICANA AVE,,W TROPICANA AVE,LINDELL RD,,LINDELL RD,2021-07-10T00:00:00.000,836,LAS VEGAS,CLARK,CLARK,660443.855299999,3996545.21499999
LVM230200090408,W LAKE MEAD BLVD,,W LAKE MEAD BLVD,N MARTIN L KING BLVD,,N MARTIN L KING BLVD,2023-02-22T00:00:00.000,1625,LAS VEGAS,CLARK,CLARK,665362.0367,4007223.00039999
LVM201200007951,PAGE ST,,PAGE ST,STEWART AVE,,STEWART AVE,2020-12-02T00:00:00.000,1712,LAS VEGAS,CLARK,CLARK,673064.3808,4004111.1116
LVM200100118589,CORPORATE DR,,CORPORATE DR,PARADISE RD,,PARADISE RD,2020-01-25T00:00:00.000,1847,LAS VEGAS,CLARK,CLARK,666047.2489,3998665.07269999
LVM220400019962,S DECATUR BLVD,,S DECATUR BLVD,W SAHARA AVE,,W SAHARA AVE,2022-04-05T00:00:00.000,1421,LAS VEGAS,CLARK,CLARK,661213.627299999,4001285.88529999
LVM210800132449,N DURANGO DR,,N DURANGO DR,W DEER SPRINGS WAY,,W DEER SPRINGS WAY,2021-08-31T00:00:00.000,1532,LAS VEGAS,CLARK,CLARK,653764.141499999,4016866.09119999
LVM211000115517,DOBSON DR,,DOBSON DR,N LAMB BLVD,N LAMB,N LAMB BLVD,2021-10-27T00:00:00.000,1451,LAS VEGAS,CLARK,CLARK,672539.110999999,4011181.8957
LVM200200030844,ANTELOPE WAY,,ANTELOPE WAY,ALTA DR,,ALTA DR,2020-02-07T00:00:00.000,736,LAS VEGAS,CLARK,CLARK,657320.229899999,4003830.46739999
LVM220700029266,CORAN LN,,CORAN LN,RANCHO DR,CORAN,SR599N,2022-07-08T00:00:00.000,4,LAS VEGAS,CLARK,CLARK,662514.546099999,4007159.00589999
RPD21-1627,WRONDEL WAY,,WRONDEL WAY,E GROVE ST,,E GROVE ST,2021-01-28T00:00:00.000,1209,RENO,WASHOE,WASHOE,259563.7607,4376100.20759999
LVM200800073503,STEPONIA BAY ST,,STEPONIA BAY ST,ARCATA POINT AVE,,ARCATA POINT AVE,2020-08-17T00:00:00.000,2002,LAS VEGAS,CLARK,CLARK,663558.4954,3983642.891
LVM200200038016,HOWARD DR,,HOWARD DR,S 11TH ST,,S 11TH ST,2020-02-08T00:00:00.000,1749,LAS VEGAS,CLARK,CLARK,667365.3238,4002282.21179999
WASO22-457,SUN VALLEY BLVD,,SUN VALLEY BLVD,E 5TH AVE,,E 5TH AVE,2022-01-27T00:00:00.000,1937,SUN VALLEY,WASHOE,WASHOE,261230.224399999,4386245.7071
LVM220500009992,E FLAMINGO RD,,E FLAMINGO RD,OTHER,EUCALYPTUS,OTHER,2022-05-03T00:00:00.000,1303,LAS VEGAS,CLARK,CLARK,669781.723399999,3998338.9712
LVM210900047237,OTHER,BOULDER HWY,OTHER,OTHER,MAYORGA,OTHER,2021-09-11T00:00:00.000,1711,LAS VEGAS,CLARK,CLARK,672553.578499999,3999968.08339999
LVM210900016723,S NELLIS BLVD,,S NELLIS BLVD,VEGAS VALLEY DR,VEGAS VALLEY,VEGAS VALLEY DR,2021-09-04T00:00:00.000,1823,LAS VEGAS,CLARK,CLARK,674067.306699999,4000872.1223
LVM211200051096,E SILVERADO RANCH BLVD,E SLIVERADO RANCH,E SILVERADO RANCH BLVD,BERMUDA RD,S BERMUDA RD,BERMUDA RD,2021-12-13T00:00:00.000,715,LAS VEGAS,CLARK,CLARK,664698.828499999,3987004.88189999
RPD22-8456,WRONDEL WAY,,WRONDEL WAY,E GROVE ST,,E GROVE ST,2022-05-07T00:00:00.000,1340,RENO,WASHOE,WASHOE,259563.7607,4376100.20759999
LVM190600036809,SMOKE RANCH RD,,SMOKE RANCH RD,N RANCHO DR,,N RANCHO DR,2019-06-08T00:00:00.000,1816,LAS VEGAS,CLARK,CLARK,661907.2039,4007943.14079999
LVM191100141778,S PECOS RD,,S PECOS RD,E TROPICANA AVE,,E TROPICANA AVE,2019-11-30T00:00:00.000,1643,LAS VEGAS,CLARK,CLARK,670944.400999999,3996854.3388
LVM200100112729,ARVILLE ST,,ARVILLE ST,SIRIUS AVE,,SIRIUS AVE,2020-01-24T00:00:00.000,1537,LAS VEGAS,CLARK,CLARK,662029.0294,4000272.8727
LVM200100031721,N EASTERN AVE,,N EASTERN AVE,CEDAR AVE,,CEDAR AVE,2020-01-07T00:00:00.000,1442,LAS VEGAS,CLARK,CLARK,669445.703499999,4004469.0282
NLPD2003010004260,N MARTIN L KING BLVD,,N MARTIN L KING BLVD,W BROOKS AVE,,W BROOKS AVE,2020-03-01T00:00:00.000,1927,NORTH LAS VEGAS,CLARK,CLARK,665294.630099999,4009253.1356
NHP211001820,OTHER,SR604,OTHER,OTHER,SPEEDWAY BOULEVARD,OTHER,2021-10-23T17:00:00.000,409,,CLARK,CLARK,679309.378499999,4015753.0346
LVM211000134529,S NELLIS BLVD,,SR612,E DESERT INN RD,,E DESERT INN RD,2021-10-31T00:00:00.000,2310,LAS VEGAS,CLARK,CLARK,674085.6913,4000158.48079999
RPD22-18932,STOKER AVE,,STOKER AVE,ELMCREST DR,,ELMCREST DR,2022-10-08T00:00:00.000,2137,RENO,WASHOE,WASHOE,256026.9215,4379846.3156
RPD23-10954,LEMMON DR,,LEMMON DR,SKY VISTA PKWY,,SKY VISTA PKWY,2023-06-23T00:00:00.000,1430,RENO,WASHOE,WASHOE,255433.5054,4388797.3089
LVM220300015656,S LAS VEGAS BLVD,,S LAS VEGAS BLVD,W RICHMAR AVE,RICHMAR AVE,W RICHMAR AVE,2022-03-04T00:00:00.000,1512,LAS VEGAS,CLARK,CLARK,664686.4862,3987420.57709999
LVM220400078163,E BONANZA RD,,E BONANZA RD,N EASTERN AVE,,N EASTERN AVE,2022-04-19T00:00:00.000,701,LAS VEGAS,CLARK,CLARK,669458.281799999,4004885.0625
WNPD23-0421,HIGHLAND DR,,HIGHLAND DR,LA VEGA AVE,,LA VEGA AVE,2023-04-17T00:00:00.000,129,Winnemucca,HUMBOLDT,Humboldt,439753.455699999,4535865.0471
LVM200600062428,E SAHARA AVE,,E SAHARA AVE,S MARYLAND PKWY,,S MARYLAND PKWY,2020-06-16T00:00:00.000,1309,LAS VEGAS,CLARK,CLARK,667609.4274,4001562.40179999
DCSO19SO28752,APOLLO AV,,APOLLO AV,TOIYABE AV,,TOIYABE AV,2019-09-22T00:00:00.000,2326,CARSON CITY,DOUGLAS,DOUGLAS,262985.9791,4313323.5558
LVM221100031895,S FORT APACHE RD,,S FORT APACHE RD,LAKE SOUTH DR,,LAKE SOUTH DR,2022-11-09T00:00:00.000,1124,LAS VEGAS,CLARK,CLARK,653217.829599999,4000094.8035
LVM210700105075,N DURANGO DR,,N DURANGO DR,W DORRELL LN,,W DORRELL LN,2021-07-23T00:00:00.000,1722,LAS VEGAS,CLARK,CLARK,653756.479,4017333.2728
LVM230100059345,E DESERT INN RD,,E DESERT INN RD,S MOJAVE RD,,S MOJAVE RD,2023-01-15T00:00:00.000,937,LAS VEGAS,CLARK,CLARK,670367.319899999,3999999.14839999
LVM211200109187,E CHARLESTON BLVD,,E CHARLESTON BLVD,OTHER,S 14TH ST,OTHER,2021-12-27T00:00:00.000,1920,LAS VEGAS,CLARK,CLARK,667815.968399999,4003185.5613
LVM211200063321,S VALLEY VIEW BLVD,,S VALLEY VIEW BLVD,SILVER DOLLAR AVE,,SILVER DOLLAR AVE,2021-12-16T00:00:00.000,47,LAS VEGAS,CLARK,CLARK,662803.6769,4000810.1653
LVM221100029758,S NELLIS BLVD,,SR612,OTHER,WINTERWOOD BLVD,WINTERWOOD BLVD,2022-11-08T00:00:00.000,2003,LAS VEGAS,CLARK,CLARK,674158.252999999,4002750.31059999
RPD20-22196,E 8TH ST,,E 8TH ST,N VIRGINIA ST,,N VIRGINIA ST,2020-12-19T00:00:00.000,10,RENO,WASHOE,WASHOE,257998.6758,4379938.2693
RPD22-17831,SIERRA CENTER PKWY,,SIERRA CENTER PKWY,S VIRGINIA ST,,S VIRGINIA ST,2022-09-23T00:00:00.000,1228,RENO,WASHOE,WASHOE,260547.2761,4372111.96539999
RPD22-18361,KUENZLI ST,,KUENZLI ST,S WELLS AVE,,S WELLS AVE,2022-09-30T00:00:00.000,1741,RENO,WASHOE,WASHOE,259075.5442,4379163.98709999
NHP200201668,US95,,US95,SUNSET RD,SUNSET RD,SUNSET RD,2020-02-22T00:00:00.000,1346,,CLARK,CLARK,677265.0229,3992758.68889999
ELPD2022-14318,5TH ST,,5TH ST,CEDAR ST,,CEDAR ST,2022-08-16T00:00:00.000,1911,ELKO,ELKO,ELKO,575019.8782,4507387.4361
NHP230501392,OTHER,E LAKE MEAD BLVD,SR147E,OTHER,ARNONA ST,ARNONA RD,2023-05-20T00:00:00.000,539,,CLARK,CLARK,678672.082399999,4007808.35799999
LVM211200041993,E SAHARA AVE,,E SAHARA AVE,S 17TH ST,,S 17TH ST,2021-12-10T00:00:00.000,2155,LAS VEGAS,CLARK,CLARK,668254.577899999,4001577.8329
LVM201100065988,W LAKE MEAD BLVD,,W LAKE MEAD BLVD,N BUFFALO DR,,N BUFFALO DR,2020-11-16T00:00:00.000,659,LAS VEGAS,CLARK,CLARK,656409.711199999,4007104.28749999
RPD22-14007,E 1ST ST,,E 1ST ST,CENTER ST,,CENTER ST,2022-07-29T00:00:00.000,1600,RENO,WASHOE,WASHOE,258330.351499999,4378942.59779999
NLPD2208170015435,CAMINO AL NORTE,,CAMINO AL NORTE,CRAIG RD,,W CRAIG RD,2022-08-17T00:00:00.000,2039,NORTH LAS VEGAS,CLARK,CLARK,665163.911399999,4012135.7817
LVM200700044858,E WINDMILL LN,,E WINDMILL LN,FAIRFIELD AVE,,FAIRFIELD AVE,2020-07-10T00:00:00.000,2120,LAS VEGAS,CLARK,CLARK,666082.4028,3990214.2725
LVM211100059856,E TROPICANA AVE,,E TROPICANA AVE,KOVAL LN,KOVAL LN,KOVAL LN,2021-11-15T00:00:00.000,143,LAS VEGAS,CLARK,CLARK,665286.9484,3996697.0
RPD22-347,E 2ND ST,,E 2ND ST,NATIONS PLAZA,,NATIONS PLAZA,2022-01-06T00:00:00.000,2121,RENO,WASHOE,WASHOE,,
NLPD1910280021767,N LAS VEGAS BLVD,,N LAS VEGAS BLVD,E CAREY AVE,,E CAREY AVE,2019-10-28T00:00:00.000,1957,NORTH LAS VEGAS,CLARK,CLARK,669187.0053,4008121.5383
NHP201100993,OTHER,FAIRVIEW,OTHER,OTHER,GORDON,OTHER,2020-11-13T00:00:00.000,2001,,CARSON CITY,CARSON CITY,264717.476999999,4340136.19659999
HP19-10716,E SUNSET RD,,E SUNSET RD,MOUNTAIN VISTA ST,,MOUNTAIN VISTA ST,2019-05-11T00:00:00.000,1504,HENDERSON,,,673658.829099999,3993562.8081
LVM211200065189,OTHER,PLANET HOLLYWOOD WAY,OTHER,E HARMON AVE,,E HARMON AVE,2021-12-16T00:00:00.000,1250,LAS VEGAS,CLARK,CLARK,664719.575799999,3997480.5569
RPD21-13525,N SIERRA ST,,N SIERRA ST,W COMMERCIAL ROW,,W COMMERCIAL ROW,2021-07-27T00:00:00.000,1427,RENO,WASHOE,WASHOE,258050.066899999,4379153.81
LVM230800060281,SAMMY DAVIS JR DR,,SAMMY DAVIS JR DR,OTHER,GOH TONG WAY,GOH TONG WAY,2023-08-17T00:00:00.000,1022,LAS VEGAS,CLARK,CLARK,664473.5075,4000257.6401
LVM191200084427,S PECOS RD,,S PECOS RD,E HARMON AVE,,E HARMON AVE,2019-12-18T00:00:00.000,1649,LAS VEGAS,CLARK,CLARK,670956.0037,3997599.3859
LVM230900041657,HUNTINGTON COVE PKWY,,HUNTINGTON COVE PKWY,ROYAL VICTORIA DR,,ROYAL VICTORIA DR,2023-09-12T00:00:00.000,1458,LAS VEGAS,CLARK,CLARK,652792.080099999,3989200.1041
LVM190500010619,N EL CAPITAN WAY,,N EL CAPITAN WAY,HORSE DR,,HORSE DR,2019-05-03T00:00:00.000,457,LAS VEGAS,CLARK,CLARK,653723.3424,4020128.3352
LVM210100041837,E CHARLESTON BLVD,,E CHARLESTON BLVD,MARION DR,,MARION DR,2021-01-09T00:00:00.000,2055,LAS VEGAS,CLARK,CLARK,673204.578499999,4003297.20419999
NLPD1903120005148,W OWENS AVE,,W OWENS AVE,STOCKER ST,,STOCKER ST,2019-03-12T00:00:00.000,632,NORTH LAS VEGAS,CLARK,CLARK,667272.434899999,4006451.4327
LVM200900094987,N RAINBOW BLVD,,N RAINBOW BLVD,WESTCLIFF DR,,WESTCLIFF DR,2020-09-21T00:00:00.000,2006,LAS VEGAS,CLARK,CLARK,657888.432,4004660.59589999
CLSD23091005,CIVIC CENTER DR,,CIVIC CENTER DR,DOGWOOD AVE,,DOGWOOD AVE,2023-08-23T00:00:00.000,1350,NORTH LAS VEGAS,CLARK,CLARK,668917.6095,4009008.30609999
LVM210900043442,W FLAMINGO RD,,W FLAMINGO RD,S MILLER LN,,S MILLER LN,2021-09-10T00:00:00.000,1932,LAS VEGAS,CLARK,CLARK,656309.786999999,3998069.66909999
RPD19-9143,CAPITOL HILL AVE,,CAPITOL HILL AVE,KIRMAN AVE,,KIRMAN AVE,2019-05-12T00:00:00.000,1938,RENO,WASHOE,WASHOE,259440.276999999,4377173.1535
NLPD1909130018716,REVERE ST,,REVERE ST,W CHEYENNE AVE,,W CHEYENNE AVE,2019-09-13T00:00:00.000,1616,NORTH LAS VEGAS,CLARK,CLARK,666105.4521,4009695.2836
ELPD2021-11747,COURT ST,,COURT ST,9TH ST,,9TH ST,2021-06-19T00:00:00.000,922,,ELKO,ELKO,604518.617899999,4521327.0931
NLPD2212160023765,N PECOS RD,,PECOS RD,N LAS VEGAS BLVD,,SR604N,2022-12-16T00:00:00.000,1955,NORTH LAS VEGAS,CLARK,CLARK,670920.1594,4009368.5214
RPD21-15910,S VIRGINIA ST,,S VIRGINIA ST,BRINKBY AVE,,BRINKBY AVE,2021-08-28T00:00:00.000,2151,RENO,WASHOE,WASHOE,259343.813699999,4375609.4679
RPD21-3629,MCCARRAN BLVD,,MCCARRAN BLVD,MAE ANNE AVE,,MAE ANNE AVE,2021-03-01T00:00:00.000,1546,RENO,WASHOE,WASHOE,253801.2125,4379908.4954
NLPD2110170017939,E EVANS AVE,,E EVANS AVE,BASSLER ST,,BASSLER ST,2021-10-17T00:00:00.000,2212,NORTH LAS VEGAS,CLARK,CLARK,669748.752799999,4008941.47419999
LVM230200038211,W FLAMINGO RD,,SR592,OTHER,S CAMERON ST,CAMERON ST,2023-02-10T00:00:00.000,344,LAS VEGAS,CLARK,CLARK,661633.8792,3998252.5545
LVM220900079931,S EASTERN AVE,,S EASTERN AVE,E VIKING RD,,E VIKING RD,2022-09-20T00:00:00.000,1255,,CLARK,CLARK,669278.528099999,3998512.9461
LVM220300058704,W SILVERADO RANCH BLVD,,W SILVERADO RANCH BLVD,HINSON ST,,HINSON ST,2022-03-14T00:00:00.000,2136,LAS VEGAS,CLARK,CLARK,662727.6533,3986951.85669999
LVM190900076297,N TENAYA WAY,,N TENAYA WAY,W CENTENNIAL PKWY,,W CENTENNIAL PKWY,2019-09-16T00:00:00.000,1916,LAS VEGAS,CLARK,CLARK,657037.418899999,4016001.03779999
NLPD2301180001183,E CAREY AVE,,E CAREY AVE,N PECOS RD,,N PECOS RD,2023-01-18T00:00:00.000,1556,NORTH LAS VEGAS,CLARK,CLARK,670952.2171,4008163.16699999
LVM191000017330,W SAHARA AVE,,W SAHARA AVE,ARVILLE ST,,ARVILLE ST,2019-10-04T00:00:00.000,1457,LAS VEGAS,CLARK,CLARK,661970.5553,4001474.01779999
LVM200300118625,W LAKE MEAD BLVD,,W LAKE MEAD BLVD,LIRIO WAY,,LIRIO WAY,2020-03-25T00:00:00.000,1818,LAS VEGAS,CLARK,CLARK,659103.905299999,4007112.40809999
LVM210900102720,BOCALE CT,,BOCALE CT,LUGO ST,,LUGO ST,2021-09-24T00:00:00.000,1038,,CLARK,CLARK,668906.8114,3987572.66369999
NHP210501980,OTHER,SR431 WB,OTHER,OTHER,MM15,OTHER,2021-05-27T00:00:00.000,2025,,WASHOE,WASHOE,253351.4663,4358178.6992
LVM190700059842,E ST LOUIS AVE,,E ST LOUIS AVE,REXFORD DR,,REXFORD DR,2019-07-12T00:00:00.000,1722,LAS VEGAS,CLARK,CLARK,666436.8913,4001904.83229999
LVM210800057056,E FLAMINGO RD,,E FLAMINGO RD,PALOS VERDES ST,,PALOS VERDES ST,2021-08-14T00:00:00.000,436,,CLARK,CLARK,666454.5136,3998258.5555
NHP230100071,OTHER,RANCHO DR TO US95S INT77,RANCHO DR TO US95S INT77,RANCHO DR,S RANCHO RD,RANCHO DR,2023-01-01T00:00:00.000,555,LAS VEGAS,CLARK,CLARK,664305.2198,4004886.2409
RPD22-17582,OROVADA ST,,OROVADA ST,SILVERADA BLVD,,SILVERADA BLVD,2022-09-19T00:00:00.000,1721,RENO,WASHOE,WASHOE,260863.7498,4381435.651
LVM220900028259,E TROPICANA AVE,,E TROPICANA AVE,OTHER,TAMARUS,OTHER,2022-09-07T00:00:00.000,1604,LAS VEGAS,CLARK,CLARK,668115.0969,3996752.7322
LVM230300043090,N MAIN ST,,N MAIN ST,BONANZA RD,,SR579,2023-03-10T00:00:00.000,1831,LAS VEGAS,CLARK,CLARK,667021.951899999,4005197.5285
HP20-00803,BOULDER HWY S,,BOULDER HWY S,EQUESTRIAN DR,,EQUESTRIAN DR,2020-01-12T00:00:00.000,1509,HENDERSON,CLARK,CLARK,684788.916899999,3987097.0767
ELPD2019-20733,MOUNTAIN CITY HWY,,MOUNTAIN CITY HWY,CIMARRON WAY,,CIMARRON WAY,2019-09-11T00:00:00.000,1606,ELKO,,,602588.682199999,4520725.44629999
LVM230800082474,CAMBRIDGE ST,,CAMBRIDGE ST,E KATIE AVE,,E KATIE AVE,2023-08-23T00:00:00.000,2111,LAS VEGAS,CLARK,CLARK,667224.4024,3998886.00989999
RPD19-15222,E 2ND ST,,E 2ND ST,LAKE ST,,LAKE ST,2019-08-03T00:00:00.000,555,RENO,WASHOE,WASHOE,258381.0855,4379072.8066
SPPD19-922,EAGLE WING CI,,EAGLE WING CI,WOODBURN CT,,WOODBURN CT,2019-01-30T00:00:00.000,1434,SPARKS,WASHOE,WASHOE,269803.6896,4388799.98149999
LVM191200049164,N DECATUR BLVD,,N DECATUR BLVD,W BONANZA RD,,W BONANZA RD,2019-12-11T00:00:00.000,807,LAS VEGAS,CLARK,CLARK,661334.518799999,4005105.25219999
LVM220500080079,W DELHI AVE,,W DELHI AVE,UNIQUE WAY,,UNIQUE WAY,2022-05-20T00:00:00.000,930,LAS VEGAS,CLARK,CLARK,656229.131599999,4010178.2277
HP23-20999,WHITNEY RANCH DR,,WHITNEY RANCH DR,PATRICK LN,,PATRICK LN,2023-10-23T00:00:00.000,1424,HENDERSON,CLARK,CLARK,675313.892599999,3994384.9107
LVM191100020280,W TWAIN AVE,,W TWAIN AVE,ZENIA ST,,ZENIA ST,2019-11-05T00:00:00.000,801,LAS VEGAS,CLARK,CLARK,660967.9258,3999001.78209999
LYSO21LY05268,US95A,,US95A,CHISHOLM TRAIL,,CHISHOLM TRAIL,2021-11-23T00:00:00.000,2330,FERNLEY,LYON,LYON,,
LVM220200069380,S VALLEY VIEW BLVD,,S VALLEY VIEW BLVD,EL CONLON AVE,,EL CONLON AVE,2022-02-17T00:00:00.000,938,LAS VEGAS,CLARK,CLARK,662779.567599999,4001288.88599999
NLPD2002010002168,POWELL POINT WAY,,POWELL POINT WAY,HIGH UINTAS DR,,HIGH UINTAS DR,2020-02-01T00:00:00.000,948,NORTH LAS VEGAS,CLARK,CLARK,663987.9374,4012390.6432
LVM211100098716,S SLOAN LN,,S SLOAN LN,SLICE DR,,SLICE DR,2021-11-23T00:00:00.000,1827,LAS VEGAS,CLARK,CLARK,675678.185399999,4001971.4744
NHP191200144,IR80 W,,IR80 W,OTHER,ELKO COUNTY MILE MARKER 76.,OTHER,2019-12-02T00:00:00.000,2012,,ELKO,ELKO,675135.679999999,4552095.08
NLPD2108250014525,FERRELL ST,,FERRELL ST,W ALEXANDER RD,,W ALEXANDER RD,2021-08-25T00:00:00.000,750,NORTH LAS VEGAS,CLARK,CLARK,663131.9046,4011209.84649999
LVM221000005703,E TROPICANA AVE,,E TROPICANA AVE,KOVAL LN,,KOVAL LN,2022-10-02T00:00:00.000,1137,LAS VEGAS,CLARK,CLARK,665390.6468,3996697.72199999
LVM190200061510,SWENSON ST,,SWENSON ST,E HARMON AVE,,E HARMON AVE,2019-02-14T00:00:00.000,702,LAS VEGAS,CLARK,CLARK,666479.8294,3997527.0141
LVM210200118662,S MARYLAND PKWY,,S MARYLAND PKWY,E FLAMINGO RD,,E FLAMINGO RD,2021-02-26T00:00:00.000,1408,LAS VEGAS,CLARK,CLARK,667602.626099999,3998463.23589999
NHP231100690,OTHER,US95N TO RANCHO DR INT77,IR11N TO SR599 INT77,RANCHO DR,S RANCHO,SR599N,2023-11-08T16:00:00.000,1836,LAS VEGAS,CLARK,CLARK,664206.004499999,4004968.38729999
NLPD1910010019946,FERGUSON AVE,,FERGUSON AVE,ARROWHEAD ST,,ARROWHEAD ST,2019-09-28T00:00:00.000,2000,NORTH LAS VEGAS,CLARK,CLARK,669118.927899999,4008708.083
LVM230300064307,S JONES BLVD,,S JONES BLVD,ARBY AVE,,ARBY AVE,2023-03-15T00:00:00.000,1504,LAS VEGAS,CLARK,CLARK,659880.8157,3992070.82159999
LVM200500114740,S NELLIS BLVD,,S NELLIS BLVD,E WYOMING AVE,,E WYOMING AVE,2020-05-23T00:00:00.000,2151,LAS VEGAS,CLARK,CLARK,674064.455799999,4002503.6258
RPD22-14027,LAKE ST,,LAKE ST,E COMMERCIAL ROW,,E COMMERCIAL ROW,2022-07-29T00:00:00.000,2149,RENO,WASHOE,WASHOE,258386.400899999,4379230.51799999
LVM190200093535,W CACTUS AVE,,W CACTUS AVE,S BUFFALO DR,,S BUFFALO DR,2019-02-21T00:00:00.000,617,LAS VEGAS,CLARK,CLARK,656675.1566,3985151.18669999
HP19-05550,CORPORATE CIR,,CORPORATE CIR,N GREEN VALLEY PKWY,,N GREEN VALLEY PKWY,2019-03-12T00:00:00.000,736,HENDERSON,CLARK,CLARK,672500.5617,3988572.53889999
LVM190300017137,E SUNSET RD,,E SUNSET RD,PILOT RD,,PILOT RD,2019-03-04T00:00:00.000,1539,LAS VEGAS,CLARK,CLARK,665567.322499999,3993416.30519999
LVM200100003554,PENNWOOD AVE,,PENNWOOD AVE,S DECATUR BLVD,,S DECATUR BLVD,2020-01-01T00:00:00.000,1615,LAS VEGAS,CLARK,CLARK,661227.553299999,4000659.22309999
LVM230800106674,E BONANZA RD,,E BONANZA RD,N LAMB BLVD,,N LAMB BLVD,2023-08-30T00:00:00.000,1608,LAS VEGAS,CLARK,CLARK,672630.473299999,4004895.948
LVM220400107234,S LAS VEGAS BLVD,,S LAS VEGAS BLVD,WARM SPRINGS RD,,W WARM SPRINGS RD,2022-04-25T00:00:00.000,2350,LAS VEGAS,CLARK,CLARK,664612.6675,3991813.9293
LVM200800006264,E FLAMINGO RD,,E FLAMINGO RD,OTHER,UNIVERSITY CENTER DR,OTHER,2020-08-02T00:00:00.000,1246,,CLARK,CLARK,666829.417999999,3998260.7659
LVM230600091917,W TROPICANA AVE,,W TROPICANA AVE,S JONES BLVD,,S JONES BLVD,2023-06-20T00:00:00.000,1137,,CLARK,CLARK,659599.553299999,3996479.6631
RPD23-18461,E 2ND ST,,SR648,GOLDEN LN,,GOLDEN LN,2023-10-08T00:00:00.000,2020,RENO,WASHOE,WASHOE,260478.4621,4379021.2937
LVM230700041467,N NELLIS BLVD,,NELLIS BLVD,OTHER,WASHINGTON,WASHINGTON AVE,2023-07-10T00:00:00.000,212,LAS VEGAS,CLARK,CLARK,674260.496299999,4005812.3998
LVM210300135514,E TWAIN AVE,,E TWAIN AVE,ROYAL CREST ST,,ROYAL CREST ST,2021-03-29T00:00:00.000,1807,LAS VEGAS,CLARK,CLARK,666561.5541,3998980.0458
NHP220101482,SR828W,,SR828E,OTHER,SHADOW LN,SHADOW LN,2022-01-22T00:00:00.000,2215,FERNLEY,LYON,LYON,308790.9932,4385558.35899999
LVM190500125254,FRANK SINATRA DR,,FRANK SINATRA DR,W HARMON AVE,,W HARMON AVE,2019-05-25T00:00:00.000,2352,LAS VEGAS,CLARK,CLARK,663814.741399999,3997674.83149999
HP19-30132,LAKE MEAD PKWY W,,LAKE MEAD PKWY W,BOULDER HWY S,,BOULDER HWY S,2019-11-13T00:00:00.000,1720,HENDERSON,CLARK,CLARK,681790.9375,3990207.0
LVM201200055416,S DURANGO DR,,S DURANGO DR,W MAULE AVE,,W MAULE AVE,2020-12-13T00:00:00.000,1628,,CLARK,CLARK,654977.3342,3991979.01339999
LVM190500150305,W FLAMINGO RD,,W FLAMINGO RD,NEW FOREST DR,,NEW FOREST DR,2019-05-31T00:00:00.000,915,LAS VEGAS,CLARK,CLARK,656802.075699999,3998063.3736
RPD20-19706,W 2ND ST,,W 2ND ST,STEVENSON ST,,STEVENSON ST,2020-11-04T00:00:00.000,1800,RENO,WASHOE,WASHOE,257721.6069,4378932.5337
LVM210100036816,S VALLEY VIEW BLVD,,S VALLEY VIEW BLVD,EL CONLON AVE,,EL CONLON AVE,2021-01-08T00:00:00.000,1815,LAS VEGAS,CLARK,CLARK,662779.6379,4001287.3637
HP20-18698,CARNEGIE ST,,CARNEGIE ST,W HORIZON RIDGE PKWY,,W HORIZON RIDGE PKWY,2020-10-23T00:00:00.000,1541,HENDERSON,CLARK,CLARK,671633.824799999,3986288.2486
LVM220100109927,MCLEOD DR,,MCLEOD DR,VEGAS VALLEY DR,,VEGAS VALLEY DR,2022-01-28T00:00:00.000,651,,CLARK,CLARK,670070.8128,4000804.5151
LVM231100064006,BOULDER HWY,,SR582N,E RUSSELL RD,,E RUSSELL RD,2023-11-17T16:00:00.000,914,LAS VEGAS,CLARK,CLARK,677173.2427,3995108.04189999
RPD19-19372,W 7TH ST,,W 7TH ST,SAPPHIRE RIDGE WY,,SAPPHIRE RIDGE WY,2019-09-26T00:00:00.000,725,RENO,WASHOE,WASHOE,252529.690999999,4380101.8419
LVM220600114933,E SAHARA AVE,,E SAHARA AVE,CHAPMAN DR,,CHAPMAN DR,2022-06-29T00:00:00.000,2316,LAS VEGAS,CLARK,CLARK,668258.8539,4001577.99239999
LVM221200002905,E TWAIN AVE,,TWAIN AVE,UNIVERSITY CENTER DR,,UNIVERSITY CENTER DR,2022-12-01T00:00:00.000,1644,LAS VEGAS,CLARK,CLARK,666832.8481,3999042.1827
LVM210400081194,W CHARLESTON BLVD,,W CHARLESTON BLVD,S DURANGO DR,,S DURANGO DR,2021-04-18T00:00:00.000,1953,LAS VEGAS,CLARK,CLARK,654688.6814,4002963.5294
LVM191200074238,S DECATUR BLVD,,S DECATUR BLVD,COUNTRYSIDE DR,,COUNTRYSIDE DR,2019-12-16T00:00:00.000,1510,LAS VEGAS,CLARK,CLARK,661290.671699999,3997629.9931
RPD22-15026,MILL ST,,MILL ST,KIRMAN AVE,,KIRMAN AVE,2022-08-12T00:00:00.000,2045,RENO,WASHOE,WASHOE,259519.835799999,4378799.11539999
LVM190300029927,SMOKE RANCH RD,,SMOKE RANCH RD,OTHER,TUCUMCARI ST,OTHER,2019-03-07T00:00:00.000,711,LAS VEGAS,CLARK,CLARK,659547.775999999,4007933.57349999
LVM210600092937,N NELLIS BLVD,,N NELLIS BLVD,KELL LN,,KELL LN,2021-06-20T00:00:00.000,2032,LAS VEGAS,CLARK,CLARK,674237.2591,4007024.13949999
LVM190100001169,PARADISE RD,,PARADISE RD,CORPORATE DR,,CORPORATE DR,2019-01-01T00:00:00.000,427,LAS VEGAS,CLARK,CLARK,666045.9681,3998721.149
RPD19-20222,KINGS ROW,,KINGS ROW,SURF WAY,,SURF WAY,2019-10-07T00:00:00.000,2317,RENO,WASHOE,WASHOE,254575.0771,4380701.20119999
SPPD22-8053,I STREET,,I ST,PRATER WAY,,PRATER WAY,2022-10-09T00:00:00.000,926,SPARKS,WASHOE,WASHOE,264740.0267,4380493.69439999
RPD20-8029,S WELLS AVE,,S WELLS AVE,CAPITOL HILL AVE,,CAPITOL HILL AVE,2020-05-10T00:00:00.000,2055,RENO,WASHOE,WASHOE,259008.951899999,4377244.1884
LVM190900101084,OTHER,N WILLOW PINES PL,OTHER,OTHER,W HIDDEN PINES AVE,OTHER,2019-09-21T00:00:00.000,1713,LAS VEGAS,CLARK,CLARK,653919.4049,4019075.1906
SPPD23-7880,E PRATER WAY,,E PRATER WAY,I ST,,I ST,2023-10-15T00:00:00.000,1012,SPARKS,WASHOE,WASHOE,264740.0267,4380493.69439999
CLSD22054234,E RENO AVE,,E RENO AVE,AVENIDA DEL LUNA,,AVENIDA DEL LUNA,2022-05-11T00:00:00.000,1528,LAS VEGAS,CLARK,CLARK,668713.954099999,3996338.5799
LVM210900031142,S LAS VEGAS BLVD,,S LAS VEGAS BLVD,E SILVERADO RANCH BLVD,,E SILVERADO RANCH BLVD,2021-09-08T00:00:00.000,9,LAS VEGAS,CLARK,CLARK,664708.345599999,3987016.75689999
LVM220500055231,KOVAL LN,,KOVAL LN,E HARMON AVE,,E HARMON AVE,2022-05-14T00:00:00.000,749,LAS VEGAS,CLARK,CLARK,665269.6588,3997303.8409
NHP210101950,OTHER,IR15 NB,OTHER,OTHER,SPEEDWAY OFF RAMP,OTHER,2021-01-29T00:00:00.000,1925,,CLARK,CLARK,676583.693599999,4016745.1993
LVM221200039914,W TWAIN AVE,,W TWAIN AVE,ARVILLE ST,,ARVILLE ST,2022-12-10T00:00:00.000,1946,LAS VEGAS,CLARK,CLARK,662057.8298,3999055.0631
LVM221100087823,E TWAIN AVE,,E TWAIN AVE,PALOS VERDES ST,,PALOS VERDES ST,2022-11-23T00:00:00.000,1841,LAS VEGAS,CLARK,CLARK,666469.438,3998979.81819999
HP23-09283,N NAPLES ST,,NAPLES ST,BERLIN AVE,,BERLIN AVE,2023-05-17T00:00:00.000,1620,HENDERSON,CLARK,CLARK,,
NLPD2302070002619,LAKE MEAD BLVD,,LAKE MEAD BLVD,YALE ST,,YALE ST,2023-02-07T00:00:00.000,745,NORTH LAS VEGAS,CLARK,CLARK,667609.222199999,4007275.8289
NLPD2012010019879,W LAKE MEAD BLVD,,W LAKE MEAD BLVD,REVERE ST,,REVERE ST,2020-12-01T00:00:00.000,1929,NORTH LAS VEGAS,CLARK,CLARK,666164.8562,4007236.28839999
LVM210200090076,E TWAIN AVE,,E TWAIN AVE,PALOS VERDES ST,,PALOS VERDES ST,2021-02-20T00:00:00.000,2124,LAS VEGAS,CLARK,CLARK,666440.4791,3998979.7751
NHP210700741,OTHER,US395 SB,OTHER,OTHER,US395/PARR BLVD SB ONRAMP,OTHER,2021-07-09T00:00:00.000,1816,,WASHOE,WASHOE,258862.538999999,4384044.22939999
LVM230900093129,E FLAMINGO RD,,SR592,OTHER,S PEARL ST,S PEARL ST,2023-09-26T17:00:00.000,753,LAS VEGAS,CLARK,CLARK,671298.2236,3998410.25369999
LVM231100054552,W BONANZA RD,,SR579,RANCHO DR,,SR599N,2023-11-15T16:00:00.000,2058,LAS VEGAS,CLARK,CLARK,664066.9758,4005146.93649999
LVM230500139848,W ADAMS AVE,,W ADAMS AVE,H ST,,H ST,2023-05-28T00:00:00.000,959,LAS VEGAS,CLARK,CLARK,666168.873999999,4005689.22729999
RPD22-12331,N CENTER ST,,N CENTER ST,E 2ND ST,,E 2ND ST,2022-07-05T00:00:00.000,702,RENO,WASHOE,WASHOE,258304.6989,4379055.9627
LVM220700075716,N MAIN ST,,N MAIN ST,W OGDEN AVE,,W OGDEN AVE,2022-07-19T00:00:00.000,1908,LAS VEGAS,CLARK,CLARK,666772.524799999,4004703.8682
LVM210400013418,E WARM SPRINGS RD,,E WARM SPRINGS RD,S EASTERN AVE,,S EASTERN AVE,2021-04-03T00:00:00.000,2237,LAUGHLIN,CLARK,CLARK,669201.3907,3991917.25779999
LVM190800146377,N LAS VEGAS BLVD,,N LAS VEGAS BLVD,STEWART AVE,,STEWART AVE,2019-08-30T00:00:00.000,744,LAS VEGAS,CLARK,CLARK,667361.480999999,4004583.7617
LVM200600041766,N MARYLAND PKWY,,N MARYLAND PKWY,E BONANZA RD,,E BONANZA RD,2020-06-11T00:00:00.000,1918,LAS VEGAS,CLARK,CLARK,668126.265599999,4004871.32259999
RPD22-14695,CITRON ST,,CITRON ST,HELENA AVE,,HELENA AVE,2022-08-07T00:00:00.000,2056,RENO,WASHOE,WASHOE,259899.737099999,4381445.10999999
LVM190800009106,W FLAMINGO RD,,W FLAMINGO RD,PALMS WINNER WAY,,PALMS WINNER WAY,2019-08-02T00:00:00.000,2153,LAS VEGAS,CLARK,CLARK,662474.405,3998273.1511
NHP200301647,OTHER,BUFFALO DRIVE,OTHER,OTHER,WASHINGTON AVENUE,OTHER,2020-03-25T00:00:00.000,1946,,CLARK,CLARK,656476.442599999,4005424.4724
RPD23-11113,ORCHARD PLAZA,,S VIRGINIA ST,S VIRGINIA ST,,PARK LANE MALL ,2023-06-26T00:00:00.000,616,RENO,WASHOE,WASHOE,259101.070299999,4376304.4965
LVM231100020486,W FLAMINGO RD,,W FLAMINGO RD,VIA DEL NORD ST,,VIA DEL NORD ST,2023-11-07T00:00:00.000,247,LAS VEGAS,CLARK,CLARK,664225.1671,3998220.18579999
RPD19-22147,S WELLS AVE,,S WELLS AVE,WONDER ST,,WONDER ST,2019-11-04T00:00:00.000,2110,RENO,WASHOE,WASHOE,259015.8561,4377551.0151
LVM220800054164,STEWART AVE,,STEWART AVE,N SANDHILL RD,,N SANDHILL RD,2022-08-13T00:00:00.000,2218,LAS VEGAS,CLARK,CLARK,671800.225899999,4004074.5688
RPD21-16044,W 7TH ST,,7TH ST,N MCCARRAN BLVD,,MCCARRAN BLVD,2021-08-30T00:00:00.000,1732,RENO,WASHOE,WASHOE,253728.1676,4380262.31259999
HP22-01314,W PACIFIC AVE,,W PACIFIC AVE,E HORIZON DR,,E HORIZON DR,2022-01-21T00:00:00.000,1948,HENDERSON,CLARK,CLARK,681339.4576,3987211.49679999
LVM211000093055,W LAKE MEAD BLVD,,W LAKE MEAD BLVD,SAN SIMEON ST,,SAN SIMEON ST,2021-10-22T00:00:00.000,1631,LAS VEGAS,CLARK,CLARK,659407.087,4007114.3679
LVM220800071368,S VALLEY VIEW BLVD,,S VALLEY VIEW BLVD,W TWAIN AVE,,W TWAIN AVE,2022-08-18T00:00:00.000,342,LAS VEGAS,CLARK,CLARK,662872.198099999,3999079.64699999
LVM200200131657,KAREN AVE,,KAREN AVE,PARADISE RD,,PARADISE RD,2020-02-27T00:00:00.000,1611,LAS VEGAS,CLARK,CLARK,666021.0197,4001076.14079999
LVM201000130853,W ROCHELLE AVE,,W ROCHELLE AVE,S DURANGO DR,,S DURANGO DR,2020-10-30T00:00:00.000,2050,,CLARK,CLARK,654977.553299999,3997650.22509999
CLSD22011976,N RAMPART BLVD,,N RAMPART BLVD,W LAKE MEAD BLVD,,W LAKE MEAD BLVD,2022-02-01T00:00:00.000,1847,NORTH LAS VEGAS,CLARK,CLARK,654467.0328,4007540.43129999
LVM200200066121,S LAMB BLVD,,S LAMB BLVD,KAREN AVE,,KAREN AVE,2020-02-14T00:00:00.000,709,LAS VEGAS,CLARK,CLARK,672483.931699999,4001253.4505
NLPD2305050008978,LAKE MEAD BLVD,,LAKE MEAD BLVD,BASSLER ST,,BASSLER ST,2023-05-05T00:00:00.000,732,NORTH LAS VEGAS,CLARK,CLARK,669820.125,4007325.0
LVM231000006013,OTHER,N RANCHO DR,RANCHO DR,OTHER,LANDON RIDGE AVE,LANDON RIDGE AVE,2023-10-01T17:00:00.000,2156,LAS VEGAS,CLARK,CLARK,,
LVM220800034253,W FLAMINGO RD,,W FLAMINGO RD,ARVILLE ST,S ARVILLE ST,ARVILLE ST,2022-08-09T00:00:00.000,433,,CLARK,CLARK,662099.3386,3998264.4494
LVM220300104923,E SILVERADO RANCH BLVD,,E SILVERADO RANCH BLVD,,,,2022-03-25T00:00:00.000,2033,LAS VEGAS,CLARK,CLARK,666267.455599999,3986991.8164
LVM220900008667,CHEYENNE AVE,,CHEYENNE AVE,QUEEN ST,QUEEN ST,QUEEN ST,2022-09-03T00:00:00.000,2254,LAS VEGAS,CLARK,CLARK,671114.048499999,4009770.53229999
LVM230700004182,OTHER,BOULDER HWY,SR582S,OTHER,E FLAMINGO RD,SR592,2023-07-01T00:00:00.000,2119,LAS VEGAS,CLARK,CLARK,673898.802699999,3998502.99459999
LVM221200033741,ALTA DR,,ALTA DR,VILLA MONTEREY DR,,VILLA MONTEREY DR,2022-12-09T00:00:00.000,818,LAS VEGAS,CLARK,CLARK,656206.333399999,4003811.3508
HP23-02519,SIENA HEIGHTS DR,,SIENA HEIGHTS DR,PANSY PL,,PANSY PL,2023-02-07T00:00:00.000,1514,HENDERSON,CLARK,CLARK,670616.424599999,3986609.15359999
RPD21-7175,KIETZKE LN,,KIETZKE LN,GENTRY WAY,,GENTRY WAY,2021-04-26T00:00:00.000,1608,RENO,WASHOE,WASHOE,260171.4296,4375569.9352
LVM230700042429,N MARTIN L KING BLVD,,N MARTIN L KING BLVD,BALZAR AVE,,BALZAR AVE,2023-07-10T00:00:00.000,920,LAS VEGAS,CLARK,CLARK,665353.0877,4007690.39269999
LVM201000086658,E FLAMINGO RD,,E FLAMINGO RD,S MARYLAND PKWY,,S MARYLAND PKWY,2020-10-20T00:00:00.000,1702,,CLARK,CLARK,667584.927,3998261.5
LVM220100071119,S VALLEY VIEW BLVD,,S VALLEY VIEW BLVD,SOMERSET HILLS AVE,,SOMERSET HILLS AVE,2022-01-18T00:00:00.000,1832,LAS VEGAS,CLARK,CLARK,663177.379099999,3984914.9493
LVM220800107528,DEAN MARTIN DR,,DEAN MARTIN DR,W ALI BABA LN,,W ALI BABA LN,2022-08-26T00:00:00.000,1752,LAS VEGAS,CLARK,CLARK,663726.638299999,3996065.5238
LVM200700045610,W SUNSET RD,,W SUNSET RD,S DECATUR BLVD,,S DECATUR BLVD,2020-07-11T00:00:00.000,10,LAS VEGAS,CLARK,CLARK,661381.1588,3993392.32789999
LVM231000094464,S UNIVERSITY CENTER DR,,S UNIVERSITY CENTER DR,COLBY AVE,,COLBY AVE,2023-10-28T00:00:00.000,152,LAS VEGAS,CLARK,CLARK,666910.173,3996318.49589999
HP23-07471,N STEPHANIE ST,,N STEPHANIE ST,AMERICAN PACIFIC DR,,AMERICAN PACIFIC DR,2023-04-22T00:00:00.000,1642,HENDERSON,CLARK,CLARK,675963.348199999,3990342.38959999
CCSO21-2578,FERN MEADOW CIR,,FERN MEADOW CIR,SNOWFLAKE DR,,SNOWFLAKE DR,2021-04-19T00:00:00.000,1517,,CARSON CITY,CARSON CITY,259409.222,4340761.81959999
RPD22-14919,MILL ST,,MILL ST,LAKE ST,,LAKE ST,2022-08-11T00:00:00.000,755,RENO,WASHOE,WASHOE,258512.754099999,4378819.5326
HP20-04244,LAKE MEAD PKWY,,LAKE MEAD PKWY,ACC W LAKE MEAD PKWY,,ACC W LAKE MEAD PKWY,2020-02-28T00:00:00.000,1457,HENDERSON,CLARK,CLARK,680157.968799999,3989725.2309
LVM210400132973,S MARYLAND PKWY,,S MARYLAND PKWY,E LE BARON AVE,,E LE BARON AVE,2021-04-29T00:00:00.000,2151,LAS VEGAS,CLARK,CLARK,667910.832499999,3986640.63269999
LVM220400122313,W SAHARA AVE,,W SAHARA AVE,ARVILLE ST,,ARVILLE ST,2022-04-29T00:00:00.000,1003,LAS VEGAS,CLARK,CLARK,661913.478699999,4001473.4447
LVM190800109018,BURNHAM AVE,,BURNHAM AVE,CASEY DR,,CASEY DR,2019-08-22T00:00:00.000,1526,LAS VEGAS,CLARK,CLARK,668939.8084,3996154.9462
RPD20-21322,KUENZLI ST,,KUENZLI ST,KIETZKE LN,,KIETZKE LN,2020-12-03T00:00:00.000,2005,RENO,WASHOE,WASHOE,260272.9499,4379249.0284
LVM230400050387,N NELLIS BLVD,,N NELLIS BLVD,OTHER,E LAKE MEAD BLVD,E LAKE MEAD BLVD,2023-04-11T00:00:00.000,2134,LAS VEGAS,CLARK,CLARK,674234.170199999,4007246.87609999
LVM191100130187,WILLOW CREST AVE,,WILLOW CREST AVE,MOUNTAIN MEADOW LN,,MOUNTAIN MEADOW LN,2019-11-28T00:00:00.000,121,LAS VEGAS,CLARK,CLARK,658089.943699999,3996801.76129999
LVM220400088879,E FLAMINGO RD,,E FLAMINGO RD,LINQ LN,,LINQ LN,2022-04-21T00:00:00.000,1334,LAS VEGAS,CLARK,CLARK,664893.2267,3998219.184
NLPD2301260001726,SAN MATEO ST,,SAN MATEO ST,ALTAMIRA CAVE DR,,ALTAMIRA CAVE DR,2023-01-26T00:00:00.000,745,NORTH LAS VEGAS,CLARK,CLARK,661467.4099,4014775.5941
LVM211100024546,N HOLLYWOOD BLVD,,N HOLLYWOOD BLVD,OTHER,E LAKE MEAD BLVD,OTHER,2021-11-06T00:00:00.000,1915,LAS VEGAS,CLARK,CLARK,677451.1825,4007534.6653
NHP220600702,OTHER,IR215,OTHER,OTHER,JONES BLVD EB OFF RAMP,OTHER,2022-06-11T00:00:00.000,157,LAS VEGAS,CLARK,CLARK,,
RPD21-19308,MILL ST,,MILL ST,LOUISE ST,,LOUISE ST,2021-10-13T00:00:00.000,1737,RENO,WASHOE,WASHOE,260540.348699999,4378260.9458
LVM220500072227,W TROPICANA AVE,,W TROPICANA AVE,VAN CAROL DR,,VAN CAROL DR,2022-05-18T00:00:00.000,1300,LAS VEGAS,CLARK,CLARK,655117.9243,3996406.8539
LVM210900064522,S MARYLAND PKWY,,S MARYLAND PKWY,E SILVERADO RANCH BLVD,,E SILVERADO RANCH BLVD,2021-09-15T00:00:00.000,1518,LAS VEGAS,CLARK,CLARK,667922.9922,3987024.42019999
HP21-19600,OTHER,N. BOULDER HWY,OTHER,TEXAS AVE,,TEXAS AVE,2021-10-21T00:00:00.000,1423,HENDERSON,CLARK,CLARK,,
LVM230100064632,3RD ST,,3RD ST,OTHER,CARSON ST,CARSON ST,2023-01-16T00:00:00.000,1852,LAS VEGAS,CLARK,CLARK,260871.1183,4338466.957
LVM220300028323,WINTER SNOW AVE,,WINTER SNOW AVE,PINK ROSE ST,,PINK ROSE ST,2022-03-07T00:00:00.000,1544,LAS VEGAS,CLARK,CLARK,664685.804899999,4007100.27879999
SPPD22-8660,EL RANCHO DR,,EL RANCHO DR,ODDIE BLVD,,ODDIE BLVD,2022-11-01T00:00:00.000,1914,,WASHOE,WASHOE,261454.564699999,4380992.6291
RPD23-6294,KIETZKE LN,,KIETZKE LN,E GROVE ST,,E GROVE ST,2023-04-09T00:00:00.000,2054,RENO,WASHOE,WASHOE,260184.1875,4376071.911
LVM220600039103,S MARYLAND PKWY,,S MARYLAND PKWY,E DESERT INN RD,,E DESERT INN RD,2022-06-10T00:00:00.000,2342,LAS VEGAS,CLARK,CLARK,667647.5228,4000161.25549999
LVM200300015936,BOULDER HWY,,BOULDER HWY,SUN VALLEY DR,,SUN VALLEY DR,2020-03-04T00:00:00.000,1332,LAS VEGAS,CLARK,CLARK,674895.101499999,3997497.51759999
LVM230500139718,W DESERT INN RD,,FORT APACHE RD,FORT APACHE RD,,W DESERT INN RD,2023-05-28T00:00:00.000,905,LAS VEGAS,CLARK,CLARK,653239.035799999,3999691.75229999
LVM230500111150,E CHARLESTON BLVD,,E CHARLESTON BLVD,BRUCE ST,,S BRUCE ST,2023-05-22T00:00:00.000,1825,LAS VEGAS,CLARK,CLARK,668654.1776,4003199.6424
LVM190300018018,DRY FALLS ST,,DRY FALLS ST,BONITA CANYON AVE,,BONITA CANYON AVE,2019-03-04T00:00:00.000,1927,LAS VEGAS,CLARK,CLARK,675998.3698,4002243.37639999
LVM220100068068,S CASINO CENTER BLVD,,S CASINO CENTER BLVD,FREMONT ST,,FREMONT ST,2022-01-18T00:00:00.000,48,LAS VEGAS,CLARK,CLARK,666919.1505,4004477.6784
NHP220200771,OTHER,SR160,SR160N,OTHER,INSPIRATION DR,INSPIRATION DR,2022-02-12T00:00:00.000,39,LAS VEGAS,CLARK,CLARK,658579.899899999,3987934.98829999
NHP230701570,US6,,US6,OTHER,US6/20ES,Mile Post 20,2023-07-23T00:00:00.000,2220,,ESMERALDA,ESMERALDA,423780.7262,4208771.41129999
NHP210601214,BOULDER HWY S,,BOULDER HWY S,E DESERT INN RD,,E DESERT INN RD,2021-06-16T00:00:00.000,1302,,CLARK,CLARK,672376.1286,4000106.16159999
RPD22-18822,E 5TH ST,,E 5TH ST,ELKO AVE,,ELKO AVE,2022-10-07T00:00:00.000,750,RENO,WASHOE,WASHOE,258776.6112,4379655.2179
LVM210900107224,CENTENNIAL CENTER BLVD,,CENTENNIAL CENTER BLVD,W AZURE DR,,W AZURE DR,2021-09-25T00:00:00.000,1222,LAS VEGAS,CLARK,CLARK,655889.594399999,4015477.05949999
RPD22-24065,SUTRO ST,,SUTRO ST,WEDEKIND RD,,WEDEKIND RD,2022-12-31T00:00:00.000,1101,RENO,WASHOE,WASHOE,259522.535,4381207.66929999
LVM211200068137,N CHRISTY LN,,N CHRISTY LN,CEDAR AVE,,CEDAR AVE,2021-12-17T00:00:00.000,641,LAS VEGAS,CLARK,CLARK,675100.2482,4004615.8123
LVM230400076302,OTHER,W CHARLESTON BLVD,W CHARLESTON BLVD,OTHER,JONES BLVD,JONES BLVD,2023-04-17T00:00:00.000,1420,LAS VEGAS,CLARK,CLARK,659750.3037,4003065.41609999
LVM191100008659,E LAKE MEAD BLVD,,E LAKE MEAD BLVD,CASTLEBERRY LN,,CASTLEBERRY LN,2019-11-02T00:00:00.000,2003,LAS VEGAS,CLARK,CLARK,675246.609899999,4007475.12509999
WASO19-5275,EL RANCHO DR,,EL RANCHO DR,SUN VALLEY BLVD,,SUN VALLEY BLVD,2019-10-08T00:00:00.000,1842,RENO,WASHOE,WASHOE,261167.069699999,4383707.49609999
LVM191000137688,N NELLIS BLVD,,N NELLIS BLVD,CEDAR AVE,,CEDAR AVE,2019-10-29T00:00:00.000,1653,LAS VEGAS,CLARK,CLARK,674289.8408,4004579.19419999
MSPD220504039,W MESQUITE BLVD,,W MESQUITE BLVD,PULSIPHER LN,,PULSIPHER LN,2022-05-05T00:00:00.000,1510,MESQUITE,CLARK,CLARK,758702.0531,4077027.02879999
HP23-10652,PASEO VERDE PKWY,,PASEO VERDE PKWY,S ARROYO GRANDE BLVD,,S ARROYO GRANDE BLVD,2023-06-04T00:00:00.000,1750,HENDERSON,CLARK,CLARK,675146.4681,3988607.24589999
LVM220400060971,CALADONIA AVE,,CALADONIA AVE,UNIONVILLE LN,,UNIONVILLE LN,2022-04-15T00:00:00.000,118,LAS VEGAS,CLARK,CLARK,675300.786,4006568.5171
LVM200100023106,VEGAS VALLEY DR,,VEGAS VALLEY DR,S MARYLAND PKWY,,S MARYLAND PKWY,2020-01-05T00:00:00.000,1858,LAS VEGAS,CLARK,CLARK,667679.8908,4000751.49809999
HP23-21160,CENTER ST,,CENTER ST,E WARM SPRINGS RD,,E WARM SPRINGS RD,2023-10-25T00:00:00.000,1846,HENDERSON,CLARK,CLARK,683106.499499999,3991426.8253
LVM220400068732,KOLSON CIR,,KOLSON CIR,PALOS VERDES ST,,PALOS VERDES ST,2022-04-16T00:00:00.000,2050,LAS VEGAS,CLARK,CLARK,666441.0672,3998734.96209999
LVM210700128165,S NELLIS BLVD,,S NELLIS BLVD,VEGAS VALLEY DR,,VEGAS VALLEY DR,2021-07-28T00:00:00.000,2040,LAS VEGAS,CLARK,CLARK,674054.072499999,4001124.9879
NHP201100678,OTHER,US95,OTHER,OTHER,DECATUR BOULEVARD ON RAMP,OTHER,2020-11-10T00:00:00.000,416,,CLARK,CLARK,660944.1024,4004719.6688
RPD20-5385,GENTRY WAY,,GENTRY WAY,KIETZKE LN,,KIETZKE LN,2020-03-19T00:00:00.000,1514,RENO,WASHOE,WASHOE,260167.016999999,4375417.5668
RPD20-8195,N VIRGINIA ST,,N VIRGINIA ST,E 9TH ST,,E 9TH ST,2020-05-13T00:00:00.000,2340,RENO,WASHOE,WASHOE,257970.571899999,4380070.44889999
LVM230200050574,CENTER CROSSING RD,,CENTER CROSSING RD,CORPORATE CROSSING RD,,CORPORATE CROSSING RD,2023-02-12T00:00:00.000,2000,LAS VEGAS,CLARK,CLARK,651845.0831,4005897.1291
DCSO23SO05084,TRAMWAY DR,,TRAMWAY DR,WELLS FARGO LN,,WELLS FARGO LN,2023-02-26T00:00:00.000,1920,STATELINE,DOUGLAS,DOUGLAS,249766.0327,4316453.00789999
LVM221200036584,W AGATE AVE,,W AGATE AVE,S LAS VEGAS BLVD,,S LAS VEGAS BLVD,2022-12-09T00:00:00.000,1716,LAS VEGAS,CLARK,CLARK,664391.772499999,3988228.3002
RPD23-2147,WEST ST,,WEST ST,W 6 ST,,6TH ST,2023-02-04T00:00:00.000,0,RENO,WASHOE,WASHOE,257837.9786,4379579.83269999
CLSD23043604,N TONOPAH DR,,N TONOPAH DR,VEGAS DR,,VEGAS DR,2023-04-13T00:00:00.000,723,LAS VEGAS,CLARK,CLARK,664565.008899999,4006406.3179
LVMLLV220200112906,E HARMON AVE,,E HARMON AVE,AUDRIE ST,,AUDRIE ST,2022-02-27T00:00:00.000,1750,,CLARK,CLARK,664934.114199999,3997492.20429999
RPD22-18867,S WELLS AVE,,S WELLS AVE,CAPITOL HILL AVE,,CAPITOL HILL AVE,2022-10-07T00:00:00.000,1849,RENO,WASHOE,WASHOE,259007.5173,4377183.22969999
NLPD2308180016544,CIVIC CENTER DR,,CIVIC CENTER DR,VENUS AVE,,VENUS AVE,2023-08-19T00:00:00.000,2135,NORTH LAS VEGAS,CLARK,CLARK,669082.302899999,4010051.29529999
LVM221100011199,S RAINBOW BLVD,,RAINBOW BLVD,OTHER,CASA LINDA DR,CASA LINDA DR,2022-11-03T00:00:00.000,1951,LAS VEGAS,CLARK,CLARK,658114.8518,3999078.4002
LVM220600023871,LAS VEGAS BLVD,,LAS VEGAS BLVD,N LAMB BLVD,N LAMB BLVD,N LAMB BLVD,2022-06-07T00:00:00.000,205,LAS VEGAS,CLARK,CLARK,672551.0103,4010654.83129999
CHSOC23-04904,TRENTO LN,,TRENTO LN,KAMIBO DR,,KAMIBO DR,2023-08-18T00:00:00.000,708,,CHURCHILL,CHURCHILL,335600.136099999,4376132.6882
RPD21-19899,MAE ANNE AVE,,MAE ANNE AVE,RAINBOW RIDGE RD,,RAINBOW RIDGE RD,2021-10-22T00:00:00.000,1606,RENO,WASHOE,WASHOE,252802.4287,4379642.93439999
LVM211100109597,N HOLLYWOOD BLVD,,N HOLLYWOOD BLVD,EL CORDOBES AVE,,EL CORDOBES AVE,2021-11-26T00:00:00.000,1129,LAS VEGAS,CLARK,CLARK,677570.7767,4003631.06149999
NHP231000482,SR445,,SR445,HIGHLAND RANCH PKWY,,HIGHLAND RANCH PKWY,2023-10-06T00:00:00.000,2045,,WASHOE,WASHOE,265477.9906,4388001.61989999
LVM220800007646,HOSPITALITY CIR,,HOSPITALITY CIR,E FLAMINGO RD,,E FLAMINGO RD,2022-08-02T00:00:00.000,1933,LAS VEGAS,CLARK,CLARK,665867.505099999,3998167.04649999
LVM190900143308,BOULDER HWY,,BOULDER HWY,,,,2019-09-30T00:00:00.000,943,LAS VEGAS,CLARK,CLARK,674316.042299999,3998108.1422
RPD22-16797,S ROCK BLVD,,S ROCK BLVD,JOULE ST,,JOULE ST,2022-09-08T00:00:00.000,720,RENO,WASHOE,WASHOE,262448.133399999,4377005.62859999
LVM210600109810,S PECOS RD,,S PECOS RD,E PATRICK LN,,E PATRICK LN,2021-06-24T00:00:00.000,1650,LAS VEGAS,CLARK,CLARK,670998.2209,3994327.8003
LVM211000106673,E FLAMINGO RD,,E FLAMINGO RD,MCLEOD DR,MCLEOD,MCLEOD DR,2021-10-25T00:00:00.000,1542,LAS VEGAS,CLARK,CLARK,670557.184,3998381.5996
LVM230100041898,W SAHARA AVE,,W SAHARA AVE,CANYON GATE DR,,CANYON GATE DR,2023-01-11T00:00:00.000,825,LAS VEGAS,CLARK,CLARK,654509.0684,4001297.5581
LVM221200053201,LINQ LN,,LINQ LN,OTHER,KREUGER DR,KREUGER DR,2022-12-14T00:00:00.000,532,LAS VEGAS,CLARK,CLARK,664884.9434,3998506.4966
RPD22-5954,CASHILL BLVD,,CASHILL BLVD,MARTHIAM AVE,,MARTHIAM AVE,2022-03-29T00:00:00.000,2117,RENO,WASHOE,WASHOE,255659.4625,4374880.7247
LVM230400072882,PIRATES COVE RD,,PIRATES COVE RD,DAWN ISLE DR,,DAWN ISLE DR,2023-04-16T00:00:00.000,1844,LAS VEGAS,CLARK,CLARK,656633.6993,4004857.3374
RPD20-15071,PARADISE DR,,PARADISE DR,SILVERADA BLVD,,SILVERADA BLVD,2020-08-27T00:00:00.000,1342,RENO,WASHOE,WASHOE,260948.5158,4380918.739
RPD20-19696,DOUBLE DIAMOND PKWY,,DOUBLE DIAMOND PKWY,SANDHILL RD,,SANDHILL RD,2020-11-04T00:00:00.000,1539,RENO,WASHOE,WASHOE,263497.2861,4369866.3946
LVM190600106741,S LAMB BLVD,,S LAMB BLVD,E SAHARA AVE,,E SAHARA AVE,2019-06-22T00:00:00.000,2330,LAS VEGAS,CLARK,CLARK,672473.0392,4001690.08909999
NLPD2109100015593,N LAS VEGAS BLVD,,N LAS VEGAS BLVD,E CAREY AVE,,E CAREY AVE,2021-09-11T00:00:00.000,2211,NORTH LAS VEGAS,CLARK,CLARK,669157.337,4008119.94869999
RPD20-551,W 1ST ST,,W 1ST ST,N ARLINGTON AVE,,N ARLINGTON AVE,2020-01-09T00:00:00.000,5,RENO,WASHOE,WASHOE,257882.495199999,4378821.5303
SPPD22-2595,GREG ST,,GREG ST,S 21ST ST,,S 21ST ST,2022-04-02T00:00:00.000,2137,SPARKS,WASHOE,WASHOE,261872.236399999,4378470.8658
NLPD2012200020927,W CAREY AVE,,W CAREY AVE,LOSEE RD,,LOSEE RD,2020-12-20T00:00:00.000,1809,NORTH LAS VEGAS,CLARK,CLARK,667131.9011,4008075.127
LVM210100048959,S EASTERN AVE,,S EASTERN AVE,EXLEY AVE,,EXLEY AVE,2021-01-11T00:00:00.000,1417,LAS VEGAS,CLARK,CLARK,669246.901999999,4001810.3432
LVM210900070050,E CHARLESTON BLVD,,E CHARLESTON BLVD,OTHER,S CRESTWOOD AVE,OTHER,2021-09-16T00:00:00.000,2008,LAS VEGAS,CLARK,CLARK,669005.782899999,4003204.8
LVM191200042433,W CRAIG RD,,W CRAIG RD,JADESTONE AVE,,JADESTONE AVE,2019-12-09T00:00:00.000,2014,LAS VEGAS,CLARK,CLARK,658332.7629,4012012.14069999
LVM190800105886,W DESERT INN RD,,W DESERT INN RD,CANYON LAKE DR,,CANYON LAKE DR,2019-08-21T00:00:00.000,2200,LAS VEGAS,CLARK,CLARK,652941.8985,3999686.6862
CCSO21-6273,N SALIMAN RD,,N SALIMAN RD,E ROBINSON ST,,E ROBINSON ST,2021-09-17T00:00:00.000,1119,CARSON CITY,CARSON CITY,CARSON CITY,262331.952899999,4339008.104
LVM200600083952,N RAINBOW BLVD,,N RAINBOW BLVD,W CRAIG RD,,W CRAIG RD,2020-06-21T00:00:00.000,1137,LAS VEGAS,CLARK,CLARK,657949.0854,4012045.27199999
LVM210200129283,W LAKE MEAD BLVD,,W LAKE MEAD BLVD,H ST,,H ST,2021-02-28T00:00:00.000,1905,LAS VEGAS,CLARK,CLARK,666075.1156,4007229.1248
RPD20-12756,W 4TH ST,,W 4TH ST,KEYSTONE AVE,,KEYSTONE AVE,2020-07-24T00:00:00.000,1328,RENO,WASHOE,WASHOE,256994.366,4379030.96169999
HP22-00971,VIA FIRENZE,,VIA FIRENZE,VIA COMO,,VIA COMO,2022-01-16T00:00:00.000,1433,HENDERSON,CLARK,CLARK,669091.631799999,3980613.39169999
LVM201100039355,BROADBENT BLVD,,BROADBENT BLVD,BRASS CREEK AVE,,BRASS CREEK AVE,2020-11-10T00:00:00.000,716,,CLARK,CLARK,678139.2652,3995819.2773
LVM230200065367,PECOS MCLEOD INT,,PECOS MCLEOD INT,E DESERT INN RD,,E DESERT INN RD,2023-02-16T00:00:00.000,1523,LAS VEGAS,CLARK,CLARK,670094.0866,3999990.9975
LVM221200035534,W AGATE AVE,,W AGATE AVE,S LAS VEGAS BLVD,,S LAS VEGAS BLVD,2022-12-09T00:00:00.000,1716,LAS VEGAS,CLARK,CLARK,664391.772499999,3988228.3002
LVM220900118191,SUNRISE AVE,,SUNRISE AVE,N MOJAVE RD,,N MOJAVE RD,2022-09-29T00:00:00.000,1735,LAS VEGAS,CLARK,CLARK,670405.8715,4003651.84809999
RPD19-21660,E 4TH ST,,E 4TH ST,VALLEY RD,,VALLEY RD,2019-10-28T00:00:00.000,1711,RENO,WASHOE,WASHOE,258683.0641,4379487.5214
NLPD1908310017850,E LAKE MEAD BLVD,,E LAKE MEAD BLVD,N 5TH ST,,N 5TH ST,2019-08-31T00:00:00.000,2336,NORTH LAS VEGAS,CLARK,CLARK,667760.873399999,4007284.1848
LVM220100088234,E ROCHELLE AVE,,E ROCHELLE AVE,KOVAL LN,,KOVAL LN,2022-01-22T00:00:00.000,2059,LAS VEGAS,CLARK,CLARK,665654.390999999,3997880.66349999
HP19-21486,N MAJOR AVE,,N MAJOR AVE,BURKHOLDER BLVD,,BURKHOLDER BLVD,2019-09-27T00:00:00.000,805,HENDERSON,CLARK,CLARK,683161.5767,3990058.25689999
RPD23-14142,W 4TH ST,,SR647,MESA PARK RD,,MESA PARK RD,2023-08-09T00:00:00.000,700,RENO,WASHOE,WASHOE,250885.094399999,4377306.78079999
LVM210700080336,E WARM SPRINGS RD,,E WARM SPRINGS RD,GILES ST,,GILES ST,2021-07-17T00:00:00.000,2349,,CLARK,CLARK,664895.4066,3991812.4196
CCSO23-116,N PLAZA ST,,N PLAZA ST,E ROBINSON ST,,E ROBINSON ST,2023-01-06T00:00:00.000,1754,CARSON CITY,CARSON CITY,CARSON CITY,261022.3606,4338971.30819999
LVM210900054514,E HARMON AVE,,E HARMON AVE,S LAS VEGAS BLVD,,S LAS VEGAS BLVD,2021-09-13T00:00:00.000,1102,LAS VEGAS,CLARK,CLARK,664425.2903,3997582.42009999
LVM230400019927,S LAS VEGAS BLVD,,S LAS VEGAS BLVD,BELLAGIO DR,,BELLAGIO DR,2023-04-05T00:00:00.000,1317,LAS VEGAS,CLARK,CLARK,664442.7311,3997901.94739999
LVM211100093331,S SPRING VALLEY PKWY,,S SPRING VALLEY PKWY,OTHER,S RAINBOW BLVD,OTHER,2021-11-22T00:00:00.000,1555,LAS VEGAS,CLARK,CLARK,658161.366,3996853.36969999
HP22-09229,MADRID AVE,,MADRID AVE,CANNES ST,,CANNES ST,2022-05-12T00:00:00.000,1402,HENDERSON,CLARK,CLARK,684076.4357,3991508.41389999
LVM220300042618,E HARMON AVE,,E HARMON AVE,AUDRIE ST,,AUDRIE ST,2022-03-10T00:00:00.000,2325,LAS VEGAS,CLARK,CLARK,664937.9446,3997484.58469999
LVM231200098153,N EASTERN AVE,,EASTERN AVE,E MESQUITE AVE,,MESQUITE AVE,2023-12-29T00:00:00.000,1920,LAS VEGAS,CLARK,CLARK,669434.892099999,4004625.12519999
LVM230700053879,PECOS MCLEOD INT,,PECOS MCLEOD INT,E DESERT INN RD,,E DESERT INN RD,2023-07-12T00:00:00.000,1946,LAS VEGAS,CLARK,CLARK,670094.0963,3999996.6806
RPD22-11052,N VIRGINIA ST,,SR430,PANTHER DR,,PANTHER DR,2022-06-15T00:00:00.000,1919,RENO,WASHOE,WASHOE,256958.524899999,4385370.173
LVM230500114995,E HARMON AVE,,E HARMON AVE,OTHER,PLANET HOLLYWOOD,PLANET HOLLYWOOD,2023-05-23T00:00:00.000,1403,LAS VEGAS,CLARK,CLARK,664727.009399999,3997480.71839999
LVM200200136257,N DURANGO DR,,N DURANGO DR,W DORRELL LN,,W DORRELL LN,2020-02-28T00:00:00.000,1437,LAS VEGAS,CLARK,CLARK,653760.048999999,4017115.6192
NLPD2112290022572,HAMILTON AVE,,HAMILTON AVE,N LAS VEGAS BLVD,,N LAS VEGAS BLVD,2021-12-29T00:00:00.000,1845,NORTH LAS VEGAS,CLARK,CLARK,,
LVM220500107064,S LAS VEGAS BLVD,,S LAS VEGAS BLVD,BLUE DIAMOND RD,BLUE DIAMOND RD,SR160N,2022-05-26T00:00:00.000,2033,LAS VEGAS,CLARK,CLARK,664643.9802,3990136.8683
RPD19-17613,GENTRY WY,,GENTRY WY,KIETZKE LN,,KIETZKE LN,2019-09-01T00:00:00.000,2100,RENO,WASHOE,WASHOE,260167.016999999,4375417.5668
NHP210400433,N 9TH ST,,N 9TH ST,E MESQUITE AVE,,E MESQUITE AVE,2021-04-07T00:00:00.000,804,,CLARK,CLARK,667828.5256,4004527.53659999
LVM190900113896,N PECOS RD,,N PECOS RD,E CHARLESTON BLVD,,E CHARLESTON BLVD,2019-09-24T00:00:00.000,751,LAS VEGAS,CLARK,CLARK,670810.4407,4003236.20649999
LVM221000002955,S HUALAPAI WAY,,S HUALAPAI WAY,W SAHARA AVE,,W SAHARA AVE,2022-10-01T00:00:00.000,1852,LAS VEGAS,CLARK,CLARK,651536.3004,4001713.22419999
DCSO23SO25276,TOIYABE AVE,,TOIYABE AVE,TOLER LN,,TOLER LN,2023-10-08T00:00:00.000,1249,GARDNERVILLE,DOUGLAS,DOUGLAS,262331.542999999,4313606.0763
NHP201101790,OTHER,SR439,OTHER,OTHER,ST8,OTHER,2020-11-25T00:00:00.000,608,,STOREY,STOREY,286428.030899999,4379148.81479999
LVM210500099860,W CHEYENNE AVE,,W CHEYENNE AVE,N RAINBOW BLVD,,N RAINBOW BLVD,2021-05-21T00:00:00.000,2116,LAS VEGAS,CLARK,CLARK,658096.244699999,4009574.2364
LVM211100040710,S DECATUR BLVD,,S DECATUR BLVD,SIRIUS AVE,,SIRIUS AVE,2021-11-10T00:00:00.000,1653,LAS VEGAS,CLARK,CLARK,661236.317599999,4000255.91369999
RPD23-22741,N SIERRA ST,,N SIERRA ST,W 11TH ST,,W 11TH ST,2023-12-11T00:00:00.000,1438,RENO,WASHOE,WASHOE,257775.9368,4380298.34789999
LVM191000081469,E TWAIN AVE,,E TWAIN AVE,SWENSON ST,,SWENSON ST,2019-10-17T00:00:00.000,1841,LAS VEGAS,CLARK,CLARK,666839.392799999,3999044.70009999
LVM200100085712,W CHARLESTON BLVD,,W CHARLESTON BLVD,S CIMARRON RD,,S CIMARRON RD,2020-01-18T00:00:00.000,1856,LAS VEGAS,CLARK,CLARK,655156.9539,4002972.5701
SPPD19-3021,OTHER,EL RANCHO DR,OTHER,OTHER,G ST,OTHER,2019-04-08T00:00:00.000,915,SPARKS,WASHOE,WASHOE,261432.753899999,4380315.58589999
HP21-01291,E ROBINDALE RD,,E ROBINDALE RD,DALEHURST DR,,DALEHURST DR,2021-01-22T00:00:00.000,2134,HENDERSON,CLARK,CLARK,672077.283699999,3991115.63419999
LVM190400031922,N LAMB BLVD,,N LAMB BLVD,SUNRISE AVE,,SUNRISE AVE,2019-04-07T00:00:00.000,949,LAS VEGAS,CLARK,CLARK,672668.8282,4003669.69519999
LVM230100081167,E BONANZA RD,,E BONANZA RD,WARDELLE ST,,WARDELLE ST,2023-01-20T00:00:00.000,1951,LAS VEGAS,CLARK,CLARK,670020.276899999,4004874.56939999
LVM231100097766,S NELLIS BLVD,,SR612,OTHER,E FLAMINGO RD,E FLAMINGO RD,2023-11-28T00:00:00.000,906,LAS VEGAS,CLARK,CLARK,674181.821499999,3998423.52329999
HP21-11316,CANYON HEIGHTS DR,,CANYON HIGHLANDS DR,REGAL BLUFF DR,,REGAL BLUFF DR,2021-06-22T00:00:00.000,700,HENDERSON,CLARK,CLARK,673486.328999999,3985415.47379999
LVM210200039374,W GOWAN RD,,W GOWAN RD,N DURANGO DR,,N DURANGO DR,2021-02-09T00:00:00.000,1920,LAS VEGAS,CLARK,CLARK,654677.933299999,4010409.38269999
LVM221100053641,E SAHARA AVE,,E SAHARA AVE,S MARYLAND PKWY,,S MARYLAND PKWY,2022-11-15T00:00:00.000,646,LAS VEGAS,CLARK,CLARK,667610.2959,4001545.13169999
NLPD2104020005522,E CHEYENNE AVE,,E CHEYENNE AVE,CIVIC CENTER DR,,CIVIC CENTER DR,2021-04-02T00:00:00.000,1841,NORTH LAS VEGAS,CLARK,CLARK,669048.490799999,4009732.5687
LVM190600133726,S EASTERN AVE,,S EASTERN AVE,E TOMPKINS AVE,,E TOMPKINS AVE,2019-06-28T00:00:00.000,1534,LAS VEGAS,CLARK,CLARK,669317.421699999,3997063.1092
RPD22-20021,MILL ST,,MILL ST,LOCUST ST,,LOCUST ST,2022-10-24T00:00:00.000,1636,RENO,WASHOE,WASHOE,259279.2998,4378848.55059999
LVM200900099237,W SAHARA AVE,,W SAHARA AVE,S FORT APACHE RD,,S FORT APACHE RD,2020-09-22T00:00:00.000,1836,LAS VEGAS,CLARK,CLARK,652972.4225,4001304.9842
2203-004008,KIDS ZONE PKWY,,KIDS ZONE PKWY,S DURANGO DR,,S DURANGO DR,2022-03-01T00:00:00.000,2139,LAS VEGAS,CLARK,CLARK,655029.7618,3998865.65259999
LVM210500008520,S LAS VEGAS BLVD,,S LAS VEGAS BLVD,WYNN MAIN GATE DR,,WYNN MAIN GATE DR,2021-05-02T00:00:00.000,2031,LAS VEGAS,CLARK,CLARK,664871.3425,3999663.9546
NHP200200056,OTHER,US95 NB/ SR582 ON RAMP,OTHER,OTHER,SR582 NB,OTHER,2020-02-01T00:00:00.000,1840,,CLARK,CLARK,672033.4724,4000513.47509999
LVM200100059271,W CHARLESTON BLVD,,W CHARLESTON BLVD,APPLE DR,,APPLE DR,2020-01-13T00:00:00.000,927,LAS VEGAS,CLARK,CLARK,652644.809999999,4002918.1621
LVM190300041449,CAMBRIDGE ST,,CAMBRIDGE ST,E FLAMINGO RD,,E FLAMINGO RD,2019-03-09T00:00:00.000,1431,LAS VEGAS,CLARK,CLARK,667202.608799999,3998264.43469999
RPD22-10331,E 4TH ST,,E 4TH ST,THRELKEL ST,,THRELKEL ST,2022-06-05T00:00:00.000,215,RENO,WASHOE,WASHOE,260150.825699999,4379738.25449999
WPSO00029-22,CAMPTON ST,,CAMPTON ST,OTHER,JV WALKER STREET,J V WALKER ST,2023-01-18T00:00:00.000,1752,ELY,WHITE PINE,WHITE PINE,683104.6456,4346641.0731
HP22-00094,OTHER,ST ROSE PARKWAY,SR146E,S MARYLAND PKWY,,S MARYLAND PKWY,2022-01-02T00:00:00.000,1718,HENDERSON,CLARK,CLARK,667988.0278,3984574.8209
LVM190200104840,N LAMB BLVD,,N LAMB BLVD,STEWART AVE,,STEWART AVE,2019-02-23T00:00:00.000,1719,LAS VEGAS,CLARK,CLARK,672644.971699999,4004154.0708
RPD21-8382,RIO WRANGLER PKWY,,RIO WRANGLER PKWY,DESERT WAY,,DESERT WAY,2021-05-15T00:00:00.000,601,RENO,WASHOE,WASHOE,266322.632299999,4369197.87099999
LVM220900019737,S UNIVERSITY CENTER DR,,S UNIVERSITY CENTER DR,E TWAIN AVE,,E TWAIN AVE,2022-09-05T00:00:00.000,1557,,CLARK,CLARK,666833.001299999,3999011.6019
LVM231100034508,S EASTERN AVE,,S EASTERN AVE,E RENO AVE,,E RENO AVE,2023-11-09T16:00:00.000,2212,LAS VEGAS,CLARK,CLARK,669340.9183,3996302.93979999
LVM231100095314,VEGAS VALLEY DR,,MOUNTAIN VISTA ST,MOUNTAIN VISTA ST,,MOUNTAIN VISTA ST,2023-11-29T00:00:00.000,1424,LAS VEGAS,CLARK,CLARK,673397.202399999,3997805.9031
RPD19-108179,S VIRGINIA ST,,S VIRGINIA ST,E PECKHAM LN,,E PECKHAM LN,2019-09-27T00:00:00.000,1241,RENO,,,259707.336699999,4374567.4296
LVM230900059934,N LAS VEGAS BLVD,,SR604N,OTHER,E CHEYENNE AVE,SR574,2023-09-16T17:00:00.000,1954,LAS VEGAS,CLARK,CLARK,671385.5,4009778.0
LVM230600104299,OTHER,E LAKE MEAD BLVD,E LAKE MEAD BLVD,OTHER,MOONLITE,MOONLITE DR,2023-06-22T00:00:00.000,2141,LAS VEGAS,CLARK,CLARK,672380.9444,4007350.9613
LVM220100028323,N PECOS RD,,N PECOS RD,IRWIN AVE,,IRWIN AVE,2022-01-07T00:00:00.000,1742,LAS VEGAS,CLARK,CLARK,670906.3832,4009885.8537
LVM221000059339,S LAS VEGAS BLVD,,S LAS VEGAS BLVD,CAESARS PALACE DR,,CAESARS PALACE DR,2022-10-15T00:00:00.000,2342,LAS VEGAS,CLARK,CLARK,664460.283699999,3998749.56739999
LVM200700019626,W SAHARA AVE,,W SAHARA AVE,S JONES BLVD,,SR596,2020-07-05T00:00:00.000,259,LAS VEGAS,CLARK,CLARK,659722.7165,4001408.04169999
NHP230900900,OTHER,IR80,IR80E,OTHER,VIRGINIA ST,N VIRGINIA ST,2023-09-13T00:00:00.000,930,,WASHOE,WASHOE,258101.2098,4379904.2992
HP21-00079,FOOTHILLS DR,,FOOTHILLS DR,BRIDLE DR,,BRIDLE DR,2021-01-02T00:00:00.000,1707,HENDERSON,CLARK,CLARK,687172.24,3987028.91339999
LVM191000124724,BROADBENT BLVD,,BROADBENT BLVD,E RUSSELL RD,,E RUSSELL RD,2019-10-26T00:00:00.000,2221,LAS VEGAS,CLARK,CLARK,678238.967299999,3994990.67769999
DCSO22SO28329,SUGAR MAPLE AVE,,SUGAR MAPLE AVE,,,HONEYLOCUST AVE,2022-10-31T00:00:00.000,1651,,DOUGLAS,DOUGLAS,263339.0228,4312892.0952
RPD19-8969,CLEAR ACRE LN,,CLEAR ACRE LN,WEDEKIND RD,,WEDEKIND RD,2019-05-10T00:00:00.000,740,RENO,WASHOE,WASHOE,260335.245,4381704.3232
LVM230800106406,E DESERT INN RD,,E DESERT INN RD,PECOS RD,,PECOS RD,2023-08-30T00:00:00.000,1500,LAS VEGAS,CLARK,CLARK,670884.2032,4000004.9671
LVM190200036525,W TROPICANA AVE,,W TROPICANA AVE,PROCYON ST,,PROCYON ST,2019-02-08T00:00:00.000,2220,LAS VEGAS,CLARK,CLARK,663146.874699999,3996663.45309999
NLPD2303280006171,STOCKER ST,,STOCKER ST,OWENS AVE,,OWENS AVE,2023-03-28T00:00:00.000,2235,NORTH LAS VEGAS,CLARK,CLARK,667268.267599999,4006490.0118
LVM221200011468,N WALNUT RD,,N WALNUT RD,,,E CARTIER AVE,2022-12-03T00:00:00.000,2004,LAS VEGAS,CLARK,CLARK,671766.583899999,4008570.4166
LVM220600100990,W FLAMINGO RD,,W FLAMINGO RD,S BUFFALO DR,,S BUFFALO DR,2022-06-26T00:00:00.000,1134,LAS VEGAS,CLARK,CLARK,656498.2686,3998067.6062
RPD20-15924,E 4TH ST,,E 4TH ST,LAKE ST,,LAKE ST,2020-09-08T00:00:00.000,1743,RENO,WASHOE,WASHOE,258348.2783,4379413.78089999
RPD21-20937,N MCCARRAN BLVD,,SR659,N VIRGINIA ST,,N VIRGINIA ST,2021-11-06T00:00:00.000,2045,RENO,WASHOE,WASHOE,257476.123999999,4381723.2977
CCSO23-4168,E LONG ST,,E LONG ST,N CARSON ST,,N CARSON ST,2023-07-12T00:00:00.000,815,CARSON CITY,CARSON CITY,CARSON CITY,260977.3382,4339743.18979999
LVM220800127558,OTHER,S BOULDER HWY,SR582S,OTHER,E RUSSELL RD,E RUSSELL RD,2022-08-31T00:00:00.000,1602,LAS VEGAS,CLARK,CLARK,677113.9515,3995120.54939999
HP22-21670,KIRK AVE,,KIRK AVE,PUEBLO PL,,PUEBLO PL,2022-11-05T00:00:00.000,1914,HENDERSON,CLARK,CLARK,683845.4614,3991830.56709999
RPD21-20629,SILVER SKY PKWY,,SILVER SKY PKWY,SILVER DESERT WAY,,SILVER DESERT WAY,2021-11-02T00:00:00.000,639,RENO,WASHOE,WASHOE,253471.0317,4391364.4163
LVM190100042216,S JONES BLVD,,S JONES BLVD,W CACTUS AVE,,W CACTUS AVE,2019-01-09T00:00:00.000,1444,LAS VEGAS,CLARK,CLARK,659939.570399999,3985403.3986
LVM190100009826,E CHARLESTON BLVD,,E CHARLESTON BLVD,COLBATH ST,,COLBATH ST,2019-01-02T00:00:00.000,1852,LAS VEGAS,CLARK,CLARK,674863.6834,4003365.11879999
NHP211101436,US50A,,US50A,OTHER,HARDIE LN,OTHER,2021-11-19T00:00:00.000,1706,FERNLEY,LYON,LYON,307191.8397,4386619.79859999
LVM201000123364,W SUNSET RD,,W SUNSET RD,S VALLEY VIEW BLVD,,S VALLEY VIEW BLVD,2020-10-29T00:00:00.000,436,,CLARK,CLARK,662993.189899999,3993424.2717
NLPD1906070011757,W CAREY AVE,,W CAREY AVE,N MARTIN L KING BLVD,,N MARTIN L KING BLVD,2019-06-07T00:00:00.000,2143,NORTH LAS VEGAS,CLARK,CLARK,665346.6528,4008032.58369999
NLPD1901160001075,CIVIC CENTER DR,,CIVIC CENTER DR,SUN AVE,,SUN AVE,2019-01-16T00:00:00.000,839,NORTH LAS VEGAS,CLARK,CLARK,669105.076,4010091.4086
NHP210201104,OTHER,SR147,OTHER,OTHER,ARNONA ROAD,OTHER,2021-02-18T00:00:00.000,348,,CLARK,CLARK,679171.134499999,4007854.5258
WNPD21-0831,HASKELL ST,,HASKELL ST,BRIDGE ST,,BRIDGE ST,2021-07-12T00:00:00.000,745,WINNEMUCCA,HUMBOLDT,HUMBOLDT,438645.112099999,4535738.7091
NHP211101927,IR15 N,,IR15 N,OTHER,MILE MARKER 102,OTHER,2021-11-26T00:00:00.000,320,,CLARK,CLARK,731522.857499999,4070089.17769999
RPD20-9768,S VIRGINIA ST,,S VIRGINIA ST,,,,2020-06-10T00:00:00.000,1638,RENO,WASHOE,WASHOE,260607.667,4371932.8528
RPD20-22289,SKY VISTA PKWY,,SKY VISTA PKWY,SILVER LAKE RD,,SILVER LAKE RD,2020-12-20T00:00:00.000,1928,RENO,WASHOE,WASHOE,253702.4758,4390063.84869999
LVM210900051652,S MARYLAND PKWY,,S MARYLAND PKWY,E SERENE AVE,,E SERENE AVE,2021-09-12T00:00:00.000,1734,LAS VEGAS,CLARK,CLARK,667917.3671,3987841.1203
LVM230300046322,N NELLIS BLVD,,SR612,OTHER,E BONANZA RD,E BONANZA RD,2023-03-11T00:00:00.000,1245,LAS VEGAS,CLARK,CLARK,674278.7258,4004993.0477
LVM211100019916,S MARYLAND PKWY,,S MARYLAND PKWY,E PEBBLE RD,,E PEBBLE RD,2021-11-05T00:00:00.000,1637,LAS VEGAS,CLARK,CLARK,667933.299899999,3988646.10899999
NLPD2310020019690,E AZURE AVE,,E AZURE AVE,N BRUCE ST,,N BRUCE ST,2023-10-02T00:00:00.000,647,NORTH LAS VEGAS,CLARK,CLARK,668334.4429,4015815.8769
LVM190700043172,S 3RD ST,,S 3RD ST,LEWIS AVE,,LEWIS AVE,2019-07-09T00:00:00.000,1009,LAS VEGAS,CLARK,CLARK,666797.5448,4003980.0653
LVM221200031574,GILES ST,,GILES ST,E PYLE AVE,,E PYLE AVE,2022-12-08T00:00:00.000,1730,LAS VEGAS,CLARK,CLARK,664894.6193,3986211.62419999
LVM211000120241,W CHARLESTON BLVD,,W CHARLESTON BLVD,MONTCLAIR AVE,CHARLESTON,MONTCLAIR AVE,2021-10-28T00:00:00.000,1458,LAS VEGAS,CLARK,CLARK,661207.481399999,4003081.86079999
LVM210800108041,E TROPICANA AVE,,E TROPICANA AVE,MCLEOD DR,S MCLEOD DR,MCLEOD DR,2021-08-25T00:00:00.000,2000,LAS VEGAS,CLARK,CLARK,670071.533499999,3996692.35019999
LVM191000079790,E SAHARA AVE,,E SAHARA AVE,S NELLIS BLVD,,S NELLIS BLVD,2019-10-17T00:00:00.000,1140,LAS VEGAS,CLARK,CLARK,673913.968899999,4001687.4382
CLSD19133534,SILVER LAKE DR,,SILVER LAKE DR,NAVAJO WAY,,NAVAJO WAY,2019-12-12T00:00:00.000,733,LAS VEGAS,CLARK,CLARK,663098.353099999,4006055.82719999
RPD22-20243,N SIERRA ST,,N SIERRA ST,W 6TH ST,,W 6TH ST,2022-10-28T00:00:00.000,745,RENO,WASHOE,WASHOE,257946.666899999,4379617.6171
LVM191200135630,GATEWAY AVE,,GATEWAY AVE,BADILLO ST,,BADILLO ST,2019-12-29T00:00:00.000,1653,LAS VEGAS,CLARK,CLARK,672215.168899999,4002861.58249999
NLPD2212150023685,E CRAIG RD,,E CRAIG RD,BRUCE ST,,BRUCE ST,2022-12-15T00:00:00.000,1404,NORTH LAS VEGAS,CLARK,CLARK,668450.1912,4012165.0521
NYSO22NY-3611,BOLLING RD,,BOLLING RD,OTHER,HIGHWAY 372,SR372,2022-10-14T00:00:00.000,2346,,NYE,NYE,590018.3289,4007162.12189999
NLPD2012020019918,CAMINO AL NORTE,,CAMINO AL NORTE,W CRAIG RD,,W CRAIG RD,2020-12-02T00:00:00.000,1539,NORTH LAS VEGAS,CLARK,CLARK,665163.397099999,4012069.642
RPD19-7117,N SIERRA ST,,N SIERRA ST,W 5TH ST,,W 5TH ST,2019-04-14T00:00:00.000,1428,RENO,WASHOE,WASHOE,257975.4566,4379483.81399999
LVM200800055904,N EASTERN AVE,,N EASTERN AVE,E OGDEN AVE,,E OGDEN AVE,2020-08-13T00:00:00.000,2016,LAS VEGAS,CLARK,CLARK,669474.381199999,4003839.6005
LVM191000032313,N LAS VEGAS BLVD,,N LAS VEGAS BLVD,FOREMASTER LN,,FOREMASTER LN,2019-10-07T00:00:00.000,1928,LAS VEGAS,CLARK,CLARK,667787.4478,4006216.0192
RPD19-20971,CURTI DR,,CURTI DR,KIRMAN AVE,,KIRMAN AVE,2019-10-18T00:00:00.000,2111,RENO,WASHOE,WASHOE,259515.2163,4378564.21649999
LVM191200119897,W WARM SPRINGS RD,,W WARM SPRINGS RD,S DURANGO DR,,S DURANGO DR,2019-12-26T00:00:00.000,1506,LAS VEGAS,CLARK,CLARK,654719.6292,3991468.209
NHP231001810,OTHER,US95,US95N,,,Mile Post 46,2023-10-24T00:00:00.000,2323,BOULDER CITY,CLARK,CLARK,686291.4757,3966576.80609999
LVM200500054224,W CHARLESTON BLVD,,W CHARLESTON BLVD,PALACE CT,,PALACE CT,2020-05-11T00:00:00.000,1830,LAS VEGAS,CLARK,CLARK,652639.932699999,4002918.0744
SPPD22-9812,NICHOLS BLVD,,NICHOLS BLVD,E VICTORIAN AVE,,VICTORIAN AVE,2022-12-14T00:00:00.000,950,SPARKS,WASHOE,WASHOE,264453.4016,4379745.4375
LVM231100088557,W ALEXANDER RD,,W ALEXANDER RD,N DECATUR BLVD,,N DECATUR BLVD,2023-11-25T00:00:00.000,1530,LAS VEGAS,CLARK,CLARK,661090.480499999,4011170.74359999
SPPD23-6364,S ROCK BLVD,,S ROCK BLVD,GLENDALE AVE,,GLENDALE AVE,2023-08-21T00:00:00.000,1357,SPARKS,WASHOE,WASHOE,262200.147199999,4378992.50569999
LVM210600014065,S 4TH ST,,S 4TH ST,E BRIDGER AVE,,E BRIDGER AVE,2021-06-03T00:00:00.000,2328,LAS VEGAS,CLARK,CLARK,666993.100399999,4004110.8727
NYSO23NY-2525,BLAGG RD,,BASIN AVE,BASIN AVE,,BLAGG RD,2023-07-24T00:00:00.000,2025,PAHRUMP,NYE,NYE,588299.8765,4008756.8333
LVM230700072431,LINQ LN,,LINQ LN,E FLAMINGO RD,,E FLAMINGO RD,2023-07-17T00:00:00.000,43,LAS VEGAS,CLARK,CLARK,664890.052699999,3998333.59459999
LVM200400030069,E LAKE MEAD BLVD,,E LAKE MEAD BLVD,N PECOS RD,,N PECOS RD,2020-04-07T00:00:00.000,31,LAS VEGAS,CLARK,CLARK,670974.377799999,4007343.0426
LVM211100040907,E MESQUITE AVE,,E MESQUITE AVE,N 19TH ST,,N 19TH ST,2021-11-10T00:00:00.000,1745,LAS VEGAS,CLARK,CLARK,668798.233099999,4004549.582
LVM220900098993,S VALLEY VIEW BLVD,,S VALLEY VIEW BLVD,W HACIENDA AVE,,W HACIENDA AVE,2022-09-24T00:00:00.000,2358,,CLARK,CLARK,662961.864799999,3995774.73489999
LVM201000109194,BOULDER HWY,,BOULDER HWY,E FLAMINGO RD,,E FLAMINGO RD,2020-10-25T00:00:00.000,1825,,CLARK,CLARK,673828.641499999,3998575.9874
NLPD2001130000792,N LAS VEGAS BLVD,,N LAS VEGAS BLVD,E LAKE MEAD NORTH BLVD,,E LAKE MEAD NORTH BLVD,2020-01-13T00:00:00.000,1024,NORTH LAS VEGAS,CLARK,CLARK,668216.3369,4007287.3702
BCPD20BC0052,5TH ST,,5TH ST,AVENUE K,,AVENUE K,2020-01-10T00:00:00.000,1840,BOULDER CITY,,,695790.975399999,3983215.69749999
LVM230700129472,W TROPICANA AVE,,W TROPICANA AVE,S RAINBOW BLVD,,S RAINBOW BLVD,2023-07-30T00:00:00.000,2155,LAS VEGAS,CLARK,CLARK,658176.042,3996446.6827
RPD19-17078,SADLEIR WY,,SADLEIR WY,VALLEY RD,,VALLEY RD,2019-08-25T00:00:00.000,2115,RENO,,,258703.5756,4380671.04979999
LYSO2OLY01225,LAKE AVE,,LAKE AVE,RAMSEY ST,,RAMSEY ST,2020-03-27T00:00:00.000,1830,,LYON,LYON,309142.728,4364003.13199999
SPPD22-3978,PYRAMID WAY,,SR445,G ST,,G ST,2022-05-20T00:00:00.000,2128,SPARKS,WASHOE,WASHOE,263445.6505,4380475.278
RPD23-6968,W GOLDEN VALLEY RD,,W GOLDEN VALLEY RD,N VIRGINIA ST,,N VIRGINIA ST,2023-04-20T00:00:00.000,1541,RENO,WASHOE,WASHOE,256218.5733,4386938.76349999
LVM220100111410,S EASTERN AVE,,S EASTERN AVE,E ST LOUIS AVE,,E ST LOUIS AVE,2022-01-28T00:00:00.000,1441,LAS VEGAS,CLARK,CLARK,669238.890999999,4002025.60659999
WASO21-2618,LEMMON DR,,LEMMON DR,SURGE ST,,SURGE ST,2021-06-06T00:00:00.000,2326,RENO,WASHOE,WASHOE,255965.4955,4391221.2113
LVM190100052700,DAVE ST,,DAVE ST,VITERBO ST,,VITERBO ST,2019-01-11T00:00:00.000,1810,LAS VEGAS,CLARK,CLARK,669002.79,3986057.82689999
CLSD22015370,W CACTUS AVE,,W CACTUS AVE,S BUFFALO DR,,S BUFFALO DR,2022-02-09T00:00:00.000,1456,LAS VEGAS,CLARK,CLARK,656670.5881,3985150.97939999
LVM190400135862,SANDS AVE,,SANDS AVE,PALAZZO DR,,PALAZZO DR,2019-04-28T00:00:00.000,244,LAS VEGAS,CLARK,CLARK,664947.311999999,3999341.09139999
NLPD2002230003741,STOCKER ST,,STOCKER ST,W OWENS AVE,,W OWENS AVE,2020-02-23T00:00:00.000,1301,NORTH LAS VEGAS,CLARK,CLARK,667269.0321,4006464.72839999
NLPD2003130005071,N MARTIN L KING BLVD,,N MARTIN L KING BLVD,W CHEYENNE AVE,,W CHEYENNE AVE,2020-03-13T00:00:00.000,2119,NORTH LAS VEGAS,CLARK,CLARK,665270.515399999,4009767.2368
LVM190700047566,S DECATUR BLVD,,S DECATUR BLVD,W FLAMINGO RD,,W FLAMINGO RD,2019-07-10T00:00:00.000,737,LAS VEGAS,CLARK,CLARK,661276.6292,3998236.25139999
LVM220300128155,E BONANZA RD,,E BONANZA RD,N HONOLULU ST,,N HONOLULU ST,2022-03-31T00:00:00.000,735,LAS VEGAS,CLARK,CLARK,671404.3879,4004873.9681
LVM221000017130,S LAS VEGAS BLVD,,S LAS VEGAS BLVD,E SAHARA AVE,,E SAHARA AVE,2022-10-05T00:00:00.000,904,LAS VEGAS,CLARK,CLARK,665778.0678,4001455.628
LVM190700055849,E FLAMINGO RD,,E FLAMINGO RD,S SANDHILL RD,,S SANDHILL RD,2019-07-11T00:00:00.000,2116,LAS VEGAS,CLARK,CLARK,671604.686599999,3998418.06469999
HP23-06841,CONESTOGA WAY,,CONESTOGA WAY,COUNTRY COACH DR,,COUNTRY COACH DR,2023-04-13T00:00:00.000,2110,HENDERSON,CLARK,CLARK,686513.0087,3985029.4765
LVM211000068392,GILES ST,,GILES ST,E SILVERADO RANCH BLVD,,E SILVERADO RANCH BLVD,2021-10-16T00:00:00.000,2041,,CLARK,CLARK,664911.691999999,3986921.9208
NLPD2310230021296,BERG ST,,BERG ST,E GOWAN RD,,E GOWAN RD,2023-10-23T00:00:00.000,1634,NORTH LAS VEGAS,CLARK,CLARK,669671.142699999,4010561.20099999
LVM200300129141,W LAKE MEAD BLVD,,W LAKE MEAD BLVD,N MARTIN L KING BLVD,,N MARTIN L KING BLVD,2020-03-27T00:00:00.000,1750,LAS VEGAS,CLARK,CLARK,665362.0367,4007223.00039999
LVM201200077786,E OWENS AVE,,E OWENS AVE,ROCK CHALK ST,,ROCK CHALK ST,2020-12-18T00:00:00.000,1941,LAS VEGAS,CLARK,CLARK,672122.6917,4006543.13399999
LVM210900061082,SPRING MOUNTAIN RD,,SPRING MOUNTAIN RD,S BUFFALO DR,,S BUFFALO DR,2021-09-14T00:00:00.000,2034,LAS VEGAS,CLARK,CLARK,656470.858599999,3999272.5108
NHP221200813,OTHER,US95N/JONES BLVD OFF RAMP,US95N TO JONES BLVD INT80,OTHER,US95N,US95N,2022-12-10T00:00:00.000,1952,LAS VEGAS,CLARK,CLARK,660189.1895,4004743.85989999
LVM221100007270,S LAMB BLVD,,S LAMB BLVD,BOULDER HWY,,BOULDER HWY,2022-11-02T00:00:00.000,1949,LAS VEGAS,CLARK,CLARK,672431.758899999,4000091.3624
LVM200900110145,W TROPICANA AVE,,W TROPICANA AVE,S FORT APACHE RD,,S FORT APACHE RD,2020-09-25T00:00:00.000,1329,,CLARK,CLARK,653094.2766,3996384.4296
LVM210600089511,E SAHARA AVE,,E SAHARA AVE,S LAS VEGAS BLVD,,S LAS VEGAS BLVD,2021-06-19T00:00:00.000,2354,LAS VEGAS,CLARK,CLARK,665779.1989,4001457.7882
LVM210800115393,N DECATUR BLVD,,N DECATUR BLVD,REITER AVE,,REITER AVE,2021-08-27T00:00:00.000,1509,LAS VEGAS,CLARK,CLARK,661300.6506,4007633.64149999
LVM220900091480,E TROPICANA AVE,,E TROPICANA AVE,OTHER,TOPAZ ST,OTHER,2022-09-23T00:00:00.000,518,LAS VEGAS,CLARK,CLARK,667330.702499999,4004332.0467
LVM220100033426,E SAHARA AVE,,E SAHARA AVE,JOE W BROWN DR,,JOE W BROWN DR,2022-01-09T00:00:00.000,124,LAS VEGAS,CLARK,CLARK,666284.247499999,4001458.4799
NHP210300893,SR157,,SR157,OTHER,MM3,OTHER,2021-03-14T00:00:00.000,1400,,CLARK,CLARK,624356.865,4013993.7807
LVM220100048112,OTHER,BOULDER HIGHWAY,BOULDER HWY,OTHER,TULIP FALLS DR,TULIP FALLS DR,2022-01-12T00:00:00.000,1935,LAS VEGAS,CLARK,CLARK,677725.814,3994476.98259999
LVM221100113785,HARRIS AVE,,HARRIS AVE,N PECOS AVE,PECOS RD,PECOS RD,2022-11-30T00:00:00.000,1508,LAS VEGAS,CLARK,CLARK,671028.4713,4005278.0492
NLPD2111190020158,SMALL AVE,,SMALL AVE,E NELSON AVE,,E NELSON AVE,2021-11-19T00:00:00.000,1322,NORTH LAS VEGAS,CLARK,CLARK,669254.869599999,4008283.6699
RPD21-1219,MILL ST,,MILL ST,TERMINAL WAY,,TERMINAL WAY,2021-01-21T00:00:00.000,1739,RENO,WASHOE,WASHOE,261243.2291,4377899.30529999
LVM230300060615,N LAS VEGAS BLVD,,N LAS VEGAS BLVD,E OWENS AVE,,E OWENS AVE,2023-03-14T00:00:00.000,1916,LAS VEGAS,CLARK,CLARK,667783.5601,4006469.6574
LVM221000069403,W TROPICANA AVE,,W TROPICANA AVE,S JONES BLVD,,S JONES BLVD,2022-10-18T00:00:00.000,1722,LAS VEGAS,CLARK,CLARK,659554.765999999,3996478.3801
LVM191100082308,E FLAMINGO RD,,E FLAMINGO RD,S MARYLAND PKWY,,S MARYLAND PKWY,2019-11-18T00:00:00.000,1028,LAS VEGAS,CLARK,CLARK,667598.951399999,3998261.5
LVM190200122716,E OWENS AVE,,E OWENS AVE,N PECOS RD,,N PECOS RD,2019-02-27T00:00:00.000,731,LAS VEGAS,CLARK,CLARK,671198.1045,4006502.3528
RPD21-4665,GOLDEN VALLEY RD,,GOLDEN VALLEY RD,US395N TO GOLDEN VALLEY RD INT73,,US395N TO GOLDEN VALLEY RD INT73,2021-03-18T00:00:00.000,755,RENO,WASHOE,WASHOE,256404.25,4387340.0
RPD21-13276,E 4TH ST,,E 4TH ST,QUINCY ST,,QUINCY ST,2021-07-23T00:00:00.000,2051,RENO,WASHOE,WASHOE,259439.8404,4379645.77979999
LVM190300041248,W TROPICANA AVE,,W TROPICANA AVE,S RAINBOW BLVD,,S RAINBOW BLVD,2019-03-09T00:00:00.000,1331,LAS VEGAS,CLARK,CLARK,658158.677299999,3996446.1523
LVM220800003683,N LAS VEGAS BLVD,,SR604S,OTHER,WALNUT RD,N WALNUT RD,2022-08-01T00:00:00.000,2151,LAS VEGAS,CLARK,CLARK,671644.051699999,4009994.51099999
LVM201100034231,E TROPICANA AVE,,E TROPICANA AVE,MOUNTAIN VISTA ST,,MOUNTAIN VISTA ST,2020-11-08T00:00:00.000,2305,,CLARK,CLARK,673448.0059,3996789.8516
HP19-10599,SANTIAGO DR,,SANTIAGO DR,N STEPHANIE ST,,N STEPHANIE ST,2019-05-09T00:00:00.000,2321,HENDERSON,,,675968.0038,3991145.15509999
LVM190900027374,W CHARLESTON BLVD,,W CHARLESTON BLVD,S RANCHO DR,,S RANCHO DR,2019-09-06T00:00:00.000,1455,LAS VEGAS,CLARK,CLARK,664363.001199999,4003116.78339999
LVM221000116976,E SAHARA AVE,,E SAHARA AVE,OTHER,S NELLIS,OTHER,2022-10-30T00:00:00.000,1913,LAS VEGAS,CLARK,CLARK,674123.9121,4001691.15389999
LVM210700091097,CEDAR AVE,,CEDAR AVE,N EASTERN AVE,,N EASTERN AVE,2021-07-20T00:00:00.000,1441,LAS VEGAS,CLARK,CLARK,669470.673899999,4004469.5908
NLPD2102010001888,SCOTT ROBINSON BLVD,,SCOTT ROBINSON BLVD,W CRAIG RD,,W CRAIG RD,2021-02-01T00:00:00.000,1053,NORTH LAS VEGAS,CLARK,CLARK,664752.9122,4012147.228
LVM231200013950,STEWART AVE,,STEWART AVE,N CASINO CENTER BLVD,,N CASINO CENTER BLVD,2023-12-05T00:00:00.000,613,LAS VEGAS,CLARK,CLARK,667056.967799999,4004737.29739999
LVM210600013832,N WALNUT RD,,N WALNUT RD,E LAKE MEAD BLVD,,E LAKE MEAD BLVD,2021-06-03T00:00:00.000,2227,,CLARK,CLARK,671800.707499999,4007346.87959999
LVM230300108062,E DESERT INN RD,,E DESERT INN RD,JOE W BROWN DR,,JOE W BROWN DR,2023-03-25T00:00:00.000,833,LAS VEGAS,CLARK,CLARK,666957.3201,3999936.29289999
LVM230100005729,E MESQUITE AVE,,E MESQUITE AVE,N EASTERN AVE,,N EASTERN AVE,2023-01-02T00:00:00.000,959,LAS VEGAS,CLARK,CLARK,669434.846499999,4004568.23839999
LVM230100021703,S RAINBOW BLVD,,S RAINBOW BLVD,W DEWEY DR,,W DEWEY DR,2023-01-06T00:00:00.000,631,LAS VEGAS,CLARK,CLARK,658204.894899999,3994990.401
NHP230500198,OTHER,TILLMAN LANE,TILLMAN LN,MUIR DRIVE,,MUIR DR,2023-05-03T00:00:00.000,2019,GARDNERVILLE,DOUGLAS,DOUGLAS,262199.002,4309011.19639999
LVM221000013679,N LAS VEGAS BLVD,,N LAS VEGAS BLVD,E ADAMS AVE,,E ADAMS AVE,2022-10-04T00:00:00.000,1121,LAS VEGAS,CLARK,CLARK,667798.0767,4005780.0337
LVM210500009462,E FLAMINGO RD,,E FLAMINGO RD,BURNHAM AVE,,BURNHAM AVE,2021-05-03T00:00:00.000,101,,CLARK,CLARK,668856.0021,3998295.4638
LVM191100058208,S LAS VEGAS BLVD,,S LAS VEGAS BLVD,E CLARK AVE,,E CLARK AVE,2019-11-13T00:00:00.000,827,LAS VEGAS,CLARK,CLARK,666965.043899999,4003797.94449999
LVM231100091616,GARY COOPER ST,,GARY COOPER ST,OZZIE HARRIET AVE,,OZZIE HARRIET AVE,2023-11-26T00:00:00.000,1309,LAS VEGAS,CLARK,CLARK,677260.896599999,4000734.2652
NHP230501500,SPEEDWAY BLVD,,SPEEDWAY BLVD,OTHER,SR604,SR604N,2023-05-22T00:00:00.000,1,NORTH LAS VEGAS,CLARK,CLARK,679515.3753,4015915.3705
HP19-05265,OLYMPIC AVE,,OLYMPIC AVE,ATHENIAN DR,,ATHENIAN DR,2019-03-08T00:00:00.000,1444,HENDERSON,CLARK,CLARK,672907.6122,3993731.3846
LVM190400061191,KIMBERLY AVE,,KIMBERLY AVE,STEPTOE ST,,STEPTOE ST,2019-04-13T00:00:00.000,459,LAS VEGAS,CLARK,CLARK,676813.0986,3996622.76989999
CCSO22-6222,LITTLE LN,,LITTLE LN,STEWART ST,,STEWART ST,2022-10-06T00:00:00.000,1712,CARSON CITY,CARSON CITY,CARSON CITY,261129.0312,4337881.0
LVM230300086174,E CHARLESTON BLVD,,SR159,PEARL AVE,PEARL AVE,PEARL AVE,2023-03-20T00:00:00.000,1217,LAS VEGAS,CLARK,CLARK,671216.612999999,4003242.9984
LVM190500140711,BURNHAM AVE,,BURNHAM AVE,E FLAMINGO RD,,E FLAMINGO RD,2019-05-29T00:00:00.000,854,LAS VEGAS,CLARK,CLARK,668856.0131,3998296.07349999
LVM220200103095,W OAKEY BLVD,,W OAKEY BLVD,EDMOND ST,,EDMOND ST,2022-02-25T00:00:00.000,846,LAS VEGAS,CLARK,CLARK,660808.788599999,4002261.8133
LVM200400131014,MOUNTAIN VISTA ST,,MOUNTAIN VISTA ST,E FLAMINGO RD,,E FLAMINGO RD,2020-04-27T00:00:00.000,1355,LAS VEGAS,CLARK,CLARK,673367.048999999,3998418.4733
LVM221100000604,N RAINBOW BLVD,,N RAINBOW BLVD,W RED COACH AVE,,W RED COACH AVE,2022-11-01T00:00:00.000,609,LAS VEGAS,CLARK,CLARK,657944.1721,4012547.77679999
LVM191000121420,E SAHARA AVE,,E SAHARA AVE,TEE ST,,TEE ST,2019-10-26T00:00:00.000,343,LAS VEGAS,CLARK,CLARK,674354.3382,4001753.06079999
LVM231100014601,INDUSTRIAL RD,,INDUSTRIAL RD,W CHICAGO AVE,,W CHICAGO AVE,2023-11-05T00:00:00.000,627,LAS VEGAS,CLARK,CLARK,665468.2549,4002183.43209999
NLPD2104140006259,E CHEYENNE AVE,,E CHEYENNE AVE,N 5TH ST,,N 5TH ST,2021-04-14T00:00:00.000,2202,NORTH LAS VEGAS,CLARK,CLARK,667907.634999999,4009715.1081
RPD22-5971,MCCARRAN BLVD,,SR659,MILL ST,,MILL ST,2022-03-30T00:00:00.000,930,RENO,WASHOE,WASHOE,264052.9769,4377131.0028
LVM220700085639,OLD VILLAGE AVE,,OLD VILLAGE AVE,RED DESERT ST,,RED DESERT ST,2022-07-22T00:00:00.000,721,LAS VEGAS,CLARK,CLARK,657310.054299999,4012713.25779999
NLPD2204150006860,LAKE MEAD BLVD,,LAKE MEAD BLVD,CIVIC CENTER DR,,CIVIC CENTER DR,2022-04-15T00:00:00.000,1335,NORTH LAS VEGAS,CLARK,CLARK,669377.869599999,4007316.08679999
LVM190200009013,E TROPICANA AVE,,E TROPICANA AVE,DUKE ELLINGTON WAY,,DUKE ELLINGTON WAY,2019-02-03T00:00:00.000,28,LAS VEGAS,CLARK,CLARK,665035.729799999,3996694.7692
NHP200301172,US95,,US95,OTHER,US95/TROPICANA AVE N/B OFF RAMP,OTHER,2020-03-15T00:00:00.000,2143,,CLARK,CLARK,673599.0148,3995800.45009999
LVM220300000352,S LAS VEGAS BLVD,,S LAS VEGAS BLVD,CATHEDRAL WAY,,CATHEDRAL WAY,2022-03-01T00:00:00.000,244,LAS VEGAS,CLARK,CLARK,665079.8377,4000075.65699999
SPPD23-7936,GREG ST,,GREG ST,S 21ST ST,,S 21ST ST,2023-10-17T00:00:00.000,437,SPARKS,WASHOE,WASHOE,261872.236399999,4378470.8658
SPPD23-8987,ROCK BLVD,,SR668,VICTORIAN AVE,,VICTORIAN AVE,2023-11-22T00:00:00.000,655,SPARKS,WASHOE,WASHOE,262332.024699999,4379825.0952
RPD21-9505,W 4TH ST,,W 4TH ST,KEYSTONE AVE,,KEYSTONE AVE,2021-05-30T00:00:00.000,1300,RENO,WASHOE,WASHOE,257040.7615,4379070.52779999
LVM220100081471,W SAHARA AVE,,W SAHARA AVE,OTHER,PALACE STATION,PALACE STATION,2022-01-21T00:00:00.000,758,LAS VEGAS,CLARK,CLARK,,
NHP231201647,OTHER,IR580,IR580S TO E COLLEGE PKWY INT6,OTHER,COLLEGE PKWY,E COLLEGE PKWY,2023-12-24T00:00:00.000,1918,,CARSON CITY,CARSON CITY,262131.328099999,4341480.5
LVM201200107771,S RAINBOW BLVD,,S RAINBOW BLVD,W PATRICK LN,,W PATRICK LN,2020-12-26T00:00:00.000,226,LAS VEGAS,CLARK,CLARK,658239.7931,3993967.5193
LVM230800018769,SIMMONS ST,,VEGAS DR,VEGAS DR,,SIMMONS ST,2023-08-05T00:00:00.000,2054,LAS VEGAS,CLARK,CLARK,663934.830199999,4006395.5481
LVMLLV211100089665,S NELLIS BLVD,,SR612,BOULDER HWY S,BOULDER HIGHWAY,SR582S,2021-11-21T00:00:00.000,1858,LAS VEGAS,CLARK,CLARK,674195.136099999,3998163.3449
LVM190900078208,E TROPICANA AVE,,E TROPICANA AVE,MORRIS ST,,MORRIS ST,2019-09-17T00:00:00.000,726,LAS VEGAS,CLARK,CLARK,674687.9148,3996821.85469999
NHP210702451,CC215 E,,CC215 E,CC215 E TO IR15 N,,CC215 E TO IR15 N,2021-07-31T00:00:00.000,1503,,CLARK,CLARK,663367.036799999,3992690.5426
LVM230400031160,W TROPICANA AVE,,W TROPICANA AVE,S DECATUR BLVD,,S DECATUR BLVD,2023-04-07T00:00:00.000,2206,LAS VEGAS,CLARK,CLARK,661314.0069,3996624.6203
LVM190800037586,W FLAMINGO RD,,W FLAMINGO RD,S FORT APACHE RD,,S FORT APACHE RD,2019-08-08T00:00:00.000,1348,LAS VEGAS,CLARK,CLARK,653308.4353,3998039.00769999
LVM191100013796,SPRING MOUNTAIN RD,,SPRING MOUNTAIN RD,RED ROCK ST,,RED ROCK ST,2019-11-03T00:00:00.000,2038,LAS VEGAS,CLARK,CLARK,659929.1807,3999336.26349999
WNPD19-0681,SCHREINER DR,,SCHREINER DR,JACOBSEN DR,,JACOBSEN DR,2019-07-13T00:00:00.000,1954,WINNEMUCCA,,,440148.566599999,4534892.68229999
LVM230900095598,E SAHARA AVE,,E SAHARA AVE,MARKET ST,,MARKET ST,2023-09-27T00:00:00.000,2014,LAS VEGAS,CLARK,CLARK,667376.375599999,4001539.29939999
RPD23-504,W 2ND ST,,W 2ND ST,N ARLINGTON AVE,,N ARLINGTON AVE,2023-01-09T00:00:00.000,1829,RENO,WASHOE,WASHOE,257793.1325,4378947.937
LVM221200099208,E DESERT INN RD,,E DESERT INN RD,CAMBRIDGE ST,,CAMBRIDGE ST,2022-12-25T00:00:00.000,2047,LAS VEGAS,CLARK,CLARK,667250.183699999,3999940.75
RPD22-6238,WEST ST,,WEST ST,W 1ST ST,,W 1ST ST,2022-04-03T00:00:00.000,151,RENO,WASHOE,WASHOE,257993.960099999,4378847.55419999
NHP211100946,IR80 E,IR80 E,IR80 E,OTHER,IR580 E TO S RAMP,OTHER,2021-11-12T00:00:00.000,1930,,WASHOE,WASHOE,,
NHP200500401,OTHER,US95,OTHER,OTHER,SUNSET ROAD ON RAMP,OTHER,2020-05-11T00:00:00.000,631,,CLARK,CLARK,677623.2355,3992066.2695
RPD23-10802,E 4TH ST,,E 4TH ST,EVANS AVE,,EVANS AVE,2023-06-21T00:00:00.000,610,RENO,WASHOE,WASHOE,258487.6982,4379444.49469999
CCSO19-8307,S ROOP ST,,S ROOP ST,LITTLE LN,,LITTLE LN,2019-12-10T00:00:00.000,1238,CARSON CITY,CARSON CITY,CARSON CITY,261414.7344,4337876.0
ELPD2020-13164,MOUNTAIN CITY HWY,,MOUNTAIN CITY HWY,MURRAY WAY,,MURRAY WAY,2020-07-10T00:00:00.000,2141,ELKO,ELKO,ELKO,602879.7489,4520522.05959999
HP22-14286,N STEPHANIE ST,,N STEPHANIE ST,WARM SPRINGS RD,,WARM SPRINGS RD,2022-07-23T00:00:00.000,1900,HENDERSON,CLARK,CLARK,675972.8426,3991947.8429
NHP211100005,OTHER,IR15,OTHER,OTHER,SR147 NB OFF RAMP,OTHER,2021-11-01T00:00:00.000,131,,CLARK,CLARK,,
LVM211200102571,N BUFFALO DR,,N BUFFALO DR,PIRATES COVE RD,,PIRATES COVE RD,2021-12-26T00:00:00.000,250,LAS VEGAS,CLARK,CLARK,656385.094499999,4004852.73509999
RPD19-1377,E 1ST ST,,E 1ST ST,N CENTER ST,,N CENTER ST,2019-01-20T00:00:00.000,2224,RENO,WASHOE,WASHOE,258330.351499999,4378942.59779999
LVM220400109822,SPRUCE GOOSE ST,,SPRUCE GOOSE ST,OTHER,W CHARLESTON BLVD,OTHER,2022-04-26T00:00:00.000,1505,LAS VEGAS,CLARK,CLARK,650341.645999999,4002859.82069999
RPD21-16559,BRINKBY AVE,,BRINKBY AVE,LYMBERY ST,,LYMBERY ST,2021-09-06T00:00:00.000,1110,RENO,WASHOE,WASHOE,259036.339399999,4375498.1564
LVM23040094554,S NELLIS BLVD,,SR612,OTHER,WALNUT AVE,WALNUT AVE,2023-04-21T00:00:00.000,1347,LAS VEGAS,CLARK,CLARK,674284.3141,4004783.3011
NHP211002252,S CARSON ST,,S CARSON ST,OTHER,IR-580 NB ON-RAMP,OTHER,2021-10-28T00:00:00.000,1852,,CARSON CITY,CARSON CITY,260334.748599999,4333604.88629999
LASO22110001,IR80W TO BROYLES RANCH RD INT231,,IR80W TO BROYLES RANCH RD INT231,,,BROYLES RANCH RD,2022-11-01T00:00:00.000,1412,BATTLE MOUNTAIN,LANDER,LANDER,504640.053399999,4498587.2489
LVM190400004247,E CHARLESTON BLVD,,E CHARLESTON BLVD,BURNHAM AVE,,BURNHAM AVE,2019-04-01T00:00:00.000,2105,LAS VEGAS,CLARK,CLARK,668804.3962,4003201.618
LVM190100133009,OTHER,SAMMY DAVIS JR,OTHER,OTHER,MEL TORME,OTHER,2019-01-29T00:00:00.000,37,LAS VEGAS,CLARK,CLARK,664169.8935,3999651.2476
NLPD2306070011554,CAMINO AL NORTE,,CAMINO AL NORTE,RANCHO DEL NORTE DR,,RANCHO DEL NORTE DR,2023-06-07T00:00:00.000,1402,NORTH LAS VEGAS,CLARK,CLARK,665931.8693,4013502.9122
LVM200700083688,W CHARLESTON BLVD,,W CHARLESTON BLVD,SKY VISTA DR,,SKY VISTA DR,2020-07-19T00:00:00.000,2119,LAS VEGAS,CLARK,CLARK,647218.413499999,4002402.5668
LVM190100056671,E SAHARA AVE,,E SAHARA AVE,OTHER,SLOAN,OTHER,2019-01-12T00:00:00.000,1646,LAS VEGAS,CLARK,CLARK,675546.700699999,4001745.91889999
LVM200800104771,S TORREY PINES DR,,S TORREY PINES DR,W FLAMINGO RD,,W FLAMINGO RD,2020-08-24T00:00:00.000,2146,,CLARK,CLARK,658951.4981,3998096.3277
LVM210100130379,E FLAMINGO RD,,E FLAMINGO RD,SPENCER ST,,SPENCER ST,2021-01-29T00:00:00.000,1431,LAS VEGAS,CLARK,CLARK,,
LVM190800154179,S RAINBOW BLVD,,S RAINBOW BLVD,W CHARLESTON BLVD,,W CHARLESTON BLVD,2019-08-31T00:00:00.000,1905,LAS VEGAS,CLARK,CLARK,657967.8528,4003200.20299999
LVM190800059654,E BONNEVILLE AVE,,E BONNEVILLE AVE,S CASINO CENTER BLVD,,S CASINO CENTER BLVD,2019-08-12T00:00:00.000,2002,LAS VEGAS,CLARK,CLARK,666647.5524,4003795.7126
LVM230100124346,N RAINBOW BLVD,,N RAINBOW BLVD,VEGAS DR,,VEGAS DR,2023-01-31T00:00:00.000,2155,LAS VEGAS,CLARK,CLARK,658047.018299999,4006300.39189999
LVM231100042358,E TROPICANA AVE,,TROPICANA AVE,OTHER,S NELLIS BLVD,NELLIS BLVD,2023-11-12T00:00:00.000,2316,LAS VEGAS,CLARK,CLARK,674225.166899999,3996801.0
NLPD2111200020217,E LAKE MEAD BLVD,,E LAKE MEAD BLVD,CIVIC CENTER DR,,CIVIC CENTER DR,2021-11-20T00:00:00.000,609,NORTH LAS VEGAS,CLARK,CLARK,669317.8469,4007314.42809999
LVM211100033985,W NEVSO DR,,W NEVSO DR,FIDUS DR,,FIDUS DR,2021-11-09T00:00:00.000,446,,CLARK,CLARK,661895.0684,3998050.0786
RPD22-3552,VASSAR ST,,VASSAR ST,KIETZKE LN,,KIETZKE LN,2022-02-22T00:00:00.000,1511,RENO,WASHOE,WASHOE,260218.094399999,4377417.70219999
LYSO23LY03809,FRONTAGE RD,,FRLY22,GOLDFIELD ST,,GOLDFIELD ST,2023-09-10T17:00:00.000,2123,SILVER SPRINGS,LYON,LYON,308387.155399999,4365361.13829999
CLSD22047514,SPENCER ST,,SPENCER ST,E PYLE AVE,,E PYLE AVE,2022-04-27T00:00:00.000,1008,LAS VEGAS,CLARK,CLARK,668730.1693,3986257.95529999
HP23-14542,E GALLERIA DR,,E GALLERIA DR,MCCORMICK RD,,MCCORMICK RD,2023-07-28T00:00:00.000,1415,HENDERSON,CLARK,CLARK,682328.433199999,3993721.89919999
LVM200100022808,E PEBBLE RD,,E PEBBLE RD,S LAS VEGAS BLVD,,S LAS VEGAS BLVD,2020-01-05T00:00:00.000,1721,LAS VEGAS,CLARK,CLARK,664748.2176,3988639.55929999
HP22-22400,W HORIZON RIDGE PKWY,,W HORIZON RIDGE PKWY,VALARE ST,,VALARE ST,2022-11-17T00:00:00.000,1500,HENDERSON,CLARK,CLARK,676426.974399999,3988147.03659999
LVM220100080081,E BONANZA RD,,E BONANZA RD,OTHER,VETERANS MEMORIAL DR,VETERANS MEMORIAL DR,2022-01-20T00:00:00.000,2121,LAS VEGAS,CLARK,CLARK,667251.4523,4005091.36529999
NLPD2112090021428,W ANN RD,,W ANN RD,FERRELL ST,,FERRELL ST,2021-12-09T00:00:00.000,2222,NORTH LAS VEGAS,CLARK,CLARK,663095.6884,4014487.9506
NLPD2302230003765,MARTIN L KING BLVD,,N MARTIN L KING BLVD,W ALEXANDER,,W ALEXANDER RD,2023-02-23T00:00:00.000,1803,NORTH LAS VEGAS,CLARK,CLARK,665175.9818,4011329.0139
LVM230100115739,S DECATUR BLVD,,S DECATUR BLVD,FLAMINGO RD,,FLAMINGO RD,2023-01-29T00:00:00.000,1616,LAS VEGAS,CLARK,CLARK,661277.2434,3998209.7419
NHP210801085,RAFAEL RIVERA WAY,,RAFAEL RIVERA WAY,S DURANGO DR,,S DURANGO DR,2021-08-16T00:00:00.000,2130,,CLARK,CLARK,654946.219499999,3992777.2872
LVM220500068474,E SILVERADO RANCH BLVD,,E SILVERADO RANCH BLVD,BERMUDA RD,,BERMUDA RD,2022-05-17T00:00:00.000,1444,,CLARK,CLARK,666343.3832,3986992.14719999
LVM220100091015,N LAMB BLVD,,N LAMB BLVD,STEWART AVE,,STEWART AVE,2022-01-23T00:00:00.000,1521,LAS VEGAS,CLARK,CLARK,672653.495,4003953.7146
LVM221000048107,E RUSSELL RD,,E RUSSELL RD,MOUNTAIN VISTA ST,,MOUNTAIN VISTA ST,2022-10-12T00:00:00.000,2206,LAS VEGAS,CLARK,CLARK,673485.465499999,3995163.9363
NLPD2304200007889,N DECATUR BLVD,,N DECATUR BLVD,W ROME BLVD,,W ROME BLVD,2023-04-20T00:00:00.000,1847,NORTH LAS VEGAS,CLARK,CLARK,661075.869199999,4016514.85429999
LVM190700038494,INDIOS AVE,,INDIOS AVE,BOULDER HWY,,BOULDER HWY,2019-07-08T00:00:00.000,1112,LAS VEGAS,CLARK,CLARK,673297.509999999,3999130.93459999
LVM201200114523,W DESERT INN RD,,W DESERT INN RD,PIONEER AVE,,PIONEER AVE,2020-12-27T00:00:00.000,1733,,CLARK,CLARK,661782.4159,3999864.242
LVM231100044145,PASEO DEL PRADO,,PASEO DEL PRADO,SIDONIA AVE,,SIDONIA AVE,2023-11-12T16:00:00.000,1227,LAS VEGAS,CLARK,CLARK,663972.4901,4001857.3361
LVM231100079906,E HARMON AVE,,E HARMON AVE,KOVAL LN,,KOVAL LN,2023-11-21T16:00:00.000,1849,LAS VEGAS,CLARK,CLARK,664937.465699999,3997484.5756
NLPD2205200009218,E CENTENNIAL PKWY,,E CENTENNIAL PKWY,DONNA ST,,DONNA ST,2022-05-20T00:00:00.000,855,NORTH LAS VEGAS,CLARK,CLARK,667916.3897,4016220.11549999
LVM190100065267,W TROPICANA AVE,,W TROPICANA AVE,S RAINBOW BLVD,,S RAINBOW BLVD,2019-01-14T00:00:00.000,1532,LAS VEGAS,CLARK,CLARK,658116.928799999,3996444.86559999
LVM190800021532,N LAS VEGAS BLVD,,N LAS VEGAS BLVD,,,,2019-08-05T00:00:00.000,1109,LAS VEGAS,CLARK,CLARK,,
RPD23-9835,E 6TH ST,,E 6TH ST,EVANS AVE,,EVANS AVE,2023-06-05T00:00:00.000,1754,RENO,WASHOE,WASHOE,258399.4012,4379725.14489999
LVM220100090776,E WASHINGTON AVE,,E WASHINGTON AVE,N 21ST ST,,N 21ST ST,2022-01-23T00:00:00.000,1343,LAS VEGAS,CLARK,CLARK,669008.9767,4005681.8297
SPPD21-8661,E LINCOLN WAY,,E LINCOLN WAY,MARINA GATEWAY DR,,MARINA GATEWAY DR,2021-10-11T00:00:00.000,1411,SPARKS,WASHOE,WASHOE,266024.752899999,4379890.21169999
LVM190500043266,SANDY LN,,SANDY LN,E COLTON AVE,,E COLTON AVE,2019-05-09T00:00:00.000,1818,LAS VEGAS,CLARK,CLARK,671307.9221,4010219.4842
RPD19-1652,S VIRGINIA ST,,S VIRGINIA ST,GENTRY WY,,GENTRY WY,2019-01-24T00:00:00.000,1814,RENO,WASHOE,WASHOE,259405.0218,4375419.47529999
LVM220800072863,S EASTERN AVE,,S EASTERN AVE,SUNSET RD,,SR562,2022-08-18T00:00:00.000,1235,LAS VEGAS,CLARK,CLARK,669417.6665,3993464.7684
LVM221200021032,W NEVSO DR,,W NEVSO DR,CAMERON ST,,CAMERON ST,2022-12-06T00:00:00.000,834,LAS VEGAS,CLARK,CLARK,661645.8402,3998044.02329999
NHP220301311,IR80 W,IR80,IR80W,OTHER,WADSWORTH,Mile Post 43,2022-03-18T00:00:00.000,2120,,WASHOE,WASHOE,300650.5174,4386885.64509999
LVM220800034681,E WASHINGTON AVE,,SR578,OTHER,N MAIN,N MAIN ST,2022-08-09T00:00:00.000,819,LAS VEGAS,CLARK,CLARK,667248.864699999,4005647.21089999
LVM190900080332,S FORT APACHE RD,,S FORT APACHE RD,LAKE NORTH DR,,LAKE NORTH DR,2019-09-17T00:00:00.000,1541,LAS VEGAS,CLARK,CLARK,653175.436999999,4000903.6742
CLSD21141870,E SAHARA AVE,,E SAHARA AVE,S HOLLYWOOD BLVD,,S HOLLYWOOD BLVD,2021-12-09T00:00:00.000,1355,LAS VEGAS,CLARK,CLARK,677316.929899999,4001774.3539
LVM230900074816,E CHARLESTON BLVD,,SR159,OTHER,MARION DR,MARION DR,2023-09-21T00:00:00.000,2136,LAS VEGAS,CLARK,CLARK,673204.578499999,4003297.20419999
LVM210500030292,W FLAMINGO RD,,W FLAMINGO RD,S BUFFALO DR,,S BUFFALO DR,2021-05-07T00:00:00.000,1106,,CLARK,CLARK,656558.185499999,3998066.80709999
LVM220900029353,RANCHO SANTA FE DR,,RANCHO SANTA FE DR,N RAINBOW BLVD,,N RAINBOW BLVD,2022-09-07T00:00:00.000,2112,LAS VEGAS,CLARK,CLARK,657915.0059,4013796.88069999
LVM211100023427,S NELLIS BLVD,,S NELLIS BLVD,OTHER,BOULDER HWY,OTHER,2021-11-06T00:00:00.000,1343,LAS VEGAS,CLARK,CLARK,674200.3936,3998233.13269999
LVM210500118076,E WASHINGTON AVE,,E WASHINGTON AVE,LENA ST,,LENA ST,2021-05-25T00:00:00.000,2036,LAS VEGAS,CLARK,CLARK,670719.4197,4005689.2772
NLPD2203020003810,HAMILTON,,HAMILTON,EAST LAKE MEAD BLVD,,EAST LAKE MEAD BLVD,2022-03-02T00:00:00.000,1000,NORTH LAS VEGAS,CLARK,CLARK,,
LVM210500003096,S DECATUR BLVD,,S DECATUR BLVD,EDNA AVE,,EDNA AVE,2021-05-01T00:00:00.000,1758,LAS VEGAS,CLARK,CLARK,661227.553299999,4000659.22309999
LVM230200082264,W BONANZA RD,,SR579,CITY PARKWAY,W BONANZA RD,N CITY PKWY,2023-02-20T00:00:00.000,1759,LAS VEGAS,CLARK,CLARK,666437.1946,4005194.59329999
LVM191200050079,W TROPICANA AVE,,W TROPICANA AVE,PROCYON ST,,PROCYON ST,2019-12-11T00:00:00.000,1218,LAS VEGAS,CLARK,CLARK,663142.609,3996663.3055
RPDRP23-17026,MCCARRAN BLVD,,SR659,NORTHTOWNE LN,,NORTHTOWNE LN,2023-09-16T00:00:00.000,2342,RENO,WASHOE,WASHOE,260827.893,4382237.3724
SPPD23-8321,NICHOLS BLVD,,NICHOLS BLVD,MCCARRAN BLVD,,SR659,2023-10-29T00:00:00.000,1244,SPARKS,WASHOE,WASHOE,264828.0414,4379849.5927
LVM190200118216,N MARTIN L KING BLVD,,N MARTIN L KING BLVD,W LAKE MEAD BLVD,,W LAKE MEAD BLVD,2019-02-26T00:00:00.000,958,LAS VEGAS,CLARK,CLARK,665359.7202,4007354.3823
LVM220200003496,OTHER,W CACTUS BLVD,W CACTUS AVE,OTHER,VALLEY VIEW,S VALLEY VIEW BLVD,2022-02-01T00:00:00.000,1913,LAS VEGAS,CLARK,CLARK,663184.9411,3985339.40399999
LVM200100021308,N LAS VEGAS BLVD,,N LAS VEGAS BLVD,E CRAIG RD,,E CRAIG RD,2020-01-05T00:00:00.000,944,LAS VEGAS,CLARK,CLARK,674506.8084,4012127.72829999
LVM211200077681,S MARYLAND PKWY,,S MARYLAND PKWY,E OAKEY BLVD,,E OAKEY BLVD,2021-12-19T00:00:00.000,1500,LAS VEGAS,CLARK,CLARK,667587.999099999,4002366.50359999
LVM191000133600,S LAS VEGAS BLVD,,S LAS VEGAS BLVD,OTHER,HARRAH'S,OTHER,2019-10-28T00:00:00.000,2023,LAS VEGAS,CLARK,CLARK,664444.837,3998644.4921
NLPD2011080018539,E CAREY AVE,,E CAREY AVE,HAMILTON ST,,HAMILTON ST,2020-11-08T00:00:00.000,640,NORTH LAS VEGAS,CLARK,CLARK,668732.890899999,4008107.69519999
LVM221100004025,N LAS VEGAS BLVD,,N LAS VEGAS BLVD,E BONANZA RD,,E BONANZA RD,2022-11-02T00:00:00.000,48,LAS VEGAS,CLARK,CLARK,667543.4276,4004952.1511
LVM220300106373,E CHARLESTON BLVD,,SR159,MAY AVE,,MAY AVE,2022-03-26T00:00:00.000,329,LAS VEGAS,CLARK,CLARK,671053.157999999,4003239.22489999
RPD21-4942,S VIRGINIA ST,,S VIRGINIA ST,W PLUMB LN,,W PLUMB LN,2021-03-22T00:00:00.000,1600,RENO,WASHOE,WASHOE,258983.702499999,4376653.9909
NHP211202273,OTHER,BLUE DIAMOND,OTHER,OTHER,RAINBOW,OTHER,2021-12-30T00:00:00.000,734,LAS VEGAS,CLARK,CLARK,,
NYSO20NY-3950,E SIMKINS RD,,E SIMKINS RD,N LEONARD ST,,N LEONARD ST,2020-11-10T00:00:00.000,1812,,NYE,NYE,588740.9489,4015296.6621
LVM220700122286,OTHER,MARTIN LUTHER KING JR BLVD,MARTIN L KING BLVD,OTHER,BONANZA,BONANZA RD,2022-07-31T00:00:00.000,907,LAS VEGAS,CLARK,CLARK,665398.9402,4005170.072
LVM211100023822,N LAS VEGAS BLVD,,N LAS VEGAS BLVD,E WASHINGTON AVE,,E WASHINGTON AVE,2021-11-06T00:00:00.000,1555,LAS VEGAS,CLARK,CLARK,667776.4126,4005598.36869999
NLPD2109230016431,CAMINO AL NORTE,,CAMINO AL NORTE,W CRAIG RD,,W CRAIG RD,2021-09-23T00:00:00.000,1921,NORTH LAS VEGAS,CLARK,CLARK,665163.408999999,4012071.16599999
LVM210400017451,E OWENS AVE,,E OWENS AVE,N 23RD ST,,N 23RD ST,2021-04-04T00:00:00.000,2042,LAS VEGAS,CLARK,CLARK,669196.935999999,4006497.5798
LVM190400139875,PARADISE RD,,PARADISE RD,KAREN AVE,,KAREN AVE,2019-04-28T00:00:00.000,2135,LAS VEGAS,CLARK,CLARK,666022.0157,4000880.6842
WASO19-5451,4TH AVE,,4TH AVE,VALLEY RD,,VALLEY RD,2019-10-19T00:00:00.000,655,RENO,WASHOE,WASHOE,258683.0641,4379487.5214
LVM200800038294,E CHARLESTON BLVD,,E CHARLESTON BLVD,S LAMB BLVD,,S LAMB BLVD,2020-08-09T00:00:00.000,1956,LAS VEGAS,CLARK,CLARK,672689.6127,4003284.30069999
RPD19-8363,FOSTER DR,,FOSTER DR,HUNTER LAKE DR,,HUNTER LAKE DR,2019-05-02T00:00:00.000,1443,RENO,WASHOE,WASHOE,256529.148299999,4377899.60639999
LVM220700118907,S LAS VEGAS BLVD,,S LAS VEGAS BLVD,WYOMING AVE,,WYOMING AVE,2022-07-30T00:00:00.000,1302,LAS VEGAS,CLARK,CLARK,666249.415699999,4002397.09479999
LVM190200065175,E DESERT INN RD,,E DESERT INN RD,S NELLIS BLVD,,S NELLIS BLVD,2019-02-15T00:00:00.000,24,LAS VEGAS,CLARK,CLARK,674130.756599999,4000059.75329999
LVM231000069315,W HARMON AVE,,W HARMON AVE,ALDEBARAN AVE,,ALDEBARAN AVE,2023-10-20T00:00:00.000,1828,LAS VEGAS,CLARK,CLARK,663519.656799999,3997472.25799999
LVM200600042834,BOULDER HWY,,BOULDER HWY,E TROPICANA AVE,,E TROPICANA AVE,2020-06-12T00:00:00.000,19,LAS VEGAS,CLARK,CLARK,675456.3125,3996906.5
SPPD22-6787,OTHER,I-80 EB OFF,IR80E,N MCCARRAN BL,,IR80E TO SR659 INT10,2022-08-26T00:00:00.000,1208,SPARKS,WASHOE,WASHOE,253335.8687,4378432.66039999
LVM220700052945,E SAHARA AVE,,E SAHARA AVE,PARADISE RD,,PARADISE RD,2022-07-14T00:00:00.000,456,LAS VEGAS,CLARK,CLARK,666013.929499999,4001461.0447
LVM230300132445,E SAHARA AVE,,E SAHARA AVE,SANTA ROSA DR,,SANTA ROSA DR,2023-03-30T00:00:00.000,2024,LAS VEGAS,CLARK,CLARK,666409.9488,4001478.51539999
LVM190100133710,W CHARLESTON BLVD,,W CHARLESTON BLVD,SHADOW LN,,SHADOW LN,2019-01-29T00:00:00.000,619,LAS VEGAS,CLARK,CLARK,665018.791799999,4003131.7144
LVM190200034267,S PAVILION CENTER DR,,S PAVILION CENTER DR,MARYVILLE AVE,,MARYVILLE AVE,2019-02-08T00:00:00.000,1144,LAS VEGAS,CLARK,CLARK,649973.682699999,4003486.2465
LVM210600020348,S EASTERN AVE,,S EASTERN AVE,KAREN AVE,,KAREN AVE,2021-06-05T00:00:00.000,803,LAS VEGAS,CLARK,CLARK,669263.616299999,4001222.78559999
LVM201100003656,STARBOARD DR,,STARBOARD DR,LAKE EAST DR,,LAKE EAST DR,2020-11-01T00:00:00.000,2208,LAS VEGAS,CLARK,CLARK,654618.065399999,4000594.72709999
NHP190201308,SR659,,SR659,OTHER,VICTORIAN AVE,OTHER,2019-02-14T00:00:00.000,2006,RENO,WASHOE,WASHOE,264717.3085,4379687.58019999
SPPD23-9512,ROCK BLVD,,ROCK BLVD,C ST,,C ST,2023-12-09T00:00:00.000,1534,SPARKS,WASHOE,WASHOE,262335.7039,4379928.71619999
NHP231202027,US50,,US50E,OTHER,LAKE PARKWAY,LAKE PKWY,2023-12-31T00:00:00.000,1748,STATELINE,DOUGLAS,DOUGLAS,245354.5959,4316867.66049999
LVM190800058103,VERONA WOOD ST,,VERONA WOOD ST,W LEVI AVE,,W LEVI AVE,2019-08-12T00:00:00.000,1344,LAS VEGAS,CLARK,CLARK,658998.7055,3985037.14949999
LVM230400120659,HILDEBRAND LN,,HILDEBRAND LN,FLAMINGO RD,HILDEBRAND LN,SR592,2023-04-27T00:00:00.000,211,LAS VEGAS,CLARK,CLARK,670320.2278,3998363.95859999
LVM191100069342,CAMBRIDGE ST,,CAMBRIDGE ST,E TWAIN AVE,,E TWAIN AVE,2019-11-15T00:00:00.000,1443,LAS VEGAS,CLARK,CLARK,667230.854,3999216.8209
LVM231100100357,E FLAMINGO RD,,SR592,OTHER,CAMBRIDGE ST,CAMBRIDGE ST,2023-11-28T00:00:00.000,2320,LAS VEGAS,CLARK,CLARK,667191.518,3998261.1498
LVM211100054888,E SAHARA AVE,,E SAHARA AVE,S MARYLAND PKWY,,S MARYLAND PKWY,2021-11-13T00:00:00.000,2124,LAS VEGAS,CLARK,CLARK,667609.405899999,4001563.92229999
LVM190400050759,W FLAMINGO RD,,W FLAMINGO RD,HOTEL RIO DR,,HOTEL RIO DR,2019-04-11T00:00:00.000,244,LAS VEGAS,CLARK,CLARK,663158.932199999,3998247.7662
LVM190100078238,VEGAS DR,,VEGAS DR,BURNINGWOOD LN,,BURNINGWOOD LN,2019-01-17T00:00:00.000,911,LAS VEGAS,CLARK,CLARK,658432.4467,4006302.9747
LVM230900041010,S RAINBOW BLVD,,SR595,OTHER,W OAKEY BLVD,OAKEY BLVD,2023-09-12T00:00:00.000,1143,LAS VEGAS,CLARK,CLARK,658030.188799999,4002194.26989999
CLSD23100711,BERG ST,,BERG ST,HAREWOOD AVE,,HAREWOOD AVE,2023-09-13T00:00:00.000,735,NORTH LAS VEGAS,CLARK,CLARK,669621.729399999,4009517.4875
LVM220800083826,S JONES BLVD,,S JONES BLVD,W TROPICANA AVE,,W TROPICANA AVE,2022-08-20T00:00:00.000,2347,LAS VEGAS,CLARK,CLARK,659774.553799999,3996827.3351
NLPD2304110007195,E CHEYENNE AVE,,SR574,MARY DEE AVE,,MARY DEE AVE,2023-04-11T00:00:00.000,2113,NORTH LAS VEGAS,CLARK,CLARK,669289.440799999,4009735.0
LVM230900094898,S TENAYA WAY,,W ROBINDALE RD,W ROBINDALE RD,,S TENAYA WAY,2023-09-27T00:00:00.000,1639,LAS VEGAS,CLARK,CLARK,657105.4265,3990723.4691
LVM190300090552,E HARMON AVE,,E HARMON AVE,PARADISE RD,,PARADISE RD,2019-03-19T00:00:00.000,1127,LAS VEGAS,CLARK,CLARK,666224.281299999,3997505.2313
NLPD1901110000735,N BRUCE ST,,N BRUCE ST,E WEBB AVE,,E WEBB AVE,2019-01-11T00:00:00.000,715,NORTH LAS VEGAS,CLARK,CLARK,668586.986899999,4006561.99599999
LVM231100104289,IR15N,I15,IR15N,D ST,D ST,D ST,2023-11-29T16:00:00.000,333,LAS VEGAS,CLARK,CLARK,666644.517599999,4005442.732
LVM221200015273,E FLAMINGO RD,,SR592,OTHER,CAMBRIDGE ST,CAMBRIDGE ST,2022-12-04T00:00:00.000,1953,LAS VEGAS,CLARK,CLARK,667205.5355,3998261.4546
LVM211100091991,N NELLIS BLVD,,N NELLIS BLVD,STEWART AVE,E STEWART AVE,STEWART AVE,2021-11-22T00:00:00.000,936,LAS VEGAS,CLARK,CLARK,674301.9353,4004150.1118
LVM200900017702,W LAKE MEAD BLVD,,W LAKE MEAD BLVD,N TORREY PINES DR,,N TORREY PINES DR,2020-09-04T00:00:00.000,1939,LAS VEGAS,CLARK,CLARK,658858.848899999,4007112.19659999
NLPD2307080013741,N MARTIN L KING BLVD,,N MARTIN L KING BLVD,W ALEXANDER RD,,W ALEXANDER RD,2023-07-08T00:00:00.000,800,NORTH LAS VEGAS,CLARK,CLARK,665177.3425,4011248.5581
LVM190200002335,S 6TH ST,,S 6TH ST,E BRIDGER AVE,,E BRIDGER AVE,2019-02-01T00:00:00.000,1411,LAS VEGAS,CLARK,CLARK,667200.1785,4004007.60129999
LVM210500096980,W FLAMINGO RD,,W FLAMINGO RD,EDMOND ST,,EDMOND ST,2021-05-21T00:00:00.000,907,LAS VEGAS,CLARK,CLARK,660898.164599999,3998209.8047
HP19-20620,W SUNSET RD,,W SUNSET RD,N STEPHANIE ST,,N STEPHANIE ST,2019-09-16T00:00:00.000,1500,HENDERSON,CLARK,CLARK,676137.774799999,3992784.52229999
LVM220800103703,E CHARLESTON BLVD,,SR159,OTHER,OAHU,OAHU ST,2022-08-25T00:00:00.000,1959,LAS VEGAS,CLARK,CLARK,671193.418499999,4003242.40169999
LVM220800040074,E WYOMING AVE,,E WYOMING AVE,S LAMB BLVD,,S LAMB BLVD,2022-08-10T00:00:00.000,1417,LAS VEGAS,CLARK,CLARK,672430.514399999,4002495.02239999
NLPD2310110020400,OTHER,NEXUS WAY,ANN RD,N LAMB BLVD,,LAMB BLVD,2023-10-11T00:00:00.000,1822,NORTH LAS VEGAS,CLARK,CLARK,672495.268699999,4014708.27669999
HP23-03340,E LAKE MEAD PKWY,,E LAKE MEAD PKWY,,,,2023-02-19T00:00:00.000,2114,HENDERSON,CLARK,CLARK,,
RPD21-9785,N SIERRA ST,,N SIERRA ST,W 2ND ST,,W 2ND ST,2021-05-28T00:00:00.000,1500,RENO,WASHOE,WASHOE,258090.1276,4378954.0886
HP19-04295,ROMANZA RD,,ROMANZA RD,CAPRICCIO AVE,,CAPRICCIO AVE,2019-02-25T00:00:00.000,912,HENDERSON,CLARK,CLARK,671491.982099999,3983164.84699999
LVM211100119867,W SAHARA AVE,,W SAHARA AVE,S VALLEY VIEW BLVD,,S VALLEY VIEW BLVD,2021-11-28T00:00:00.000,2138,LAS VEGAS,CLARK,CLARK,663051.917999999,4001485.2681
LVM220100090968,E BONANZA RD,,E BONANZA RD,N MOJAVE RD,MOJAVE,N MOJAVE RD,2022-01-23T00:00:00.000,1503,LAS VEGAS,CLARK,CLARK,670353.234299999,4004871.8264
SPPD23-4475,PRATER WAY,,PRATER WAY,SULLIVAN LN,,SULLIVAN LN,2023-06-17T00:00:00.000,540,SPARKS,WASHOE,WASHOE,261827.2958,4380011.1925
HP22-18046,CORONADO CENTER DR,,CORONADO CENTER DR,W HORIZON RIDGE PKWY,,W HORIZON RIDGE PKWY,2022-09-15T00:00:00.000,550,HENDERSON,CLARK,CLARK,670330.140399999,3985471.0391
NLPD1911230023508,CARROLL ST,,CARROLL ST,E CHEYENNE AVE,,E CHEYENNE AVE,2019-11-23T00:00:00.000,1616,NORTH LAS VEGAS,CLARK,CLARK,669313.5744,4009733.2594
LVM230900061106,S MARYLAND PKWY,,S MARYLAND PKWY,SIERRA VISTA DR,,SIERRA VISTA DR,2023-09-18T00:00:00.000,544,LAS VEGAS,CLARK,CLARK,667638.3353,3999573.0163
NHP231201910,MCCARRAN BLVD,,MCCARRAN BLVD,4TH ST,E 4TH ST,4TH ST,2023-12-29T00:00:00.000,1713,,WASHOE,WASHOE,263873.788499999,4382129.9831
LVM220900032856,E BONANZA RD,,SR579,OTHER,CASINO CENTER,VETERANS MEMORIAL DR,2022-09-08T00:00:00.000,1708,LAS VEGAS,CLARK,CLARK,667251.157999999,4005091.0226
LVM221200064234,N NELLIS BLVD,,SR612,KELL LN,,KELL LN,2022-12-16T00:00:00.000,1959,LAS VEGAS,CLARK,CLARK,674236.9117,4007047.00269999
LVM211100002032,W TROPICANA AVE,,W TROPICANA AVE,S TEE PEE LN,,S TEE PEE LN,2021-11-01T00:00:00.000,1313,LAS VEGAS,CLARK,CLARK,652877.309399999,3996384.50249999
HP21-03298,N GREEN VALLEY PKWY,,N GREEN VALLEY PKWY,E SUNSET RD,,E SUNSET RD,2021-02-23T00:00:00.000,1310,HENDERSON,CLARK,CLARK,672685.534099999,3993495.3859
RPD20-1572,E 7TH ST,,E 7TH ST,SPOKANE ST,,SPOKANE ST,2020-01-24T00:00:00.000,1042,RENO,WASHOE,WASHOE,259300.885999999,4380015.26259999
LVM210100081300,ARPA WAY,,ARPA WAY,ILANOS LN,,ILANOS LN,2021-01-18T00:00:00.000,1934,LAS VEGAS,CLARK,CLARK,659390.659599999,4006989.80079999
HP23-12051,SEVEN HILLS DR,,SEVEN HILLS DR,W HORIZON RIDGE PKWY,,W HORIZON RIDGE PKWY,2023-06-23T00:00:00.000,2000,HENDERSON,CLARK,CLARK,669122.9669,3985212.4699
NLPD2009100014941,E LAKE MEAD BLVD,,E LAKE MEAD BLVD,N LAS VEGAS BLVD,,N LAS VEGAS BLVD,2020-09-10T00:00:00.000,1233,NORTH LAS VEGAS,CLARK,CLARK,668209.031299999,4007285.78309999
RTPD20-00083,SKY WY,,SKY WY,OTHER,RADAR WAY,OTHER,2020-02-23T00:00:00.000,820,RENO,WASHOE,WASHOE,258192.0832,4379029.44749999
RPD19-22576,LAKESIDE DR,,LAKESIDE DR,W MOANA LN,,W MOANA LN,2019-11-11T00:00:00.000,858,RENO,WASHOE,WASHOE,258530.547299999,4375052.11449999
LVM200800083699,BOULDER HWY,,BOULDER HWY,E RUSSELL RD,,E RUSSELL RD,2020-08-20T00:00:00.000,732,,CLARK,CLARK,677285.8518,3994990.02429999
RPD22-20053,MARVEL WAY,,MARVEL WAY,TYRONE RD,,TYRONE RD,2022-10-25T00:00:00.000,1059,RENO,WASHOE,WASHOE,261358.1819,4373246.45539999
LVM230200050119,E CARSON AVE,,E CARSON AVE,S MAIN ST,,S MAIN ST,2023-02-13T00:00:00.000,113,LAS VEGAS,CLARK,CLARK,666727.115299999,4004411.41829999
UNLV191538,UNIVERSITY RD,,UNIVERSITY RD,BRUSSELS ST,,BRUSSELS ST,2019-12-17T00:00:00.000,1202,,,,667487.1319,3997135.3406
NHP210602388,IR15 N,IR15 N,IR15 N,FLAMINGO RD,FLAMINGO RD,FLAMINGO RD,2021-06-30T00:00:00.000,920,,CLARK,CLARK,663762.449599999,3998172.83889999
LVM211200041463,S LAS VEGAS BLVD,,S LAS VEGAS BLVD,PARIS DR,,PARIS DR,2021-12-10T00:00:00.000,1936,LAS VEGAS,CLARK,CLARK,664442.1359,3997825.7595
LVM200200018596,S LAS VEGAS BLVD,,S LAS VEGAS BLVD,FOUR SEASONS DR,,FOUR SEASONS DR,2020-02-04T00:00:00.000,2013,LAS VEGAS,CLARK,CLARK,664499.1736,3995449.93319999
LVM191200023510,W VIKING RD,,W VIKING RD,S BUFFALO DR,,S BUFFALO DR,2019-12-05T00:00:00.000,1915,LAS VEGAS,CLARK,CLARK,656505.393,3998468.30389999
HP23-02164,W HORIZON RIDGE PKWY,,W HORIZON RIDGE PKWY,SANDY RIDGE AVE,,SANDY RIDGE AVE,2023-02-02T00:00:00.000,1145,HENDERSON,CLARK,CLARK,671186.004999999,3985961.49239999
NLPD2109180016101,MCCARRAN ST,,MCCARRAN ST,E TROPICAL PKWY,,E TROPICAL PKWY,2021-09-18T00:00:00.000,1712,NORTH LAS VEGAS,CLARK,CLARK,669552.6982,4015446.26909999
RPD19-25054,MILL ST,,MILL ST,KIRMAN AVE,,KIRMAN AVE,2019-12-17T00:00:00.000,1717,RENO,WASHOE,WASHOE,259471.411399999,4378836.00929999
SPPD20-673,TOLEDO CT,,TOLEDO CT,AVILA CT,,AVILA CT,2020-01-22T00:00:00.000,1451,SPARKS,WASHOE,WASHOE,269920.578399999,4389630.9338
LVM190900043364,W BONANZA RD,,W BONANZA RD,RAMSEY ST,,RAMSEY ST,2019-09-09T00:00:00.000,2013,LAS VEGAS,CLARK,CLARK,663962.397199999,4005147.5306
SPPD23-8158,E LINCOLN WAY,,E LINCOLN WAY,HOWARD DR,,HOWARD DR,2023-10-23T00:00:00.000,1556,SPARKS,WASHOE,WASHOE,265174.563,4379908.1556
RPD23-9149,SOUTH MEADOWS PKWY,,SOUTH MEADOWS PKWY,GATEWAY DR,,GATEWAY DR,2023-05-25T00:00:00.000,1947,RENO,WASHOE,WASHOE,262252.0107,4369058.58569999
LVM191100106252,SWENSON ST,,SWENSON ST,E NAPLES DR,,E NAPLES DR,2019-11-23T00:00:00.000,513,LAS VEGAS,CLARK,CLARK,666538.314899999,3997256.9897
LVM220400091233,S LAS VEGAS BLVD,,S LAS VEGAS BLVD,CIRCUS CIRCUS DR,,CIRCUS CIRCUS DR,2022-04-22T00:00:00.000,100,LAS VEGAS,CLARK,CLARK,665484.5087,4000874.69449999
LVM190500038632,CECILE AVE,,CECILE AVE,N PECOS RD,,N PECOS RD,2019-05-08T00:00:00.000,2003,LAS VEGAS,CLARK,CLARK,670921.8671,4009303.16669999
LVM230100062948,W LAKE MEAD BLVD,,W LAKE MEAD BLVD,N BUFFALO DR,,N BUFFALO DR,2023-01-16T00:00:00.000,930,LAS VEGAS,CLARK,CLARK,656288.0492,4007110.8613
RPD23-17026,MCCARRAN BLVD,,MCCARRAN BLVD,NORTHTOWNE LN,,NORTHTOWNE LN,2023-09-15T17:00:00.000,2342,RENO,WASHOE,WASHOE,260827.893,4382237.3724
ELPD2020-13149,SILVER ST,,SILVER ST,4TH ST,,4TH ST,2020-07-10T00:00:00.000,1802,ELKO,ELKO,ELKO,604386.574699999,4520668.4558
RPD22-3362,N MCCARRAN BLVD,,SR659,KINGS ROW,,KINGS ROW,2022-02-19T00:00:00.000,2056,RENO,WASHOE,WASHOE,254529.6966,4380857.1841
LVM230800064500,E SAHARA AVE,,E SAHARA AVE,S SLOAN LN,,S SLOAN LN,2023-08-18T00:00:00.000,1440,LAS VEGAS,CLARK,CLARK,675678.366799999,4001749.26879999
NLPD2212140023588,COMSTOCK DR,,COMSTOCK DR,W CAREY AVE,,W CAREY AVE,2022-12-14T00:00:00.000,816,NORTH LAS VEGAS,CLARK,CLARK,664940.830199999,4007945.5073
NLPD2201050000291,W DEER SPRINGS WAY,,W DEER SPRINGS WAY,CLAYTON ST,,CLAYTON ST,2022-01-05T00:00:00.000,1501,NORTH LAS VEGAS,CLARK,CLARK,664249.0941,4017023.4414
SPPD22-7779,NUGGET AVE,,NUGGET AVE,VICTORIAN PLAZA CIR,,VICTORIAN PLAZA CIR,2022-09-29T00:00:00.000,1725,SPARKS,WASHOE,WASHOE,262766.8787,4379546.7245
RPD21-20404,LAKE ST,,LAKE ST,E PLAZA ST,,E PLAZA ST,2021-10-29T00:00:00.000,1645,RENO,WASHOE,WASHOE,258372.523199999,4379296.91719999
LVM200100100596,STEWART AVE,,STEWART AVE,N 7TH ST,,N 7TH ST,2020-01-21T00:00:00.000,2348,LAS VEGAS,CLARK,CLARK,667562.1281,4004480.8155
LVM230100095623,W TWAIN AVE,,W TWAIN AVE,S BUFFALO DR,,S BUFFALO DR,2023-01-24T00:00:00.000,1540,LAS VEGAS,CLARK,CLARK,656495.860999999,3998870.548
CCSO20-7511,HOT SPRINGS RD,,HOT SPRINGS RD,NORTHGATE LN,,NORTHGATE LN,2020-12-21T00:00:00.000,1447,CARSON CITY,CARSON CITY,CARSON CITY,261105.615,4340668.7487
LVM211200103674,E CHARLESTON BLVD,,E CHARLESTON BLVD,N NELLIS BLVD,NELLIS,N NELLIS BLVD,2021-12-26T00:00:00.000,1135,LAS VEGAS,CLARK,CLARK,674307.741999999,4003328.51129999
SPPD20-2875,NICHOLS BL,,NICHOLS BL,E VICTORIAN AV,,E VICTORIAN AV,2020-04-16T00:00:00.000,1711,SPARKS,WASHOE,WASHOE,264451.6408,4379707.38399999
RPD19-8116,LAKE ST,,LAKE ST,E 2ND ST,,E 2ND ST,2019-04-28T00:00:00.000,2059,RENO,WASHOE,WASHOE,258418.3798,4379080.64849999
NLPD2309180018683,SIMMONS ST,,SIMMONS ST,W CRAIG RD,,W CRAIG RD,2023-09-18T00:00:00.000,1305,NORTH LAS VEGAS,CLARK,CLARK,663534.821499999,4011888.18779999
LVM220300025254,S MARYLAND PKWY,,S MARYLAND PKWY,KAREN AVE,,KAREN AVE,2022-03-06T00:00:00.000,2206,LAS VEGAS,CLARK,CLARK,667629.701999999,4001167.9393
LVM220400116060,DALHART AVE,,DALHART AVE,BOULDER HWY N,BOULDER HWY,BOULDER HWY N,2022-04-27T00:00:00.000,2152,LAS VEGAS,CLARK,CLARK,671253.1398,4001329.6534
LVM200800032054,S EASTERN AVE,,S EASTERN AVE,E SAHARA AVE,,E SAHARA AVE,2020-08-08T00:00:00.000,952,LAS VEGAS,CLARK,CLARK,669249.097299999,4001705.55419999
LVM200700040731,E FLAMINGO RD,,E FLAMINGO RD,S LAS VEGAS BLVD,,S LAS VEGAS BLVD,2020-07-09T00:00:00.000,2351,LAS VEGAS,CLARK,CLARK,664632.7165,3998214.232
NLPD2007250012033,E LAKE MEAD NORTH BLVD,,E LAKE MEAD NORTH BLVD,WHITE ST,,WHITE ST,2020-07-25T00:00:00.000,1615,NORTH LAS VEGAS,CLARK,CLARK,667953.4621,4007337.84329999
NLPD2111240020455,CLAYTON ST,,CLAYTON ST,W GOWAN RD,,W GOWAN RD,2021-11-24T00:00:00.000,314,NORTH LAS VEGAS,CLARK,CLARK,664404.5782,4010434.0709
ELPD23EP-3038,E IDAHO ST,,E IDAHO ST,11TH ST,,11TH ST,2023-02-24T00:00:00.000,1831,ELKO,ELKO,ELKO,604772.7767,4521474.7146
LVM231000076542,SAMMY DAVIS JR DR,,SAMMY DAVIS JR DR,CIRCUS CIRCUS DR,,CIRCUS CIRCUS DR,2023-10-23T00:00:00.000,30,,CLARK,CLARK,664804.9747,4000879.88199999
LVM22090000814,S RAINBOW DR,,S RAINBOW BLVD,OTHER,CAPOVILLA,CAPOVILLA AVE,2022-09-01T00:00:00.000,644,LAS VEGAS,CLARK,CLARK,658257.9067,3991769.2771
NHP190900696,SR443,,SR443,W 2ND AVE,2ND AVENUE,W 2ND AVE,2019-09-09T00:00:00.000,312,RENO,WASHOE,WASHOE,261215.067999999,4385050.31169999
LVM211000095158,S MARYLAND PKWY,,S MARYLAND PKWY,ANTOINETTE ST,,ANTOINETTE ST,2021-10-22T00:00:00.000,2000,LAS VEGAS,CLARK,CLARK,667920.126699999,3988041.7385
LVM231100081974,S NELLIS BLVD,,S NELLIS BLVD,SAN RAFAEL AVE,,SAN RAFAEL AVE,2023-11-23T00:00:00.000,1204,LAS VEGAS,CLARK,CLARK,674285.298899999,3996680.7423
LVM220800080151,E DESERT INN RD,,SR582S,BOULDER HWY,,E DESERT INN RD,2022-08-20T00:00:00.000,218,LAS VEGAS,CLARK,CLARK,672493.252399999,3999982.40359999
LVM210700065878,ALTA DR,,ALTA DR,S RAMPART BLVD,,S RAMPART BLVD,2021-07-14T00:00:00.000,2205,LAS VEGAS,CLARK,CLARK,653530.212199999,4003871.1326
LVM210800084462,W HARMON AVE,,W HARMON AVE,CAMERON ST,,CAMERON ST,2021-08-20T00:00:00.000,1233,LAS VEGAS,CLARK,CLARK,661658.131,3997439.9626
LVM201000057181,S DURANGO DR,,S DURANGO DR,SPRING MOUNTAIN RD,,SPRING MOUNTAIN RD,2020-10-13T00:00:00.000,1901,,CLARK,CLARK,654873.859199999,3999284.8081
HP21-23324,PASEO VERDE PKWY,,PASEO VERDE PKWY,VILLAGE PARK DR,,VILLAGE PARK DR,2021-12-15T00:00:00.000,510,HENDERSON,CLARK,CLARK,672403.539099999,3987764.9251
LVM210700122518,PARADISE RD,,PARADISE RD,E FLAMINGO RD,,E FLAMINGO RD,2021-07-27T00:00:00.000,1538,LAS VEGAS,CLARK,CLARK,666180.8244,3998073.887
NHP211000254,IR15 N,,IR15 N,OTHER,MILE MARKER 30,OTHER,2021-10-04T00:00:00.000,1033,,CLARK,CLARK,663994.8081,3984565.4516
NLPD1912170025025,W LAKE MEAD BLVD,,W LAKE MEAD BLVD,VICTOR WAY,,VICTOR WAY,2019-12-17T00:00:00.000,1453,NORTH LAS VEGAS,CLARK,CLARK,664043.3753,4007365.04829999
LVM210400072978,VEGAS DR,,VEGAS DR,SAYLOR WAY,,SAYLOR WAY,2021-04-16T00:00:00.000,2231,LAS VEGAS,CLARK,CLARK,660050.515499999,4006308.8374
HP22-17467,OTHER,E. LAKE MEAD PARKWAY,OTHER,BOULDER HIGHWAY,,BOULDER HIGHWAY,2022-09-06T00:00:00.000,2042,HENDERSON,CLARK,CLARK,,
LVM211100082240,E SAHARA AVE,,E SAHARA AVE,COMMERCIAL CENTER DR LOT,,COMMERCIAL CENTER DR LOT,2021-11-20T00:00:00.000,51,LAS VEGAS,CLARK,CLARK,667166.022199999,4001525.945
RPD19-14100,EVANS AVE,,EVANS AVE,E 4TH ST,,E 4TH ST,2019-07-18T00:00:00.000,1907,RENO,WASHOE,WASHOE,258460.908499999,4379438.5931
LVM200900116528,HIGHLAND AVE,,HIGHLAND AVE,WESTERN AVE,,WESTERN AVE,2020-09-27T00:00:00.000,35,LAS VEGAS,CLARK,CLARK,665169.8808,4002260.6225
LVM191100131994,W OAKEY BLVD,,W OAKEY BLVD,S DURANGO DR,,S DURANGO DR,2019-11-28T00:00:00.000,1420,LAS VEGAS,CLARK,CLARK,654768.4742,4002124.5425
RPD19-632,MCDONALD DR,,MCDONALD DR,WINDSOR WY,,WINDSOR WY,2019-01-10T00:00:00.000,750,RENO,WASHOE,WASHOE,255999.712799999,4380018.0951
LVM190300114841,S TORREY PINES DR,,S TORREY PINES DR,W TROPICANA AVE,,W TROPICANA AVE,2019-03-24T00:00:00.000,1051,LAS VEGAS,CLARK,CLARK,658970.007799999,3996464.03009999
LVM200600062296,W FLAMINGO RD,,W FLAMINGO RD,HOTEL RIO DR,,HOTEL RIO DR,2020-06-16T00:00:00.000,1233,LAS VEGAS,CLARK,CLARK,663162.422299999,3998246.66899999
LVM220300031875,ALTA DR,,ALTA DR,DESERT LN,,DESERT LN,2022-03-08T00:00:00.000,1233,LAS VEGAS,CLARK,CLARK,665301.329499999,4003950.876
LVM190600096019,W LAKE MEAD BLVD,,W LAKE MEAD BLVD,N BUFFALO DR,,N BUFFALO DR,2019-06-20T00:00:00.000,1815,LAS VEGAS,CLARK,CLARK,656779.198699999,4007108.55159999
HP21-21996,E SUNSET RD,,W SUNSET RD,N STEPHANIE ST,,STEPHANIE ST,2021-11-24T00:00:00.000,1329,HENDERSON,CLARK,CLARK,675864.713399999,3992777.766
LVM230400031075,N NELLIS BLVD,,SR612,OTHER,N LAS VEGAS BLVD,SR604S,2023-04-07T00:00:00.000,2150,LAS VEGAS,CLARK,CLARK,674149.5409,4011521.06259999
HP20-16311,COLLEGE DR,,COLLEGE DR,VERMILLION PL,,VERMILLION PL,2020-09-17T00:00:00.000,1810,,CLARK,CLARK,683577.136699999,3986272.62509999
RPD23-12459,NORTHTOWNE LN,,NORTHTOWNE LN,N MCCARRRAN BLVD,,SR659,2023-07-16T00:00:00.000,2115,RENO,WASHOE,WASHOE,260963.847799999,4382139.8914
CCSO21-0282,S STEWART ST,,S STEWART ST,WRIGHT WAY,,WRIGHT WAY,2021-01-15T00:00:00.000,1059,CARSON CITY,CARSON CITY,CARSON CITY,261067.9219,4337619.0
NHP231101256,OTHER,US95N/DECATUR BLVD OFF RAMP,IR11N TO FRCL56 INT79,OTHER,DECATUR BLVD,DECATUR BLVD,2023-11-17T00:00:00.000,655,LAS VEGAS,CLARK,CLARK,661346.5625,4004727.25
LVM211100022688,S LAS VEGAS BLVD,,S LAS VEGAS BLVD,E ST LOUIS AVE,,E ST LOUIS AVE,2021-11-06T00:00:00.000,902,LAS VEGAS,CLARK,CLARK,666062.614099999,4001978.51869999
LVM200100032937,E CHARLESTON BLVD,,E CHARLESTON BLVD,S MARYLAND PKWY,,S MARYLAND PKWY,2020-01-07T00:00:00.000,2008,LAS VEGAS,CLARK,CLARK,667586.830199999,4003181.54099999
LVM210700014326,S EASTERN AVE,,S EASTERN AVE,E SUNSET RD,,E SUNSET RD,2021-07-03T00:00:00.000,2201,LAS VEGAS,CLARK,CLARK,669415.355299999,3993521.10799999
LVM230900064118,W TWAIN AVE,,W TWAIN AVE,S JONES BLVD,,S JONES BLVD,2023-09-18T17:00:00.000,107,LAS VEGAS,CLARK,CLARK,659860.7887,3998924.1315
LVM230700116533,LINQ LN,,WINNICK AVE,WINNICK AVE,,LINQ LN,2023-07-27T00:00:00.000,1748,LAS VEGAS,CLARK,CLARK,664898.522099999,3998521.3713
RPD19-16113,WEST ST,,WEST ST,W 6TH ST,,W 6TH ST,2019-08-14T00:00:00.000,1203,RENO,WASHOE,WASHOE,257837.9786,4379579.83269999
NHP210101305,US50 W,,US50 W,OTHER,ELKS POINT RD,OTHER,2021-01-21T00:00:00.000,1741,,DOUGLAS,DOUGLAS,245177.6682,4319039.3767
LVM220300122160,SMOKE RANCH RD,,SMOKE RANCH RD,N DECATUR BLVD,,N DECATUR BLVD,2022-03-29T00:00:00.000,2050,LAS VEGAS,CLARK,CLARK,661301.3574,4007929.21869999
LVM220800061790,TAMARUS ST,,TAMARUS ST,JASMINE GROVE WAY,,JASMINE GROVE WAY,2022-08-15T00:00:00.000,2108,,CLARK,CLARK,668323.7065,3985965.00269999
NHP220902183,SR160N,,S BUFFALO DR,S BUFFALO DR,,SR160N,2022-09-29T00:00:00.000,653,LAS VEGAS,CLARK,CLARK,656684.0151,3987561.6358
LVM231000090496,N LAMB BLVD,,SR610,OTHER,CRAIG RD,SR573,2023-10-26T00:00:00.000,2205,LAS VEGAS,CLARK,CLARK,672528.709499999,4012319.5712
LVM191100084580,E PYLE AVE,,E PYLE AVE,S LAS VEGAS BLVD,,S LAS VEGAS BLVD,2019-11-18T00:00:00.000,1945,LAS VEGAS,CLARK,CLARK,664707.853199999,3986207.38429999
LVM220400034201,MISSOURI AVE,,MISSOURI AVE,STEPHANIE ST,,STEPHANIE ST,2022-04-08T00:00:00.000,1952,LAS VEGAS,CLARK,CLARK,675813.2559,3996359.68889999
NHP230100782,IR580N,,IR580N,PLUMB LN,,PLUMB LN,2023-01-09T00:00:00.000,2140,RENO,WASHOE,WASHOE,260807.0114,4376240.8518
DCSO23SO10177,JOHNSON LN,,JOHNSON LN,NOWLIN RD,,NOWLIN RD,2023-04-27T00:00:00.000,2300,,DOUGLAS,DOUGLAS,261543.2012,4323352.0576
ELPD2019-19644,E IDAHO ST,,E IDAHO ST,E JENNINGS WAY,,E JENNINGS WAY,2019-08-29T00:00:00.000,511,ELKO,,,605740.341099999,4522911.63949999
SPPD22-8478,GALLERIA PKWY,,GALLERIA PKWY,SHOPPERS WAY,,SHOPPERS WAY,2022-10-25T00:00:00.000,1533,SPARKS,WASHOE,WASHOE,264627.9457,4384382.54169999
HP23-18573,S EASTERN AVE,,S EASTERN AVE,PECOS RIDGE PKWY,,PECOS RIDGE PKWY,2023-09-19T00:00:00.000,1539,HENDERSON,CLARK,CLARK,671193.505099999,3984065.4407
HP20-01186,W SUNSET RD,,W SUNSET RD,MARKS ST,,MARKS ST,2020-01-17T00:00:00.000,1941,HENDERSON,CLARK,CLARK,676859.291199999,3992803.52769999
RPD21-1971,W 4TH ST,,W 4TH ST,VINE ST,,VINE ST,2021-02-02T00:00:00.000,1844,RENO,WASHOE,WASHOE,257155.506,4379158.4107
RPD22-18028,W 7TH ST,,W 7TH ST,STARGAZE WAY,,STARGAZE WAY,2022-09-26T00:00:00.000,730,RENO,WASHOE,WASHOE,252509.9998,4380102.4483
NHP210602357,IR80 W,,IR80 W,S VIRGINIA ST,VIRGINIA STREET,S VIRGINIA ST,2021-06-29T00:00:00.000,2155,,WASHOE,WASHOE,258046.463499999,4379913.7695
LVM210100081710,E TROPICANA AVE,,E TROPICANA AVE,PARADISE RD,,PARADISE RD,2021-01-18T00:00:00.000,2135,LAS VEGAS,CLARK,CLARK,666547.8037,3996738.1148
SPPD23-5180,PRATER WAY,,PRATER WAY,16TH ST,,16TH ST,2023-07-12T00:00:00.000,736,SPARKS,WASHOE,WASHOE,262487.2377,4380153.5533
NHP230300146,US50E,,US50E,NYE LN,,NYE LN,2023-03-02T00:00:00.000,1817,,CARSON CITY,CARSON CITY,265711.350899999,4340821.3637
NHP190500245,MCCARRAN BLVD,,MCCARRAN BLVD,OTHER,PRATER WAY,OTHER,2019-05-04T00:00:00.000,59,RENO,WASHOE,WASHOE,265082.266699999,4380479.9012
LVM190100070675,E TROPICANA AVE,,E TROPICANA AVE,MCLEOD DR,,MCLEOD DR,2019-01-15T00:00:00.000,1826,LAS VEGAS,CLARK,CLARK,670138.243099999,3996694.808
LVM220700018622,FLAMINGO RD,,FLAMINGO RD,EL CAMINO RD,EL CAMINO,EL CAMINO RD,2022-07-05T00:00:00.000,1227,,CLARK,CLARK,659450.0102,3998103.71199999
RPD23-16859,S WELLS AVE,,S WELLS AVE,KUENZLI ST,,KUENZLI ST,2023-09-14T00:00:00.000,1840,RENO,WASHOE,WASHOE,259075.549399999,4379159.4151
LVM200100105197,N RANCHO DR,,N RANCHO DR,BELROSE ST,,BELROSE ST,2020-01-22T00:00:00.000,2230,LAS VEGAS,CLARK,CLARK,663774.047699999,4005509.19229999
LVM231000028123,N MARTIN L KING BLVD,,N MARTIN L KING BLVD,W LAKE MEAD BLVD,,W LAKE MEAD BLVD,2023-10-09T00:00:00.000,820,LAS VEGAS,CLARK,CLARK,665363.499599999,4007144.9852
NLPD2106300010976,ALMA LIDIA AVE,,ALMA LIDIA AVE,SWEET LILACS ST,,SWEET LILACS ST,2021-06-30T00:00:00.000,453,NORTH LAS VEGAS,CLARK,CLARK,663887.469999999,4011721.7072
NHP211001085,US50,US50,US50,SR28,,SR28,2021-10-13T17:00:00.000,1634,,DOUGLAS,DOUGLAS,250604.8952,4332559.65679999
NLPD2311010021890,W LAKE MEAD BLVD,,W LAKE MEAD BLVD,RANCHO DR,,SR599N,2023-11-01T00:00:00.000,443,NORTH LAS VEGAS,CLARK,CLARK,662135.6533,4007664.09349999
NLPD1907030013697,N COMMERCE ST,,N COMMERCE ST,W MAYFLOWER AVE,,W MAYFLOWER AVE,2019-07-03T00:00:00.000,735,NORTH LAS VEGAS,CLARK,CLARK,666937.520399999,4008967.50049999
RPD23-14117,RIO WRANGLER PKWY,,RIO WRANGLER PKWY,BARBWIRE DR,,BARBWIRE DR,2023-08-08T00:00:00.000,1932,RENO,WASHOE,WASHOE,264927.169099999,4366456.1324
LVM190100051748,SPRING MOUNTAIN RD,,SPRING MOUNTAIN RD,MONTESSOURI ST,,MONTESSOURI ST,2019-01-11T00:00:00.000,1436,LAS VEGAS,CLARK,CLARK,657704.2653,3999310.2905
CCSO21-4103,FRONTAGE RD,,FRONTAGE RD,S CARSON ST,,S CARSON ST,2021-06-19T00:00:00.000,1445,CARSON CITY,CARSON CITY,CARSON CITY,260633.039499999,4335482.958
LVM220400030137,OTHER,BOULDER HWY,OTHER,OTHER,E FLAMINGO RD,OTHER,2022-04-07T00:00:00.000,2114,LAS VEGAS,CLARK,CLARK,673982.768799999,3998459.8055
HP21-13362,BOULDER HWY N,,BOULDER HWY N,N MAJOR AVE,,N MAJOR AVE,2021-07-23T00:00:00.000,1110,HENDERSON,CLARK,CLARK,,
RPD21-14828,N SIERRA ST,,N SIERRA ST,W 4TH ST,,W 4TH ST,2021-08-13T00:00:00.000,133,RENO,WASHOE,WASHOE,258013.172,4379312.87209999
HP19-32032,N STEPHANIE ST,,N STEPHANIE ST,E GALLERIA DR,,E GALLERIA DR,2019-12-10T00:00:00.000,1445,HENDERSON,CLARK,CLARK,675955.8528,3993548.95399999
LVM220600064986,APPLE DR,,APPLE DR,WINNING COLORS DR,,WINNING COLORS DR,2022-06-17T00:00:00.000,1208,LAS VEGAS,CLARK,CLARK,652702.332399999,4002615.08479999
NLPD2112140021688,N PECOS RD,,N PECOS RD,BROADWAY AVE,,BROADWAY AVE,2021-12-14T00:00:00.000,1430,NORTH LAS VEGAS,CLARK,CLARK,670949.986399999,4008246.97149999
LVM210300135446,S LAS VEGAS BLVD,,S LAS VEGAS BLVD,E MANDALAY BAY RD,,E MANDALAY BAY RD,2021-03-29T00:00:00.000,1748,LAS VEGAS,CLARK,CLARK,664492.621299999,3995681.72829999
RPD19-23218,N VIRGINIA ST,,N VIRGINIA ST,W 7TH ST,,W 7TH ST,2019-11-20T00:00:00.000,1903,RENO,WASHOE,WASHOE,258029.1741,4379797.81929999
LVM190100146186,S JONES BLVD,,S JONES BLVD,W HARMON AVE,,W HARMON AVE,2019-01-31T00:00:00.000,1830,LAS VEGAS,CLARK,CLARK,659770.3369,3997292.74459999
SPPD19-10334,VISTA BL,,VISTA BL,IRATCABAL DR,,IRATCABAL DR,2019-11-19T00:00:00.000,1822,SPARKS,WASHOE,WASHOE,266565.965699999,4384709.76109999
LVM210500147272,SMOKE RANCH RD,,SMOKE RANCH RD,TUCUMCARI DR,,TUCUMCARI DR,2021-05-31T00:00:00.000,2127,LAS VEGAS,,,659545.743599999,4007933.581
LVM220400100347,E TROPICANA AVE,,E TROPICANA AVE,OTHER,S MARYLAND PKWY,S MARYLAND PKWY,2022-04-24T00:00:00.000,456,LAS VEGAS,CLARK,CLARK,667636.737599999,3996751.23269999
LVM210200003000,EDMOND ST,,EDMOND ST,W SAHARA AVE,,W SAHARA AVE,2021-02-01T00:00:00.000,1734,LAS VEGAS,CLARK,CLARK,660828.1846,4001361.0817
LVM220400024450,E SAHARA AVE,,E SAHARA AVE,S 17TH ST,,S 17TH ST,2022-04-06T00:00:00.000,1455,LAS VEGAS,CLARK,CLARK,668345.8764,4001581.12979999
RPD23-1065,SILVERADA BLVD,,SILVERADA BLVD,PARADISE DR,,PARADISE DR,2023-01-18T00:00:00.000,1612,RENO,WASHOE,WASHOE,260858.8529,4380893.4261
LVM200200040020,W FLAMINGO RD,,W FLAMINGO RD,S VALLEY VIEW BLVD,,S VALLEY VIEW BLVD,2020-02-09T00:00:00.000,237,LAS VEGAS,CLARK,CLARK,662894.675099999,3998265.51679999
RPD20-22551,OPAL STATION DR,,OPAL STATION DR,OPAL STAR DR,,OPAL STAR DR,2020-12-25T00:00:00.000,1259,RENO,WASHOE,WASHOE,258668.5822,4386799.41369999
LVM231200032910,E SAHARA AVE,E SAHARA AVE,SAHARA AVE,NELLIS BLVD,S NELLIS BLVD,NELLIS BLVD,2023-12-09T16:00:00.000,1904,LAS VEGAS,CLARK,CLARK,674345.0935,4001749.59339999
NLPD2212110023441,MARTIN L KING BLVD,,MARTIN L KING BLVD,BROOKS AVE,,BROOKS AVE,2022-12-11T00:00:00.000,1724,NORTH LAS VEGAS,CLARK,CLARK,665300.259399999,4009120.36189999
LVM190200044546,S EASTERN AVE,,S EASTERN AVE,E FLAMINGO RD,,E FLAMINGO RD,2019-02-10T00:00:00.000,1806,LAS VEGAS,CLARK,CLARK,669275.569699999,3998321.81609999
LVM221200027068,E DESERT INN RD WB,,WILBUR CLARK DI WEST RD,CHANNEL 8 DR,,CHANNEL 8 DR,2022-12-07T00:00:00.000,1602,LAS VEGAS,CLARK,CLARK,665382.405899999,3999895.75269999
LVM230400131108,E FLAMINGO RD,,E FLAMINGO RD,HOWARD HUGHES PKWY,,HOWARD HUGHES PKWY,2023-04-29T00:00:00.000,1009,LAS VEGAS,CLARK,CLARK,665676.746399999,3998203.01539999
LVM230800075869,DEAN MARTIN DR,,DEAN MARTIN DR,W HARMON AVE,,W HARMON AVE,2023-08-21T00:00:00.000,2252,LAS VEGAS,CLARK,CLARK,663709.4341,3997393.67119999
LVM201000099375,W WASHINGTON AVE,,W WASHINGTON AVE,N JONES BLVD,,N JONES BLVD,2020-10-23T00:00:00.000,1427,LAS VEGAS,CLARK,CLARK,659698.788399999,4005458.40289999
LVM230700011357,W SAHARA AVE,,STEVE RIGAZIO CT,EL CAMINO RD,,EL CAMINO RD,2023-07-03T00:00:00.000,1303,LAS VEGAS,CLARK,CLARK,659280.660799999,4001419.29649999
LVM231200078689,OTHER,W CHARLESTON BLVD,W CHARLESTON BLVD,OTHER,S BUFFALO DR,S BUFFALO DR,2023-12-23T00:00:00.000,2049,LAS VEGAS,CLARK,CLARK,656308.845599999,4002995.79719999
SPPD19-4747,E PRATER WY,,E PRATER WY,HOWARD DR,,HOWARD DR,2019-06-03T00:00:00.000,1202,SPARKS,WASHOE,WASHOE,265353.184,4380472.0118
NLPD2309070017920,W SAN MIGUEL AVE,,W SAN MIGUEL AVE,FERRELL ST,,FERRELL ST,2023-09-07T00:00:00.000,713,NORTH LAS VEGAS,CLARK,CLARK,663136.240699999,4011617.99269999
LVM200200067899,W LAKE MEAD BLVD,,W LAKE MEAD BLVD,MARINER DR,,MARINER DR,2020-02-14T00:00:00.000,1506,LAS VEGAS,CLARK,CLARK,656017.978099999,4007187.2466
NLPD230407006873,N DECATUR BLVD,,N DECATUR BLVD,FARM RD,,FARM RD,2023-04-06T00:00:00.000,1445,NORTH LAS VEGAS,CLARK,CLARK,661005.470399999,4018574.5361
LVM200100026173,N DECATUR BLVD,,N DECATUR BLVD,W LAKE MEAD BLVD,,W LAKE MEAD BLVD,2020-01-06T00:00:00.000,1201,LAS VEGAS,CLARK,CLARK,661298.8086,4006610.1094
LVM191100115578,S LAS VEGAS BLVD,,S LAS VEGAS BLVD,WYNN MAIN GATE DR,,WYNN MAIN GATE DR,2019-11-25T00:00:00.000,613,LAS VEGAS,CLARK,CLARK,664872.724,3999666.67239999
RPD20-17239,W 4TH ST,,W 4TH ST,ARLINGTON AVE,,ARLINGTON AVE,2020-09-27T00:00:00.000,1758,RENO,WASHOE,WASHOE,257782.629999999,4379294.414
RPD21-6310,W 4TH ST,,W 4TH ST,N SIERRA ST,,N SIERRA ST,2021-04-13T00:00:00.000,1324,RENO,WASHOE,WASHOE,258006.864799999,4379342.6925
RPD21-24330,S VIRGINIA ST,,S VIRGINIA ST,BRINKBY AVE,,BRINKBY AVE,2021-12-27T00:00:00.000,2019,RENO,WASHOE,WASHOE,259355.888399999,4375573.30529999
LVM220700100041,N NELLIS BLVD,,N NELLIS BLVD,OTHER,HARRIS AVE,OTHER,2022-07-25T00:00:00.000,2325,LAS VEGAS,CLARK,CLARK,674268.0773,4005462.5436
LVM190500070585,STEWART AVE,,STEWART AVE,SEARCHLIGHT DR,,SEARCHLIGHT DR,2019-05-15T00:00:00.000,842,LAS VEGAS,CLARK,CLARK,675798.3172,4004273.86549999
LVM191100090095,E TROPICANA AVE,,E TROPICANA AVE,S PECOS RD,,S PECOS RD,2019-11-19T00:00:00.000,2022,LAS VEGAS,CLARK,CLARK,670935.9104,3996714.14819999
LVM200900127248,S SANDHILL RD,,S SANDHILL RD,E VIKING RD,,E VIKING RD,2020-09-29T00:00:00.000,1654,,CLARK,CLARK,671719.378299999,3998811.0284
NHP221001539,W FLAMINGO RD,,W FLAMINGO RD,VIA DEL NORD ST,,VIA DEL NORD ST,2022-10-21T00:00:00.000,1038,LAS VEGAS,CLARK,CLARK,664211.452399999,3998220.36549999
LVM190700155746,S FORT APACHE RD,,S FORT APACHE RD,W TROPICANA AVE,,W TROPICANA AVE,2019-07-31T00:00:00.000,2118,LAS VEGAS,CLARK,CLARK,653274.764399999,3996384.369
LVM230900093024,PAGE ST,,PAGE ST,STEWART AVE,,STEWART AVE,2023-09-27T00:00:00.000,720,LAS VEGAS,CLARK,CLARK,673063.5756,4004114.6804
RPD21-2923,HUBBARD WAY,,HUBBARD WAY,S VIRGINIA ST,,S VIRGINIA ST,2021-02-17T00:00:00.000,1420,RENO,WASHOE,WASHOE,259250.662399999,4375880.5164
LVM220100090517,N MAIN ST,,N MAIN ST,FOREMASTER LN,,FOREMASTER LN,2022-01-23T00:00:00.000,1154,LAS VEGAS,CLARK,CLARK,667565.865199999,4006274.29939999
WWPD202100005914,BUTTE ST,,BUTTE ST,WELLS AVE,,WELLS AVE,2021-06-01T00:00:00.000,745,WEST WENDOVER,,,747004.402999999,4513566.2992
LVM230800048829,S SANDHILL RD,,SANDHILL RD,FLAMINGO RD,,SR592,2023-08-14T00:00:00.000,826,LAS VEGAS,CLARK,CLARK,671728.7937,3998380.6597
LVM200100042118,N MAIN ST,,N MAIN ST,E BONANZA RD,,E BONANZA RD,2020-01-09T00:00:00.000,1610,LAS VEGAS,CLARK,CLARK,666953.2696,4005061.4392
LVM221000109748,OTHER,S LAS VEGAS BLVD,S LAS VEGAS BLVD,OTHER,PARK AVE,PARK AVE,2022-10-28T00:00:00.000,2012,LAS VEGAS,CLARK,CLARK,664455.9457,3997176.3648
NHP190702494,OTHER,SPRING MOUNTAIN ROAD EASTBOUND,OTHER,OTHER,IR15 TO SPRING MOUNTAIN ROAD RAMP,OTHER,2019-07-30T00:00:00.000,2050,RENO,CLARK,CLARK,663662.738499999,3999480.277
LVM190700013859,S DECATUR BLVD,,S DECATUR BLVD,SIRIUS AVE,,SIRIUS AVE,2019-07-03T00:00:00.000,1654,LAS VEGAS,CLARK,CLARK,661236.317599999,4000255.91369999
LVM201000119709,S MARYLAND PKWY,,S MARYLAND PKWY,E TROPICANA AVE,,E TROPICANA AVE,2020-10-28T00:00:00.000,1021,,CLARK,CLARK,667705.0092,3996837.7912
LVM231200105617,E RUSSELL RD,,E RUSSELL RD,ROADRUNNER DR,,ROADRUNNER DR,2023-12-31T00:00:00.000,1523,,CLARK,CLARK,673818.828499999,3995229.0588
LVM210900099114,W LAKE MEAD BLVD,,W LAKE MEAD BLVD,ROCK SPRINGS DR,,ROCK SPRINGS DR,2021-09-23T00:00:00.000,1435,LAS VEGAS,CLARK,CLARK,657607.1469,4007122.3296
NLPD1912190025207,E CRAIG RD,,E CRAIG RD,LOSEE RD,,LOSEE RD,2019-12-19T00:00:00.000,2109,NORTH LAS VEGAS,CLARK,CLARK,669224.226999999,4012195.3322
NHP230300995,OTHER,SR159,SR159,OTHER,SACRAMENTO DR,SACRAMENTO DR,2023-03-12T00:00:00.000,2218,LAS VEGAS,CLARK,CLARK,672054.127799999,4003266.09879999
RPD20-2672,E 4TH ST,,E 4TH ST,WEST ST,,WEST ST,2020-02-08T00:00:00.000,2140,RENO,WASHOE,WASHOE,257893.622999999,4379318.44749999
LVM220500090960,W TROPICANA AVE,,W TROPICANA AVE,S VALLEY VIEW BLVD,,S VALLEY VIEW BLVD,2022-05-22T00:00:00.000,2238,LAS VEGAS,CLARK,CLARK,662873.7752,3996655.094
WASOWC220002708,GLENMYRA CIR,,GLENMYRA CIR,WHITEHORSE AVE,,WHITEHORSE AVE,2022-06-02T00:00:00.000,2150,SUN VALLEY,WASHOE,WASHOE,262801.790599999,4386067.78549999
LVM211000020073,W SAHARA AVE,,W SAHARA AVE,LAS VERDES ST,,LAS VERDES ST,2021-10-05T00:00:00.000,1936,LAS VEGAS,CLARK,CLARK,662478.440499999,4001470.2587
LVM210600100843,S VALLEY VIEW BLVD,,S VALLEY VIEW BLVD,W CHARLESTON BLVD,,W CHARLESTON BLVD,2021-06-22T00:00:00.000,1605,LAS VEGAS,CLARK,CLARK,662589.3458,4003100.15169999
LVM200200093155,E SAHARA AVE,,E SAHARA AVE,S MOJAVE RD,,S MOJAVE RD,2020-02-19T00:00:00.000,1944,LAS VEGAS,CLARK,CLARK,670448.6934,4001623.0139
LVM200500036518,E DESERT INN RD,,E DESERT INN RD,LA CANADA ST,,LA CANADA ST,2020-05-08T00:00:00.000,426,LAS VEGAS,CLARK,CLARK,668084.1111,3999962.9108
NHP210600361,OTHER,US95/SR582 SOUTHBOUND OFF RAMP,OTHER,OTHER,SR582,OTHER,2021-06-05T00:00:00.000,150,,CLARK,CLARK,671751.525,4000811.7302
LVM210700114671,W LONE MOUNTAIN RD,,W LONE MOUNTAIN RD,RANCHO DR N,,RANCHO DR N,2021-07-25T00:00:00.000,2031,LAS VEGAS,CLARK,CLARK,658415.705799999,4012829.45519999
LVM200200078140,S DECATUR BLVD,,S DECATUR BLVD,HAYES PL,,HAYES PL,2020-02-16T00:00:00.000,1731,LAS VEGAS,CLARK,CLARK,661366.8403,4003744.64269999
LVM220400054814,E FLAMINGO RD,,E FLAMINGO RD,S PECOS RD,S PECOS RD,S PECOS RD,2022-04-13T00:00:00.000,1622,LAS VEGAS,CLARK,CLARK,670909.906399999,3998398.2137
NLPD2309070017968,E CHEYENNE AVE,,CHEYENNE AVE,BELMONT ST,,BELMONT ST,2023-09-07T00:00:00.000,1946,NORTH LAS VEGAS,CLARK,CLARK,670050.9308,4009750.92889999
LVM191000028142,E SAHARA AVE,,E SAHARA AVE,SAN JOSE AVE,,SAN JOSE AVE,2019-10-06T00:00:00.000,2256,LAS VEGAS,CLARK,CLARK,669118.634899999,4001590.3092
LVM210800078107,S LAS VEGAS BLVD,,S LAS VEGAS BLVD,PARIS DR,,PARIS DR,2021-08-19T00:00:00.000,125,LAS VEGAS,CLARK,CLARK,664442.1359,3997825.7595
CLSD23107974,W ROBINDALE RD,,W ROBINDALE RD,S CIMARRON RD,,S CIMARRON RD,2023-09-28T00:00:00.000,1322,LAS VEGAS,CLARK,CLARK,656083.150799999,3990692.8463
LVM211100109713,W TROPICANA AVE,,W TROPICANA AVE,S DECATUR BLVD,,S DECATUR BLVD,2021-11-26T00:00:00.000,1212,LAS VEGAS,CLARK,CLARK,661324.3262,3996624.9448
NLPD2206180017757,N LAS VEGAS BLVD,,N LAS VEGAS BLVD,,,,2022-09-18T00:00:00.000,2107,NORTH LAS VEGAS,CLARK,CLARK,,
RPD22-16984,N MCCARRAN BLVD,,SR659,MAE ANNA AVE,,MAE ANNE AVE,2022-09-10T00:00:00.000,1404,RENO,WASHOE,WASHOE,253798.513399999,4379664.6991
LVM190700145133,W PATRICK LN,,W PATRICK LN,S RAINBOW BLVD,,S RAINBOW BLVD,2019-07-29T00:00:00.000,1903,LAS VEGAS,CLARK,CLARK,658238.187699999,3994013.22289999
YPD20YE-0350,SR208,,SR208,GROVE ST,,GROVE ST,2020-09-02T00:00:00.000,1403,YERINGTON,LYON,LYON,312638.856599999,4317441.56059999
RPD20-18447,W 1ST ST,,W 1ST ST,RALSTON ST,,RALSTON ST,2020-10-15T00:00:00.000,1751,RENO,WASHOE,WASHOE,257596.177299999,4378757.6816
HP22-02692,BOULDER HWY N,,WARM SPRINGS RD,W WARM SPRINGS RD,,BOULDER HWY NB,2022-02-10T00:00:00.000,2235,HENDERSON,CLARK,CLARK,680681.6627,3991416.2749
LVM211000038809,GOLD BAR CT,,GOLD BAR CT,JOHNSON AVE,,JOHNSON AVE,2021-10-09T00:00:00.000,2331,LAS VEGAS,CLARK,CLARK,671282.168999999,4003422.72159999
LVM221000035090,W ALEXANDER RD,,W ALEXANDER RD,TENAYA WAY,,TENAYA WAY,2022-10-09T00:00:00.000,1733,LAS VEGAS,CLARK,CLARK,657119.931699999,4011218.3186
LVM231200075767,E BONANZA RD,,E BONANZA RD,WINCHESTER ST,,WINCHESTER ST,2023-12-22T00:00:00.000,2346,LAS VEGAS,CLARK,CLARK,675655.9566,4005048.37299999
NHP211200415,SR582 S TO US95 S,S SR582 TO S US95,SR582 S TO US95 S,SR582 S,S SR582,SR582 S,2021-12-06T00:00:00.000,1336,LAS VEGAS,CLARK,CLARK,,
LVM221100024955,S MARYLAND PKWY,,S MARYLAND PKWY,KAREN AVE,,KAREN AVE,2022-11-07T00:00:00.000,1443,LAS VEGAS,CLARK,CLARK,667633.2449,4000971.07
LVM220300083590,S DURANGO DR,,S DURANGO DR,W DESERT INN RD,,W DESERT INN RD,2022-03-20T00:00:00.000,1909,LAS VEGAS,CLARK,CLARK,654869.230499999,3999598.74479999
RPD23-10347,W 4TH ST,,W 4TH ST,KEYSTONE AVE,,KEYSTONE AVE,2023-06-14T00:00:00.000,609,RENO,WASHOE,WASHOE,257040.7615,4379070.52779999
LVM231200081243,OTHER,E LAKE MEAD,SR147E,OTHER,LUDINGTON AVE,LUDINGTON AVE,2023-12-24T00:00:00.000,1815,LAS VEGAS,CLARK,CLARK,676105.442999999,4007481.4887
LVM220700007495,CHAPEL WAY,,CHAPEL WAY,VINCEN LEAVITT AVE,,VINCEN LEAVITT AVE,2022-07-02T00:00:00.000,1905,,CLARK,CLARK,667235.0618,4004317.2365
RPD22-13594,COYOTE RIDGE RD,,COYOTE RIDGE RD,MELBOURNE CT,,MELBOURNE CT,2022-07-23T00:00:00.000,939,RENO,WASHOE,WASHOE,252612.045199999,4379567.3232
NLPD1903270006338,KITAMAYA ST,,KITAMAYA ST,W AZURE AVE,,W AZURE AVE,2019-03-27T00:00:00.000,600,NORTH LAS VEGAS,CLARK,CLARK,666295.3572,4015799.19329999
RPD20-19440,S WELLS AVE,,S WELLS AVE,MORAN ST,,MORAN ST,2020-10-31T00:00:00.000,1853,RENO,WASHOE,WASHOE,259040.8744,4378375.44869999
LVM191200136412,E FLAMINGO RD,,E FLAMINGO RD,PALOS VERDES ST,,PALOS VERDES ST,2019-12-29T00:00:00.000,2010,LAS VEGAS,CLARK,CLARK,666448.122,3998258.18229999
LVM190800144340,BRUSH ST,,BRUSH ST,ALPINE PL,,ALPINE PL,2019-08-29T00:00:00.000,1940,LAS VEGAS,CLARK,CLARK,660980.7717,4003185.21629999
LVM200200062079,E VIKING RD,,E VIKING RD,S SANDHILL RD,,S SANDHILL RD,2020-02-13T00:00:00.000,1235,LAS VEGAS,CLARK,CLARK,671719.378299999,3998811.0284
LVM190600015680,W LAKE MEAD BLVD,,W LAKE MEAD BLVD,N MARTIN L KING BLVD,,N MARTIN L KING BLVD,2019-06-04T00:00:00.000,1006,LAS VEGAS,CLARK,CLARK,665365.084099999,4007223.0929
LVM220200092068,OTHER,S ARVILLE,OTHER,OTHER,SAHARA,OTHER,2022-02-22T00:00:00.000,1853,LAS VEGAS,CLARK,CLARK,667237.9811,4004315.7638
RPD20-16985,E 4TH ST,,E 4TH ST,EVANS AVE,,EVANS AVE,2020-09-24T00:00:00.000,906,RENO,WASHOE,WASHOE,258460.908499999,4379438.5931
LVM221200036805,S LAS VEGAS BLVD,,S LAS VEGAS BLVD,TROPICANA AVE,,SR593,2022-12-10T00:00:00.000,3,LAS VEGAS,CLARK,CLARK,664464.6424,3996741.285
HP23-15598,N STEPHANIE ST,,N STEPHANIE ST,W SUNSET RD,,W SUNSET RD,2023-08-11T00:00:00.000,1952,HENDERSON,CLARK,CLARK,675965.7171,3992614.899
LVM220900073610,WASHINGTON AVE,,WASHINGTON AVE,OTHER,JONES BLVD,JONES BLVD,2022-09-18T00:00:00.000,2053,LAS VEGAS,CLARK,CLARK,659713.4232,4005458.16499999
LVM190300119213,STEPHANIE ST,,STEPHANIE ST,E TROPICANA AVE,,E TROPICANA AVE,2019-03-25T00:00:00.000,824,LAS VEGAS,CLARK,CLARK,675880.8919,3996862.73809999
NLPD2105240008715,OTHER,W CHEYENNE,OTHER,DECATUR BLVD,,DECATUR BLVD,2021-05-24T00:00:00.000,2039,NORTH LAS VEGAS,CLARK,CLARK,661119.937699999,4009537.719
LVM210300072028,S CASINO CENTER BLVD,,S CASINO CENTER BLVD,E CARSON AVE,,E CARSON AVE,2021-03-16T00:00:00.000,16,LAS VEGAS,CLARK,CLARK,666852.964399999,4004347.00269999
LVM200800060450,E TROPICANA AVE,,E TROPICANA AVE,MCLEOD DR,,MCLEOD DR,2020-08-14T00:00:00.000,2009,LAS VEGAS,CLARK,CLARK,670138.243099999,3996694.808
LVMLLV220900116209,OTHER,UNK,UNK,OTHER,UNK,UNK,2022-09-29T00:00:00.000,818,LAS VEGAS,CLARK,CLARK,667235.302899999,4004317.1148
LVM230500096199,N LAMONT ST,,N LAMONT ST,E COLTON AVE,,E COLTON AVE,2023-05-19T00:00:00.000,2314,LAS VEGAS,CLARK,CLARK,673765.562699999,4010252.65919999
LVM231200032848,E WASHINGTON AVE,,E WASHINGTON AVE,STONEY BEACH ST,,STONEY BEACH ST,2023-12-09T16:00:00.000,1840,LAS VEGAS,CLARK,CLARK,673789.2461,4005784.6706
LVM211000117701,S JONES BLVD,,S JONES BLVD,W ELDORADO LN,,W ELDORADO LN,2021-10-28T00:00:00.000,202,LAS VEGAS,CLARK,CLARK,659867.040199999,3991268.1478
LVM230900010376,N WALNUT RD,,N WALNUT RD,CHEYENNE AVE,,SR574,2023-09-03T00:00:00.000,1908,LAS VEGAS,CLARK,CLARK,671740.685999999,4009779.9396
NHP190300336,OTHER,SR159 WB,OTHER,OTHER,RED ROCK LOOP EXIT,OTHER,2019-03-05T00:00:00.000,1530,RENO,CLARK,CLARK,642134.517099999,3999731.9129
LVM230300040304,PARADISE RD,,PARADISE RD,E HARMON AVE,,E HARMON AVE,2023-03-10T00:00:00.000,413,LAS VEGAS,CLARK,CLARK,666336.3437,3997500.0379
LVM231000020014,E HACIENDA AVE,,E HACIENDA AVE,S PEARL ST,,S PEARL ST,2023-10-06T00:00:00.000,1945,,CLARK,CLARK,671368.0729,3995980.4538
LVM220600118080,S MARYLAND PKWY,,S MARYLAND PKWY,FLAMINGO RD,MARYLAND,FLAMINGO RD,2022-06-30T00:00:00.000,1922,LAS VEGAS,CLARK,CLARK,667003.787999999,3998261.58379999
LVM220900039108,S LAS VEGAS BLVD,,S LAS VEGAS BLVD,SIRENS COVE BLVD,,SIRENS COVE BLVD,2022-09-10T00:00:00.000,455,LAS VEGAS,CLARK,CLARK,664610.37,3999177.86639999
NHP230400150,OTHER,IR580,IR580N,OTHER,SR431,SR431,2023-04-03T00:00:00.000,829,,WASHOE,WASHOE,262543.120699999,4363677.2553
LVM201200012957,E OWENS AVE,,E OWENS AVE,N WALNUT RD,,N WALNUT RD,2020-12-03T00:00:00.000,1820,,CLARK,CLARK,671824.3651,4006530.93229999
NHP200500166,OTHER,NORTH MCCARRAN,OTHER,OTHER,BARING BLVD,OTHER,2020-05-05T00:00:00.000,2121,,WASHOE,WASHOE,264881.661999999,4382067.32369999
LVM231200078009,N NELLIS BLVD,,SR612,OTHER,E BONANZA,E BONANZA RD,2023-12-23T00:00:00.000,1710,,CLARK,CLARK,674281.5148,4004886.09919999
HP20-02264,VERMILLION DR,,VERMILLION DR,SHOREVIEW DR,,SHOREVIEW DR,2020-02-01T00:00:00.000,1444,HENDERSON,CLARK,CLARK,683739.365,3986107.83579999
LVM230500109505,S DECATUR BLVD,,S DECATUR BLVD,W TROPICANA AVE,,W TROPICANA AVE,2023-06-24T00:00:00.000,58,LAS VEGAS,CLARK,CLARK,661314.1293,3996611.51439999
LVM220200048858,E FLAMINGO RD,,FLAMINGO RD,OTHER,S MARYLAND,MARYLAND PKWY,2022-02-11T16:00:00.000,1239,LAS VEGAS,CLARK,CLARK,667630.04,3998261.6688
NHP211200907,OTHER,US95A,OTHER,OTHER,LAKE AVE,OTHER,2021-12-12T00:00:00.000,2125,,LYON,LYON,308216.634399999,4364053.27759999
CCSO22-1568,N CARSON ST,,N CARSON ST,SILVER OAK DR,,SILVER OAK DR,2022-03-13T00:00:00.000,1655,CARSON CITY,CARSON CITY,CARSON CITY,260324.902099999,4341998.84349999
NHP230300267,US50E,,US50E,OTHER,AIRPORT,AIRPORT RD,2023-03-04T00:00:00.000,849,CARSON CITY,CARSON CITY,CARSON CITY,263895.896099999,4339932.2763
LVM200100066117,S EASTERN AVE,,S EASTERN AVE,OTHER,PRIVATE DR 8605 S EASTERN,OTHER,2020-01-14T00:00:00.000,1724,LAS VEGAS,CLARK,CLARK,669524.6752,3989259.2244
LVM230900087104,E FLAMINGO RD,,SR592,OTHER,S SPENCER ST,SPENCER ST,2023-09-25T00:00:00.000,1316,LAS VEGAS,CLARK,CLARK,668428.885599999,3998283.3201
LVM221200053711,S DURANGO DR,,S DURANGO DR,SPRING MOUNTAIN RD,,SPRING MOUNTAIN RD,2022-12-14T00:00:00.000,857,LAS VEGAS,CLARK,CLARK,654873.818799999,3999287.551
LVM200200063074,BERMUDA RD,,BERMUDA RD,E RICHMAR AVE,,E RICHMAR AVE,2020-02-13T00:00:00.000,1622,LAS VEGAS,CLARK,CLARK,666293.592299999,3987400.28959999
LVM221200075114,N DECATUR BLVD,,N DECATUR BLVD,W WASHINGTON AVE,,W WASHINGTON AVE,2022-12-19T00:00:00.000,1633,LAS VEGAS,CLARK,CLARK,661322.3168,4005509.83929999
LVM201100073084,W CHARLESTON BLVD,,W CHARLESTON BLVD,S RAINBOW BLVD,,S RAINBOW BLVD,2020-11-17T00:00:00.000,1958,LAS VEGAS,CLARK,CLARK,,
LVM220500107995,E FLAMINGO RD,,E FLAMINGO RD,LINQ LN,,LINQ LN,2022-05-27T00:00:00.000,135,LAS VEGAS,CLARK,CLARK,664969.705199999,3998208.1336
LVM230400069529,E ST LOUIS AVE,,E ST LOUIS AVE,S EASTERN AVE,,S EASTERN AVE,2023-04-15T00:00:00.000,2347,LAS VEGAS,CLARK,CLARK,669276.8103,4002024.59909999
LVM200200013032,N RANCHO DR,,N RANCHO DR,RIVERSIDE DR,,RIVERSIDE DR,2020-02-03T00:00:00.000,1758,LAS VEGAS,CLARK,CLARK,663398.917999999,4006024.50239999
NLPD2306220012565,LAKE MEAD BLVD,,LAKE MEAD BLVD,DALEY ST,,DALEY ST,2023-06-22T00:00:00.000,21,NORTH LAS VEGAS,CLARK,CLARK,669655.175599999,4007318.89819999
WASD21W00329,HUNTER LAKE DR,,HUNTER LAKE DR,CALIFORNIA AVE,,CALIFORNIA AVE,2021-05-05T00:00:00.000,1425,RENO,WASHOE,WASHOE,256207.1977,4377484.4638
LVM190900108564,E CRAIG RD,,E CRAIG RD,N LAMONT ST,,N LAMONT ST,2019-09-23T00:00:00.000,449,LAS VEGAS,CLARK,CLARK,673734.9027,4012347.2718
LVM211100006887,E LAKE MEAD BLVD,E LAKE MEAD BLVD,SR147E,VIA MIRABEL ST,N VIA MIRABEL ST,VIA MIRABEL ST,2021-11-02T00:00:00.000,1611,LAS VEGAS,CLARK,CLARK,671333.9473,4007343.47749999
LVM230900023995,E DESERT INN RD,,S EASTERN AVE,S EASTERN AVE,,E DESERT INN RD,2023-09-07T00:00:00.000,1424,LAS VEGAS,CLARK,CLARK,669301.8391,3999989.8814
RPD20-13198,E 2ND ST,,E 2ND ST,LAKE ST,,LAKE ST,2020-07-31T00:00:00.000,720,RENO,WASHOE,WASHOE,258492.9808,4379096.27219999
LVM210800058965,S VALLEY VIEW BLVD,,S VALLEY VIEW BLVD,W RUSSELL RD,,W RUSSELL RD,2021-08-14T00:00:00.000,1648,LAS VEGAS,CLARK,CLARK,662974.6139,3995035.4046
LVM210400106062,S MAIN ST,,S MAIN ST,E BRIDGER AVE,,E BRIDGER AVE,2021-04-24T00:00:00.000,225,LAS VEGAS,CLARK,CLARK,666579.7121,4004322.2846
RPD23-19163,E 4TH ST,,E 4TH ST,EVANS AVE,,EVANS AVE,2023-10-18T00:00:00.000,2049,RENO,WASHOE,WASHOE,258460.908499999,4379438.5931
LVM191100051202,HOOVER AVE,,HOOVER AVE,S CASINO CENTER BLVD,,S CASINO CENTER BLVD,2019-11-09T00:00:00.000,200,LAS VEGAS,,,666391.1688,4003433.3628
YPD21YE-0016,OREGON ST,,OREGON ST,BROADWAY AVE,,BROADWAY AVE,2021-01-13T00:00:00.000,750,YERINGTON,LYON,LYON,313019.621299999,4317611.86209999
NLPD1911190023214,E LAKE MEAD SOUTH BLVD,,E LAKE MEAD SOUTH BLVD,N 5TH ST,,N 5TH ST,2019-11-19T00:00:00.000,850,NORTH LAS VEGAS,CLARK,CLARK,667750.256799999,4007283.1113
RPD21-21654,W PLUMB LN,,W PLUMB LN,LAKESIDE DR,,LAKESIDE DR,2021-11-17T00:00:00.000,1417,RENO,WASHOE,WASHOE,258653.5164,4376652.59649999
LVM201200069163,ARDEN ST,S ARDEN ST,ARDEN ST,MOHAVE AVE,E MOHAVE AVE,MOHAVE AVE,2020-12-16T00:00:00.000,1934,,CLARK,CLARK,673223.6072,4002729.35899999
LVM221100063151,FLAMINGO RD,E FLAMINGO,FLAMINGO RD,S. MARYLAND PKWY,S MARYLAND,S MARYLAND PKWY,2022-11-17T00:00:00.000,1411,LAS VEGAS,CLARK,CLARK,667671.1807,3998262.3627
LVM191100040084,W FLAMINGO RD,,W FLAMINGO RD,S JONES BLVD,,S JONES BLVD,2019-11-09T00:00:00.000,1023,LAS VEGAS,CLARK,CLARK,659764.731499999,3998107.9199
LVM230700105102,FLAMINGO RD,,FLAMINGO RD,OTHER,DURANGO,S DURANGO DR,2023-07-24T00:00:00.000,2300,LAS VEGAS,CLARK,CLARK,654888.9767,3998063.5675
RPD23-18560,SIERRA CENTER PKWY,,SIERRA CENTER PKWY,S VIRGINIA ST,,S VIRGINIA ST,2023-10-10T00:00:00.000,856,RENO,WASHOE,WASHOE,260590.876699999,4372125.72309999
LVM200200097644,E CHARLESTON BLVD,,E CHARLESTON BLVD,N LAMB BLVD,,N LAMB BLVD,2020-02-20T00:00:00.000,1740,LAS VEGAS,CLARK,CLARK,672749.9599,4003285.80159999
RPD23-22892,EVANS AVE,,EVANS AVE,E 4TH ST,,E 4TH ST,2023-12-14T00:00:00.000,632,RENO,WASHOE,WASHOE,258464.0914,4379423.68909999
LVM221000083998,E BRUCE WOODBURY DR,,E BRUCE WOODBURY DR,THOMAS EDISON DR,,THOMAS EDISON DR,2022-10-22T00:00:00.000,1014,,CLARK,CLARK,,
LVM211000050149,W TWAIN AVE,,W TWAIN AVE,WYNN RD,WYNN,WYNN RD,2021-10-12T00:00:00.000,1845,LAS VEGAS,CLARK,CLARK,671651.6683,3999204.1718
CLSD22097931,S TORREY PINES DR,,S TORREY PINES DR,SPRING MOUNTAIN RD,,SPRING MOUNTAIN RD,2022-09-15T00:00:00.000,927,LAS VEGAS,CLARK,CLARK,658926.1007,3999321.34879999
LVM190300093213,N RANCHO DR,,N RANCHO DR,OTHER,RICKY DR,OTHER,2019-03-19T00:00:00.000,2206,LAS VEGAS,CLARK,CLARK,660455.278099999,4009853.90799999
LVM220800053744,S DURANGO DR,,S DURANGO DR,W MAULE AVE,,W MAULE AVE,2022-08-13T00:00:00.000,2117,LAS VEGAS,CLARK,CLARK,654974.389299999,3992067.9955
SPPD20-8657,SCHEELS DR,,SCHEELS DR,BIG FISH DR,,BIG FISH DR,2020-11-17T00:00:00.000,1715,SPARKS,WASHOE,WASHOE,266257.129499999,4379264.8835
NLPD2204140006814,LOSEE RD,,LOSEE RD,E LA MADRE WAY,,E LA MADRE WAY,2022-04-14T00:00:00.000,2053,NORTH LAS VEGAS,CLARK,CLARK,669187.0305,4013386.14059999
LVM190500138575,E TROPICANA AVE,,E TROPICANA AVE,DUKE ELLINGTON WAY,,DUKE ELLINGTON WAY,2019-05-28T00:00:00.000,1921,LAS VEGAS,CLARK,CLARK,665017.7465,3996694.36549999
LVM230700093993,N JONES BLVD,,N JONES BLVD,HICKAM AVE,,HICKAM AVE,2023-07-21T00:00:00.000,2214,LAS VEGAS,CLARK,CLARK,659464.1653,4011605.69459999
LVM220300119211,S DURANGO DR,,S DURANGO DR,W FLAMINGO RD,,W FLAMINGO RD,2022-03-29T00:00:00.000,752,LAS VEGAS,CLARK,CLARK,654888.877799999,3998072.41349999
NHP191202291,US50A,,US50A,SAGE DR,MM13,SAGE DR,2019-12-28T00:00:00.000,1820,,LYON,LYON,306815.413999999,4384689.9853
LVM200200041707,N LAS VEGAS BLVD,,SR604N,N PECOS RD,,N PECOS RD,2020-02-09T00:00:00.000,1240,LAS VEGAS,CLARK,CLARK,670936.3128,4009440.03539999
LVM190200035552,E SAHARA AVE,,E SAHARA AVE,S MARYLAND PKWY,,S MARYLAND PKWY,2019-02-08T00:00:00.000,1746,LAS VEGAS,CLARK,CLARK,667611.1774,4001554.25379999
LVM221100077680,OTHER,CHARLESTON,OTHER,OTHER,PECOS,OTHER,2022-11-21T00:00:00.000,1022,LAS VEGAS,CLARK,CLARK,671088.131099999,4003240.013
NHP210701019,OTHER,IR15 SB,OTHER,OTHER,MM17,OTHER,2021-07-13T00:00:00.000,1056,,CLARK,CLARK,654964.277499999,3967023.45849999
LVM211100031650,MOUNTAIN VISTA ST,,MOUNTAIN VISTA ST,SUN VALLEY DR,,SUN VALLEY DR,2021-11-08T00:00:00.000,1426,LAS VEGAS,CLARK,CLARK,673426.442099999,3997201.11219999
NLPD200706010941,LOSEE RD,,LOSEE RD,E WASHBURN RD,,E WASHBURN RD,2020-07-06T00:00:00.000,2126,NORTH LAS VEGAS,CLARK,CLARK,669176.918899999,4013745.65149999
NLPD2309140018468,CRAIG RD,,W CRAIG RD,REVERE ST,,REVERE ST,2023-09-14T00:00:00.000,1757,NORTH LAS VEGAS,CLARK,CLARK,666036.5947,4012084.35199999
NHP200501297,OTHER,IR215/S DURANGO WB OFF RAMP,OTHER,OTHER,IR215,OTHER,2020-05-29T00:00:00.000,2310,,CLARK,CLARK,655448.063,3992694.9984
HP22-21515,SR582S,,BOULDER HWY SB,N GIBSON RD,,N GIBSON RD,2022-11-03T00:00:00.000,1306,HENDERSON,CLARK,CLARK,678108.521999999,3994073.5884
LVM210600063401,E CHARLESTON BLVD,,E CHARLESTON BLVD,S BRUCE ST,,S BRUCE ST,2021-06-14T00:00:00.000,1217,LAS VEGAS,CLARK,CLARK,668657.225499999,4003199.6732
NHP220900923,SR443,,SR443,OTHER,GIFFORD PKWY,GIFFORD PKWY,2022-09-12T00:00:00.000,1926,,WASHOE,WASHOE,,
LVM191100056986,CHESSMAN WAY,,CHESSMAN WAY,GALLEY DR,,GALLEY DR,2019-11-12T00:00:00.000,2345,LAS VEGAS,CLARK,CLARK,657532.477099999,3997602.25789999
LVM190700119832,W WARM SPRINGS RD,,W WARM SPRINGS RD,S DURANGO DR,,S DURANGO DR,2019-07-24T00:00:00.000,1828,LAS VEGAS,CLARK,CLARK,655000.572999999,3991477.48619999
LVM210100116088,S EASTERN AVE,,S EASTERN AVE,EXLEY AVE,,EXLEY AVE,2021-01-26T00:00:00.000,1239,LAS VEGAS,CLARK,CLARK,669246.901999999,4001810.3432
NHP210600734,US6,,US6,OTHER,ES 46,OTHER,2021-06-10T00:00:00.000,830,,ESMERALDA,ESMERALDA,459777.9945,4221619.9864
LVM190900012730,SWENSON ST,,SWENSON ST,ROYAL CREST CIR,,ROYAL CREST CIR,2019-09-03T00:00:00.000,1517,LAS VEGAS,CLARK,CLARK,666833.735,3999298.8712
LVM231200099084,W OAKEY BLVD,,W OAKEY BLVD,JONES BLVD,W OAKEY BLVD,JONES BLVD,2023-12-30T00:00:00.000,2306,LAS VEGAS,CLARK,CLARK,659537.006099999,4002239.28219999
NHP190800200,OTHER,FLAMINGO ROAD,OTHER,OTHER,IR15 NORTHBOUND ON RAMP,OTHER,2019-08-03T00:00:00.000,348,RENO,CLARK,CLARK,663824.6643,3998189.54729999
NHP210201004,OTHER,IR80/PRATER WAY EB ON RAMP,OTHER,OTHER,PRATER WAY,OTHER,2021-02-16T00:00:00.000,1119,,WASHOE,WASHOE,249442.6917,4377918.5525
ELSO22EL10654,SPRING CREEK PKWY,,SPRING CREEK PKWY,VALLEY BEND DR,,VALLEY BEND DR,2022-06-08T00:00:00.000,1729,,ELKO,ELKO,617160.3512,4511014.832
NLPD2001110000711,MARY DEE AVE,,MARY DEE AVE,E CHEYENNE AVE,,E CHEYENNE AVE,2020-01-11T00:00:00.000,2140,NORTH LAS VEGAS,CLARK,CLARK,669273.1074,4009744.1446
LVM211100093199,S LAMB BLVD,,S LAMB BLVD,RIDGEDALE AVE,,RIDGEDALE AVE,2021-11-22T00:00:00.000,1514,,CLARK,CLARK,672496.334099999,4000493.60789999
NHP230500273,SR443,,SR443,4TH AVE,,4TH AVE,2023-05-04T00:00:00.000,2204,SUN VALLEY,WASHOE,WASHOE,261225.4841,4385847.6019
HP19-16857,BURKHOLDER BLVD,,BURKHOLDER BLVD,CENTER ST,,CENTER ST,2019-07-30T00:00:00.000,1500,HENDERSON,CLARK,CLARK,683161.5767,3990058.25689999
LVM221000079574,W WASHINGTON AVE,,W WASHINGTON AVE,JONES BLVD,,JONES BLVD,2022-10-21T00:00:00.000,735,LAS VEGAS,CLARK,CLARK,659721.6517,4005458.03119999
LVM221000077664,N HOLLYWOOD BLVD,,N HOLLYWOOD BLVD,E TROPICAL PKWY,,E TROPICAL PKWY,2022-10-20T00:00:00.000,1819,LAS VEGAS,CLARK,CLARK,677401.0749,4015590.90939999
RPD21-10367,5TH ST,,5TH ST,KEYSTONE AVE,,KEYSTONE AVE,2021-06-12T00:00:00.000,1602,RENO,WASHOE,WASHOE,256876.962899999,4379224.15479999
LVM230200002346,TREE LINE DR,,TREE LINE DR,AMERICAN BEAUTY AVE,,AMERICAN BEAUTY AVE,2023-02-01T00:00:00.000,1429,LAS VEGAS,CLARK,CLARK,676803.1239,4002540.4328
LVM230100087501,W HACIENDA AVE,,W HACIENDA AVE,S RAINBOW BLVD,,S RAINBOW BLVD,2023-01-22T00:00:00.000,1421,LAS VEGAS,CLARK,CLARK,658184.845499999,3995628.5151
RPD20-1946,N CENTER ST,,N CENTER ST,E 2ND ST,,E 2ND ST,2020-01-30T00:00:00.000,805,RENO,WASHOE,WASHOE,258304.6989,4379055.9627
LVM210400099125,S MARYLAND PKWY,,S MARYLAND PKWY,E FLAMINGO RD,,E FLAMINGO RD,2021-04-22T00:00:00.000,1434,,CLARK,CLARK,667598.5361,3998327.62759999
SPPD23-9748,SPARKS BLVD,,SPARKS BLVD,VILLAGE KNOLL DR,,VILLAGE KNOLL DR,2023-12-19T00:00:00.000,1000,SPARKS,WASHOE,WASHOE,265857.4687,4385667.0161
LVM230100037050,SPRING MOUNTAIN RD,,SPRING MOUNTAIN RD,S VALLEY VIEW BLVD,,S VALLEY VIEW BLVD,2023-01-10T00:00:00.000,249,LAS VEGAS,CLARK,CLARK,662982.5612,3999493.8781
HP21-13053,N MAJOR AVE,,N MAJOR AVE,BURKHOLDER BLVD,,BURKHOLDER BLVD,2021-07-18T00:00:00.000,2031,HENDERSON,CLARK,CLARK,683217.7822,3990125.5283
LVM210200055479,S LAS VEGAS BLVD,,S LAS VEGAS BLVD,PARIS DR,,PARIS DR,2021-02-13T00:00:00.000,720,LAS VEGAS,CLARK,CLARK,664442.334099999,3997816.61759999
LVM190100103703,E HARMON AVE,,E HARMON AVE,PARADISE RD,,PARADISE RD,2019-01-22T00:00:00.000,1812,LAS VEGAS,CLARK,CLARK,666212.972599999,3997505.23299999
LVM190300018103,OTHER,TREELINE,OTHER,OTHER,AMERICAN BEAUTY,OTHER,2019-03-04T00:00:00.000,1947,LAS VEGAS,CLARK,CLARK,676803.1239,4002540.4328
LVM211200028637,W OWENS AVE,,W OWENS AVE,A ST,,A ST,2021-12-07T00:00:00.000,1931,LAS VEGAS,CLARK,CLARK,667096.273699999,4006447.4436
NHP230500362,OTHER,HOMESTEAD ROAD,HOMESTEAD RD,OTHER,RAVEN PLACE,RAVEN PL,2023-05-05T00:00:00.000,2305,PAHRUMP,NYE,NYE,593589.211699999,4002552.08359999
LVM230300006133,S LAS VEGAS BLVD,,S LAS VEGAS BLVD,FLAMINGO RD,,FLAMINGO RD,2023-03-02T00:00:00.000,1327,LAS VEGAS,CLARK,CLARK,664447.720099999,3998141.7736
LVM211100040329,OTHER,S UNIVERSITY CENTER DRIVE,OTHER,OTHER,E FLAMINGO RD,OTHER,2021-11-10T00:00:00.000,1510,LAS VEGAS,CLARK,CLARK,667234.0464,4004317.7487
RPD23-11244,KIETZKE LN,,KIETZKE LN,GENTRY WAY,,GENTRY WAY,2023-06-28T00:00:00.000,242,RENO,WASHOE,WASHOE,260173.419999999,4375646.07059999
RPD23-9060,S VIRGINIA ST,,S VIRGINIA ST,NEIL RD,,NEIL RD,2023-05-24T00:00:00.000,1111,RENO,WASHOE,WASHOE,260435.979899999,4372436.12979999
LVM201000054121,S NELLIS BLVD,,S NELLIS BLVD,E FLAMINGO RD,,E FLAMINGO RD,2020-10-13T00:00:00.000,430,,CLARK,CLARK,674181.9698,3998421.0894
LVM220600043651,E DESERT INN RD,,E DESERT INN RD,S EASTERN AVE,,S EASTERN AVE,2022-06-12T00:00:00.000,438,LAS VEGAS,CLARK,CLARK,669327.1754,3999988.44199999
LVM190800117114,W LAKE MEAD BLVD,,W LAKE MEAD BLVD,LIRIO WAY,,LIRIO WAY,2019-08-24T00:00:00.000,521,LAS VEGAS,CLARK,CLARK,659147.197999999,4007112.44549999
NLPD2001220001458,N LAS VEGAS BLVD,,N LAS VEGAS BLVD,CARROLL ST,,CARROLL ST,2020-01-22T00:00:00.000,1208,NORTH LAS VEGAS,CLARK,CLARK,669390.4095,4008275.07579999
LVM201000040987,E RENO AVE,,E RENO AVE,S LAS VEGAS BLVD,,S LAS VEGAS BLVD,2020-10-09T00:00:00.000,2258,,CLARK,CLARK,664484.4731,3996290.2232
LVM220900099719,E OGDEN AVE,,E OGDEN AVE,N 6TH ST,,N 6TH ST,2022-09-25T00:00:00.000,447,LAS VEGAS,CLARK,CLARK,667395.703399999,4004400.6905
CCSO20-5265,E WINNIE LN,,E WINNIE LN,LONE MOUNTAIN DR,,LONE MOUNTAIN DR,2020-09-09T00:00:00.000,851,,CARSON CITY,CARSON CITY,261283.219499999,4340298.74059999
LVM231000042204,W SAHARA AVE,,W SAHARA AVE,S HUALAPAI WAY,,S HUALAPAI WAY,2023-10-13T00:00:00.000,207,LAS VEGAS,CLARK,CLARK,651668.712,4001280.4164
LVM231100030056,RANCHO ROSARIO CT,,RANCHO VILLA VERDE PL,RANCHO VILLA VERDE PL,,RANCHO ROSARIO CT,2023-11-09T00:00:00.000,1623,LAS VEGAS,CLARK,CLARK,648855.975899999,4004330.20979999
LVM231100094441,S TORREY PINES DR,,S TORREY PINES DR,W SAHARA AVE,,W SAHARA AVE,2023-11-27T00:00:00.000,1019,LAS VEGAS,CLARK,CLARK,658897.028699999,4001371.1937
HP22-15051,BARCAROLLE LN,,BARCAROLLE LN,CORNELIUS KELLY AVE,,CORNELIUS KELLY AVE,2022-08-03T00:00:00.000,1505,HENDERSON,CLARK,CLARK,683156.560999999,3992436.0742
LVM220900012802,S MARYLAND PKWY,,S MARYLAND PKWY,E TWAIN AVE,,E TWAIN AVE,2022-09-03T00:00:00.000,2152,LAS VEGAS,CLARK,CLARK,667622.430499999,3999104.0719
HP21-21111,S WATER ST,,S WATER ST,ATOMIC ST,,ATOMIC ST,2021-11-11T00:00:00.000,1720,HENDERSON,CLARK,CLARK,681718.980399999,3989462.4415
RPD21-13497,SUTRO ST,,SUTRO ST,E 6TH ST,,E 6TH ST,2021-07-27T00:00:00.000,355,RENO,WASHOE,WASHOE,259491.2596,4379855.845
LVM220500070139,E TROPICANA AVE,,E TROPICANA AVE,S MARYLAND PKWY,MARYLAND PKWY,S MARYLAND PKWY,2022-05-17T00:00:00.000,2336,LAS VEGAS,CLARK,CLARK,667899.114,3996758.11759999
LVM230400115100,E DESERT INN RD,,E DESERT INN RD,SANDHILL RD,,SANDHILL RD,2023-04-25T00:00:00.000,2016,LAS VEGAS,CLARK,CLARK,671983.0392,4000015.4253
LVM210500015467,E SAHARA AVE,,E SAHARA AVE,S EASTERN AVE,,S EASTERN AVE,2021-05-04T00:00:00.000,929,LAS VEGAS,CLARK,CLARK,669257.5848,4001591.25
LVM191200128959,E BRIDGER AVE,,E BRIDGER AVE,S MAIN ST,,S MAIN ST,2019-12-28T00:00:00.000,958,LAS VEGAS,CLARK,CLARK,666586.2384,4004318.97599999
LVM200100097135,CAMBRIDGE ST,,CAMBRIDGE ST,SIERRA VISTA DR,,SIERRA VISTA DR,2020-01-21T00:00:00.000,910,LAS VEGAS,CLARK,CLARK,667238.3541,3999628.47279999
LVM190600133088,LA CANADA ST,,LA CANADA ST,SILVER MESA WAY,,SILVER MESA WAY,2019-06-28T00:00:00.000,1248,LAS VEGAS,CLARK,CLARK,668079.102599999,4000116.1709
LVM200200063060,E OGDEN AVE,,E OGDEN AVE,N BRUCE ST,,N BRUCE ST,2020-02-13T00:00:00.000,1619,LAS VEGAS,CLARK,CLARK,668627.2998,4003826.5205
LVM230900000724,MCLEOD DR,,MCLEOD DR,TROPICANA AVE,,SR593,2023-09-01T00:00:00.000,724,LAS VEGAS,CLARK,CLARK,670138.5081,3996690.24359999
LVM190200059579,S FORT APACHE RD,,S FORT APACHE RD,W SAHARA AVE,,W SAHARA AVE,2019-02-13T00:00:00.000,1952,LAS VEGAS,CLARK,CLARK,653152.1286,4001341.3975
RPD19-23499,E 2ND ST,,E 2ND ST,IR580 N,,IR580 N,2019-11-24T00:00:00.000,1419,RENO,WASHOE,WASHOE,260813.082799999,4379015.10779999
NLPD2202010001912,N LAS VEGAS BLVD,,N LAS VEGAS BLVD,E LAKE MEAD BLVD,,E LAKE MEAD BLVD,2022-02-01T00:00:00.000,1636,NORTH LAS VEGAS,CLARK,CLARK,668215.5289,4007286.45659999
NLPD2303250005917,N LAS VEGAS BLVD,,SR604N,E GRISWOLD ST,,GRISWOLD ST,2023-03-25T00:00:00.000,247,NORTH LAS VEGAS,CLARK,CLARK,670568.8108,4009162.38639999
HP23-08282,SR582S,,BOULDER HWY SB,ROLLY ST,,ROLLY ST,2023-04-05T00:00:00.000,7,HENDERSON,CLARK,CLARK,679963.999499999,3992124.21729999
NLPD2002060002524,W DEER SPRINGS WAY,,W DEER SPRINGS WAY,OTHER,CROSSROADS ST,OTHER,2020-02-06T00:00:00.000,1424,NORTH LAS VEGAS,CLARK,CLARK,664891.091799999,4017026.25329999
LVM200800051011,N MARYLAND PKWY,,N MARYLAND PKWY,FREMONT ST,,FREMONT ST,2020-08-12T00:00:00.000,1852,LAS VEGAS,CLARK,CLARK,667956.1035,4003954.2902
HP23-05155,ST ROSE PKWY,,SR146E,SEVEN HILLS DR,,SEVEN HILLS DR,2023-03-19T00:00:00.000,1420,HENDERSON,CLARK,CLARK,668920.3228,3985427.00139999
HP22-17913,PALO VERDE DR,,PALO VERDE DR,E WARM SPRINGS RD,,E WARM SPRINGS RD,2022-09-13T00:00:00.000,1413,HENDERSON,CLARK,CLARK,683474.045099999,3991435.65689999
LVM230600020021,W SAHARA AVE,,W SAHARA AVE,S VALLEY VIEW BLVD,,S VALLEY VIEW BLVD,2023-06-05T00:00:00.000,833,LAS VEGAS,CLARK,CLARK,662772.534599999,4001482.08579999
LVM220100047029,THOMAS AND MACK DR,,PARADISE RD,PARADISE RD,,THOMAS AND MACK DR,2022-01-12T00:00:00.000,1433,LAS VEGAS,CLARK,CLARK,666499.978699999,3996903.5218
HP22-23492,W BASIC RD,,W BASIC RD,S WATER ST,,S WATER ST,2022-12-02T00:00:00.000,1830,HENDERSON,CLARK,CLARK,682002.550099999,3989133.6041
LVM190900060018,STEWART AVE,,STEWART AVE,N EASTERN AVE,,N EASTERN AVE,2019-09-13T00:00:00.000,750,LAS VEGAS,CLARK,CLARK,669477.557699999,4004067.94769999
LVM201000130466,E LAKE MEAD BLVD,,E LAKE MEAD BLVD,N LAMB BLVD,,N LAMB BLVD,2020-10-30T00:00:00.000,1922,,CLARK,CLARK,672261.412499999,4007350.0479
LVM231000040558,N FORT APACHE RD,,N FORT APACHE RD,W CHEYENNE AVE,,W CHEYENNE AVE,2023-10-12T00:00:00.000,1559,LAS VEGAS,CLARK,CLARK,653055.254099999,4009537.0018
NHP200301771,OTHER,US95 SOUTHBOUND,OTHER,OTHER,SR582,OTHER,2020-03-30T00:00:00.000,1042,,CLARK,CLARK,671732.692599999,4001295.7398
LVM220400090282,E SAHARA AVE,,E SAHARA AVE,LYNNWOOD ST,,LYNNWOOD ST,2022-04-21T00:00:00.000,1952,LAS VEGAS,CLARK,CLARK,666467.035099999,4001482.0818
LVM231000021048,S NELLIS BLVD,,SR612,OTHER,SPYGLASS HILL DR,SPYGLASS HILL DR,2023-10-07T00:00:00.000,152,LAS VEGAS,CLARK,CLARK,674051.637199999,4001433.7769
NYSO22NY-0026,DONNER ST,,DONNER ST,OTHER,MURPHY,MURPHY,2022-01-03T00:00:00.000,235,PAHRUMP,NYE,NYE,,
LVM191000050318,S LAMB BLVD,,S LAMB BLVD,E CHARLESTON BLVD,,E CHARLESTON BLVD,2019-10-11T00:00:00.000,1203,LAS VEGAS,CLARK,CLARK,672675.893099999,4003125.3704
NHP190302239,SR756,,SR756,,,,2019-03-30T00:00:00.000,650,RENO,DOUGLAS,DOUGLAS,261839.6183,4311012.70179999
CCSO23-2507,E ROBINSON ST,,E ROBINSON ST,N PLAZA ST,,N PLAZA ST,2023-04-28T00:00:00.000,2010,CARSON CITY,CARSON CITY,CARSON CITY,261000.463,4338972.1863
LVM190200058958,SMOKE RANCH RD,,SMOKE RANCH RD,N RANCHO DR,,N RANCHO DR,2019-02-13T00:00:00.000,1735,LAS VEGAS,CLARK,CLARK,661887.4007,4007943.6117
LVM220600006218,S DECATUR BLVD,,S DECATUR BLVD,OTHER,CHURCHILL RD,OTHER,2022-06-02T00:00:00.000,1327,LAS VEGAS,CLARK,CLARK,661348.228099999,4004502.7024
SPPD22-6799,GREENBRAE DR,,GREENBRAE DR,ROCK BLVD,,ROCK BLVD,2022-08-26T00:00:00.000,1810,SPARKS,WASHOE,WASHOE,262671.6535,4381165.05049999
LVM190400076236,W OAKEY BLVD,,W OAKEY BLVD,S DECATUR BLVD,,S DECATUR BLVD,2019-04-16T00:00:00.000,940,LAS VEGAS,CLARK,CLARK,661196.975599999,4002268.11409999
NHP210100687,OTHER,SAHARA AVE,OTHER,OTHER,SR604,OTHER,2021-01-11T00:00:00.000,1921,,CLARK,CLARK,665474.4104,4001461.6334
LVM200500103080,W CHARLESTON BLVD,,W CHARLESTON BLVD,S HUALAPAI WAY,,S HUALAPAI WAY,2020-05-21T00:00:00.000,1335,LAS VEGAS,CLARK,CLARK,651908.3525,4002903.49609999
HP19-10526,NAVARRE LN,,NAVARRE LN,N ARROYO GRANDE BLVD,,N ARROYO GRANDE BLVD,2019-05-09T00:00:00.000,719,HENDERSON,CLARK,CLARK,675127.4254,3991498.9912
LVM230300033479,MCLEOD DR,,MCLEOD DR,OTHER,E FLAMINGO RD,SR592,2023-03-08T00:00:00.000,1634,LAS VEGAS,CLARK,CLARK,670117.2728,3998056.86319999
NLPD2004290007314,E LAKE MEAD BLVD,,E LAKE MEAD BLVD,BASSLER ST,,BASSLER ST,2020-04-29T00:00:00.000,2237,NORTH LAS VEGAS,CLARK,CLARK,669849.985,4007326.03659999
LVM230800067555,E SAHARA AVE,,E SAHARA AVE,NELLIS BLVD,,NELLIS BLVD,2023-08-19T00:00:00.000,1159,LAS VEGAS,CLARK,CLARK,674266.897599999,4001720.264
LVM220700076216,EXETER DR,N EXETER DR,EXETER DR,KEPLER DR,E KEPLER DR,KEPLER DR,2022-07-19T00:00:00.000,2147,LAS VEGAS,CLARK,CLARK,677864.4559,4007940.38209999
LVM211100033075,W PATRICK LN,,W PATRICK LN,S GRAND CANYON DR,,S GRAND CANYON DR,2021-11-08T00:00:00.000,2115,LAS VEGAS,CLARK,CLARK,652460.6129,3993884.81489999
NLPD2209270018392,E AZURE AVE,,E AZURE AVE,N WALNUT RD,,N WALNUT RD,2022-09-27T00:00:00.000,743,NORTH LAS VEGAS,CLARK,CLARK,671609.925999999,4015912.11079999
LVM2205000122177,S DECATUR BLVD,,S DECATUR BLVD,PENNWOOD AVE,PENWOOD,PENNWOOD AVE,2022-05-30T00:00:00.000,1542,LAS VEGAS,CLARK,CLARK,661228.2136,4000630.27459999
LVM230200097076,S VALLEY VIEW BLVD,,S VALLEY VIEW BLVD,W SAHARA AVE,,W SAHARA AVE,2023-02-24T00:00:00.000,541,LAS VEGAS,CLARK,CLARK,662768.762199999,4001564.83709999
LVM220700053445,N DECATUR BLVD,,N DECATUR BLVD,W WASHINGTON AVE,,W WASHINGTON AVE,2022-07-14T00:00:00.000,844,LAS VEGAS,CLARK,CLARK,661322.1862,4005514.40939999
RPD19-22295,JAKE ST,,JAKE ST,VALDEZ WY,,VALDEZ WY,2019-11-07T00:00:00.000,910,RENO,WASHOE,WASHOE,263291.996799999,4374583.0544
LVM221100098804,SAMMY DAVIS JR DR,,SAMMY DAVIS JR DR,OTHER,GENTING BLVD,RESORT WORLD DR,2022-11-26T00:00:00.000,1658,LAS VEGAS,CLARK,CLARK,664437.2596,4000185.90269999
LVM231100059526,E WASHINGTON AVE,,E WASHINGTON AVE,N 21ST ST,,N 21ST ST,2023-11-16T16:00:00.000,604,LAS VEGAS,CLARK,CLARK,669007.452999999,4005681.80079999
RPD20-18811,E 4TH ST,,E 4TH ST,LAKE ST,,LAKE ST,2020-10-21T00:00:00.000,1428,RENO,WASHOE,WASHOE,258348.2783,4379413.78089999
LVM190900131075,MCLEOD ST,,MCLEOD ST,E SAHARA AVE,,E SAHARA AVE,2019-09-27T00:00:00.000,1638,LAS VEGAS,CLARK,CLARK,670048.708999999,4001607.98069999
LVM230300056872,S JONES BLVD,,S JONES BLVD,W ELDORADO LN,,W ELDORADO LN,2023-03-13T00:00:00.000,2144,LAS VEGAS,CLARK,CLARK,659867.3107,3991280.03189999
LVM200900112151,PABCO RD,,PABCO RD,SR147,,SR147,2020-09-25T00:00:00.000,2256,,CLARK,CLARK,689112.4937,4009932.1695
HP20-20375,E WARM SPRINGS RD,,E WARM SPRINGS RD,E CENTER ST,,E CENTER ST,2020-11-19T00:00:00.000,1513,HENDERSON,CLARK,CLARK,683106.499499999,3991426.8253
LVM211200038029,W FLAMINGO RD,,W FLAMINGO RD,HUGH HEFNER DR,HUGH HEFNER DR,HUGH HEFNER DR,2021-12-09T00:00:00.000,2233,LAS VEGAS,CLARK,CLARK,662751.495299999,3998277.84039999
HP22-04965,E ARMY ST,,E ARMY ST,S WATER ST,,S WATER ST,2022-03-16T00:00:00.000,1850,HENDERSON,CLARK,CLARK,681698.1094,3989486.5261
NLPD2005020007452,CIVIC CENTER DR,,CIVIC CENTER DR,CONSTITUTION WAY,,CONSTITUTION WAY,2020-05-02T00:00:00.000,935,NORTH LAS VEGAS,CLARK,CLARK,669290.0948,4007494.10909999
LVM190100123803,W CHARLESTON BLVD,,W CHARLESTON BLVD,HEAVENLY HILLS CT,,HEAVENLY HILLS CT,2019-01-27T00:00:00.000,2236,LAS VEGAS,CLARK,CLARK,654842.707,4002966.79499999
NLPD2312150024819,MCDANIEL ST,,MCDANIEL ST,STANLEY AVE,,STANLEY AVE,2023-12-15T00:00:00.000,759,NORTH LAS VEGAS,CLARK,CLARK,668985.954199999,4006713.37539999
HP19-24758,RICHMAR AVE,,RICHMAR AVE,S EASTERN AVE,,S EASTERN AVE,2019-11-08T00:00:00.000,935,HENDERSON,CLARK,CLARK,669530.529799999,3987460.8343
ELPD2020-22107,SR227,,SR227,SUNRISE DR,,SUNRISE DR,2020-11-05T00:00:00.000,1914,ELKO,ELKO,ELKO,606313.975899999,4521143.16499999
LVM231000045252,INDUSTRIAL RD,,INDUSTRIAL RD,WESTERN AVE,,WESTERN AVE,2023-10-13T00:00:00.000,2208,LAS VEGAS,CLARK,CLARK,665603.930599999,4002914.01359999
LVM230900061080,E TROPICANA AVE,,SR593,OTHER,HARRISON DR,HARRISON DR,2023-09-18T00:00:00.000,521,LAS VEGAS,CLARK,CLARK,669948.914099999,3996689.2499
RPD23-3511,BERRUM LN,,BERRUM LN,LAKESIDE DR,,LAKESIDE DR,2023-02-25T00:00:00.000,1647,RENO,WASHOE,WASHOE,258467.206,4375336.7738
RPD21-23963,SUTRO ST,,SUTRO ST,ODDIE BLVD,,ODDIE BLVD,2021-12-21T00:00:00.000,649,RENO,WASHOE,WASHOE,259516.6983,4381036.6611
HP20-22721,BOULDER HWY N,,BOULDER HWY N,KING ST,,KING ST,2020-12-26T00:00:00.000,2057,HENDERSON,CLARK,CLARK,680201.497,3991874.18229999
LVM220500091281,W CHARLESTON BLVD,W CHARLESTON BLD,W CHARLESTON BLVD,RANCHO DR,N RANCHO DR,RANCHO DR,2022-05-23T00:00:00.000,28,LAS VEGAS,CLARK,CLARK,664150.439399999,4005006.6027
NLPD2202080002375,N LAS VEGAS BLVD,,SR604S,BASSLER ST,,BASSLER ST,2022-02-08T00:00:00.000,1338,NORTH LAS VEGAS,CLARK,CLARK,669720.2624,4008544.04179999
LVM231200035128,E CHARLESTON BLVD,,SR159,NELLIS BLVD,,SR612,2023-12-11T00:00:00.000,1129,,CLARK,CLARK,674225.3233,4003325.89819999
DCSO20SO20592,WATERLOO LN,,WATERLOO LN,OTHER,LAMPE PARK,OTHER,2020-07-22T00:00:00.000,1625,,DOUGLAS,DOUGLAS,262010.428999999,4312851.95099999
LVM220500058991,E TROPICANA AVE,,E TROPICANA AVE,PARADISE RD,PARADISE RD,PARADISE RD,2022-05-15T00:00:00.000,410,LAS VEGAS,CLARK,CLARK,666548.557699999,3996746.9558
RPD22-579,SUTRO ST,,SUTRO ST,E 9TH ST,,E 9TH ST,2022-01-10T00:00:00.000,1545,RENO,WASHOE,WASHOE,259495.2235,4380280.7659
LVM220400005257,GILESPIE ST,,GILESPIE ST,GEORGE CROCKETT RD,,GEORGE CROCKETT RD,2022-04-02T00:00:00.000,450,LAS VEGAS,CLARK,CLARK,665405.720099999,3992494.69659999
WASO21-2439,FLINT SPRINGS DR,,FLINT SPRINGS DR,PAINTED SKY WAY,,PAINTED SKY WAY,2021-05-28T00:00:00.000,900,,WASHOE,WASHOE,259141.046099999,4386985.46949999
HP22-12127,E LAKE MEAD PKWY,,E LAKE MEAD PKWY,VICTORY,,VICTORY,2022-06-23T00:00:00.000,1240,HENDERSON,CLARK,CLARK,,
HP21-07198,LAKE MEAD PKWY E,,LAKE MEAD PKWY E,CENTER ST,,CENTER ST,2021-04-22T00:00:00.000,2031,HENDERSON,CLARK,CLARK,683055.2499,3991997.0084
LVM221100078399,N TORREY PINES DR,,N TORREY PINES DR,BALZAR AVE,,BALZAR AVE,2022-11-21T00:00:00.000,1357,LAS VEGAS,CLARK,CLARK,658860.4303,4007530.3223
NHP200801957,US95,,US95,OTHER,MM54,OTHER,2020-08-31T00:00:00.000,335,,CLARK,CLARK,,
LVM200700093822,E CHARLESTON BLVD,,E CHARLESTON BLVD,S 10TH ST,,S 10TH ST,2020-07-22T00:00:00.000,856,LAS VEGAS,CLARK,CLARK,667292.480899999,4003173.0544
LVM201100102878,WYNN RD,,WYNN RD,W HARMON AVE,,W HARMON AVE,2020-11-24T00:00:00.000,1256,,CLARK,CLARK,662503.310499999,3997459.59789999
LVM230300113121,OTHER,N PECOS RD,N PECOS RD,OTHER,E OWENS AVE,E OWENS AVE,2023-03-26T00:00:00.000,1339,LAS VEGAS,CLARK,CLARK,670997.115299999,4006492.40579999
LVM191200084083,W TROPICANA AVE,,W TROPICANA AVE,DUNEVILLE ST,,DUNEVILLE ST,2019-12-18T00:00:00.000,1530,LAS VEGAS,CLARK,CLARK,660102.1177,3996513.876
CCSO21-7311,N STEWART ST,,N STEWART ST,E 5TH ST,,E 5TH ST,2021-11-03T00:00:00.000,1530,CARSON CITY,CARSON CITY,CARSON CITY,,
HP20-01816,S EASTERN AVE,,S EASTERN AVE,PECOS RIDGE PKWY,,PECOS RIDGE PKWY,2020-01-26T00:00:00.000,1720,HENDERSON,CLARK,CLARK,671193.505099999,3984065.4407
LVM230400014816,N LAS VEGAS BLVD,,N LAS VEGAS BLVD,E OWENS AVE,,E OWENS AVE,2023-04-04T00:00:00.000,1144,LAS VEGAS,CLARK,CLARK,667783.9753,4006448.93549999
LVM230100104030,JEFFREYS ST,,JEFFREYS ST,DAVE ST,,DAVE ST,2023-01-26T00:00:00.000,1610,LAS VEGAS,CLARK,CLARK,669335.8524,3986255.4931
NLPD2205090008547,CIVIC CENTER DR,,CIVIC CENTER DR,E EVANS AVE,,E EVANS AVE,2022-05-09T00:00:00.000,620,NORTH LAS VEGAS,CLARK,CLARK,668906.2278,4008923.50149999
LVM211200028306,E TROPICANA AVE,,E TROPICANA AVE,OTHER,WILBUR ST,OTHER,2021-12-07T00:00:00.000,1744,LAS VEGAS,CLARK,CLARK,667306.299599999,3996744.46409999
LVM190400044296,S MARYLAND PKWY,,S MARYLAND PKWY,SHADY MEADOWS AVE,PRIVATE DRIVE,SHADY MEADOWS AVE,2019-04-10T00:00:00.000,2116,LAS VEGAS,CLARK,CLARK,667926.982099999,3988943.4359
LVM210100135483,S LAS VEGAS BLVD,,S LAS VEGAS BLVD,E FLAMINGO RD,,E FLAMINGO RD,2021-01-30T00:00:00.000,1450,LAS VEGAS,CLARK,CLARK,664446.251899999,3998656.60229999
LVM19080026859,S MARYLAND PKWY,,S MARYLAND PKWY,KAREN AVE,,KAREN AVE,2019-08-06T00:00:00.000,1219,LAS VEGAS,CLARK,CLARK,667628.398199999,4001242.6236
NLPD190329006583,W CAREY AVE,,W CAREY AVE,VICTORY HILLS WAY,,VICTORY HILLS WAY,2019-03-29T00:00:00.000,2029,NORTH LAS VEGAS,CLARK,CLARK,663928.6456,4007995.1552
LVM190600114617,S NELLIS BLVD,,S NELLIS BLVD,E SAHARA AVE,,E SAHARA AVE,2019-06-24T00:00:00.000,1742,LAS VEGAS,CLARK,CLARK,674046.663399999,4001826.54389999
RPD23-22268,E PLUMB LN,,SR653,TERMINAL WAY,,TERMINAL WAY,2023-12-04T00:00:00.000,1518,RENO,WASHOE,WASHOE,261142.7685,4376600.46
LVM220700082124,SIRIUS AVE,,SIRIUS AVE,S DECATUR BLVD,,S DECATUR BLVD,2022-07-21T00:00:00.000,1009,LAS VEGAS,CLARK,CLARK,661233.1944,4000255.67459999
LVM210900086610,E TROPICANA AVE,,E TROPICANA AVE,OTHER,MARYLAND PKWY,OTHER,2021-09-20T00:00:00.000,1608,LAS VEGAS,CLARK,CLARK,667712.953599999,3996702.7936
LVM191100013256,ROCK SPRINGS DR,,ROCK SPRINGS DR,W LAKE MEAD BLVD,,W LAKE MEAD BLVD,2019-11-03T00:00:00.000,1823,LAS VEGAS,CLARK,CLARK,657613.169499999,4006968.46429999
NLPD2011250019555,E ANN RD,,E ANN RD,E TROPICAL PKWY,,E TROPICAL PKWY,2020-11-25T00:00:00.000,1749,NORTH LAS VEGAS,CLARK,CLARK,669687.9916,4015363.52339999
NLPD2206210011319,PRUITT ST,,PRUITT ST,WEBSTER ST,,WEBSTER ST,2022-06-20T00:00:00.000,1227,NORTH LAS VEGAS,CLARK,CLARK,669441.341699999,4008240.38939999
LVM190200100303,W OWENS AVE,,W OWENS AVE,A ST,,A ST,2019-02-22T00:00:00.000,1840,LAS VEGAS,CLARK,CLARK,667037.0755,4006446.3032
RPD21-2587,S VIRGINIA ST,,S VIRGINIA ST,BRINKBY AVE,,BRINKBY AVE,2021-02-11T00:00:00.000,2325,RENO,WASHOE,WASHOE,259375.195199999,4375515.4833
LVM200200050237,ALTA DR,,ALTA DR,UPLAND BLVD,,UPLAND BLVD,2020-02-11T00:00:00.000,741,LAS VEGAS,CLARK,CLARK,660319.7004,4003838.0295
RPD23-21347,KINGS ROW,,KINGS ROW,N MCCARRAN BLVD,,SR659,2023-11-20T00:00:00.000,655,RENO,WASHOE,WASHOE,254529.6966,4380857.1841
LVM230300073739,E CHARLESTON BLVD,,SR159,LAMONT ST,,LAMONT ST,2023-03-17T00:00:00.000,1703,LAS VEGAS,CLARK,CLARK,673612.608599999,4003307.47729999
RPD20-8084,S VIRGINIA ST,,S VIRGINIA ST,MEADOWOOD MALL CIR,,MEADOWOOD MALL CIR,2020-05-11T00:00:00.000,1844,RENO,WASHOE,WASHOE,260320.935999999,4372773.8365
LVM210400103842,E TROPICANA AVE,,E TROPICANA AVE,S LAS VEGAS BLVD,,S LAS VEGAS BLVD,2021-04-23T00:00:00.000,1434,LAS VEGAS,CLARK,CLARK,664830.779799999,3996689.97529999
LVM211000105961,S RAINBOW BLVD,,S RAINBOW BLVD,OTHER,BLUE DIAMOND RD,OTHER,2021-10-25T00:00:00.000,1231,LAS VEGAS,CLARK,CLARK,658274.8097,3987878.58049999
LVM210200072169,BOULDER HWY,,BOULDER HWY,MISSOURI AVE,,MISSOURI AVE,2021-02-17T00:00:00.000,501,LAS VEGAS,CLARK,CLARK,675879.3331,3996418.81519999
LVM220500082183,N HUALAPAI WAY,,N HUALAPAI WAY,SEVERENCE LN,,SEVERENCE LN,2022-05-20T00:00:00.000,1944,LAS VEGAS,CLARK,CLARK,651312.7591,4018070.4616
RPD22-11273,S CENTER ST,,S CENTER ST,PINE ST,,PINE ST,2022-06-19T00:00:00.000,1428,RENO,WASHOE,WASHOE,258417.564399999,4378649.90469999
LVM221200102522,OTHER,W CHARLESTON BLVD,W CHARLESTON BLVD,BRUSH ST,BRUSH ST,BRUSH ST,2022-12-26T00:00:00.000,2007,LAS VEGAS,CLARK,CLARK,660881.967899999,4003078.53099999
LVM190200007761,N LAMB BLVD,,N LAMB BLVD,E CRAIG RD,,E CRAIG RD,2019-02-02T00:00:00.000,1846,LAS VEGAS,CLARK,CLARK,672534.1752,4012324.78179999
RPD23-12416,EVANS AVE,,EVANS AVE,JODI DR,,JODI DR,2023-07-15T00:00:00.000,2317,RENO,WASHOE,WASHOE,258292.9198,4380653.10139999
RPD23-22657,E GROVE ST,,E GROVE ST,KIETZKE LN,,KIETZKE LN,2023-12-10T00:00:00.000,738,RENO,WASHOE,WASHOE,260184.1875,4376071.911
LVM231000104098,TREELINE DR,,TREELINE DR,OTHER,ZELLA DR,ZELLA DR,2023-10-31T00:00:00.000,331,LAS VEGAS,CLARK,CLARK,676899.8079,4002219.73
LVM220200013198,E SAHARA AVE,,E SAHARA AVE,S LAS VEGAS BLVD,,S LAS VEGAS BLVD,2022-02-04T00:00:00.000,106,LAS VEGAS,CLARK,CLARK,665779.1989,4001457.7882
NHP200900344,OTHER,RAMPART/SUMMERLIN EB ON RAMP,OTHER,OTHER,RAMPART,OTHER,2020-09-05T00:00:00.000,2203,,CLARK,CLARK,654049.497,4004952.17549999
LVM190300001118,W FLAMINGO RD,,W FLAMINGO RD,S RAINBOW BLVD,,S RAINBOW BLVD,2019-03-01T00:00:00.000,715,LAS VEGAS,CLARK,CLARK,658141.247999999,3998079.95109999
LVM191000142717,S LAS VEGAS BLVD,,S LAS VEGAS BLVD,E CLARK AVE,,E CLARK AVE,2019-10-30T00:00:00.000,1646,LAS VEGAS,CLARK,CLARK,666965.043899999,4003797.94449999
HP23-06187,SR582N,,BOULDER HWY NB,PALO VERDE DR,,PALO VERDE DR,2023-04-04T00:00:00.000,723,HENDERSON,CLARK,CLARK,683385.524799999,3988570.41709999
NHP210100833,OTHER,MAIN ST.,OTHER,OTHER,CORNELL AVE.,OTHER,2021-01-14T00:00:00.000,1127,LOVELOCK,PERSHING,PERSHING,374452.75,4448784.5
LVM190400014395,SMOKE RANCH RD,,SMOKE RANCH RD,LEONARD LN,,LEONARD LN,2019-04-03T00:00:00.000,2003,LAS VEGAS,CLARK,CLARK,660897.2411,4007930.75699999
SPPD22-9471,VICTORIAN AVE,,VICTORIAN AVE,3RD ST,,3RD ST,2022-12-01T00:00:00.000,1748,SPARKS,WASHOE,WASHOE,263928.9434,4379731.1453
LYSO22LY01194,ARTIST VIEW DR,,ARTIST VIEW DR,NORTH STAR DR,,NORTH STAR DR,2022-03-21T00:00:00.000,1515,,LYON,LYON,296593.400299999,4300106.56949999
LVM190500021767,S LAS VEGAS BLVD,,S LAS VEGAS BLVD,PARK AVE,,PARK AVE,2019-05-05T00:00:00.000,1132,LAS VEGAS,CLARK,CLARK,664457.642599999,3997094.0622
LVM210900001218,PARK RUN DR,,PARK RUN DR,AFFINITY ST,,AFFINITY ST,2021-09-01T00:00:00.000,927,LAS VEGAS,CLARK,CLARK,650287.142099999,4003183.51559999
LVM190700071985,ALOHA AVE,,ALOHA AVE,VEGAS VALLEY DR,,VEGAS VALLEY DR,2019-07-15T00:00:00.000,527,LAS VEGAS,CLARK,CLARK,673668.9789,4000867.6006
RPD19-3200,S MCCARRAN BLVD,,S MCCARRAN BLVD,HOUSTON DR,,HOUSTON DR,2019-02-14T00:00:00.000,2319,RENO,WASHOE,WASHOE,263670.7969,4374595.54429999
NHP231200079,IR15S,,IR15S,CACTUS AVE TO IR15S INT30,,CACTUS AVE TO IR15S INT30,2023-12-01T16:00:00.000,345,LAS VEGAS,CLARK,CLARK,663964.420199999,3984866.81389999
LVM191100046293,W DESERT INN RD,,W DESERT INN RD,ARVILLE ST,,ARVILLE ST,2019-11-10T00:00:00.000,1704,LAS VEGAS,CLARK,CLARK,662056.090099999,3999869.512
LVM201100108818,SWEETGUM ST,,SWEETGUM ST,PEARTREE RD,,PEARTREE RD,2020-11-25T00:00:00.000,1839,LAS VEGAS,CLARK,CLARK,658663.399899999,4007996.37319999
LVM231000082319,N LAS VEGAS BLVD,,N LAS VEGAS BLVD,OWENS AVE,,OWENS AVE,2023-10-24T00:00:00.000,1607,LAS VEGAS,CLARK,CLARK,667785.5794,4006345.0108
LVM230300047113,N RAINBOW BLVD,,N RAINBOW BLVD,ESCALON DR,,ESCALON DR,2023-03-11T00:00:00.000,1633,LAS VEGAS,CLARK,CLARK,658042.0458,4006602.11099999
RPD23-18635,N SIERRA ST,,N SIERRA ST,W 2ND ST,,W 2ND ST,2023-10-11T00:00:00.000,1601,RENO,WASHOE,WASHOE,258078.547299999,4379007.7309
LVM200600002035,W CHARLESTON BLVD,,W CHARLESTON BLVD,S DECATUR BLVD,,S DECATUR BLVD,2020-06-01T00:00:00.000,1340,LAS VEGAS,CLARK,CLARK,661389.4577,4003083.2354
RPD21-2476,KEYSTONE AVE,,KEYSTONE AVE,IR80W TO KEYSTONE AVE INT12,,IR80W TO KEYSTONE AVE INT12,2021-02-10T00:00:00.000,953,RENO,WASHOE,WASHOE,256713.375,4379342.5
RPD22-101133,SUMMIT RIDGE DR,,SUMMIT RIDGE DR,SKY VALLEY DR,,SKY VALLEY DR,2022-02-05T00:00:00.000,1133,RENO,WASHOE,WASHOE,254700.7755,4378201.34909999
WNPD21-0878,BRIDGE ST,,BRIDGE ST,E WINNEMUCCA BLVD,,E WINNEMUCCA BLVD,2021-07-24T00:00:00.000,2005,WINNEMUCCA,HUMBOLDT,HUMBOLDT,438171.460699999,4536078.0284
LVM231100088952,E DESERT INN RD,,E DESERT INN RD,CAMBRIDGE ST,,CAMBRIDGE ST,2023-11-25T00:00:00.000,1744,LAS VEGAS,CLARK,CLARK,667322.9982,3999942.93569999
LVM191100054418,W LAKE MEAD BLVD,,W LAKE MEAD BLVD,H ST,,H ST,2019-11-12T00:00:00.000,1220,LAS VEGAS,CLARK,CLARK,666164.8562,4007236.28839999
LVM210900082907,S LAS VEGAS BLVD,,S LAS VEGAS BLVD,W AGATE AVE,,W AGATE AVE,2021-09-19T00:00:00.000,1927,LAS VEGAS,CLARK,CLARK,664682.6743,3988238.7705
HP22-02537,N MAJOR AVE,,N MAJOR AVE,OTHER,DANCING DRUM CT,SONOMA DR,2022-02-03T00:00:00.000,1740,HENDERSON,CLARK,CLARK,683271.0876,3990242.8001
CCSO22-7419,HOT SPRINGS RD,,HOT SPRINGS RD,PINE LN,,PINE LN,2022-11-28T00:00:00.000,1805,,CARSON CITY,CARSON CITY,261515.5195,4341171.98269999
LVM230500103410,FULTON PL,,FULTON PL,S VALLEY VIEW BLVD,,S VALLEY VIEW BLVD,2023-05-21T00:00:00.000,1053,LAS VEGAS,CLARK,CLARK,662573.866899999,4003529.0119
LVM190400126384,GASS AVE,,GASS AVE,S 8TH ST,,S 8TH ST,2019-04-26T00:00:00.000,941,LAS VEGAS,CLARK,CLARK,667040.9341,4003268.78109999
LVM190800064033,S CASINO CENTER BLVD,,S CASINO CENTER BLVD,FREMONT ST,,FREMONT ST,2019-08-13T00:00:00.000,1520,LAS VEGAS,CLARK,CLARK,666919.1505,4004477.6784
RPD19-4174,WEST ST,,WEST ST,W 4TH ST,,W 4TH ST,2019-03-02T00:00:00.000,1802,RENO,WASHOE,WASHOE,257893.622999999,4379318.44749999
LVM210100095135,W LAKE MEAD BLVD,,W LAKE MEAD BLVD,N TENAYA WAY,,N TENAYA WAY,2021-01-21T00:00:00.000,1805,LAS VEGAS,CLARK,CLARK,657223.4581,4007111.65829999
LVM210300023600,N DECATUR BLVD,,N DECATUR BLVD,VERMONT AVE,,VERMONT AVE,2021-03-05T00:00:00.000,2125,LAS VEGAS,CLARK,CLARK,661328.080699999,4005311.9317
NLPD2311210023249,E EVANS AVE,,E EVANS AVE,DONNA ST,,DONNA ST,2023-11-21T00:00:00.000,1515,NORTH LAS VEGAS,CLARK,CLARK,,
LVM230700122349,S RAINBOW DR,,SR595,OTHER,W EL PARQUE AVE,EL PARQUE AVE,2023-07-29T00:00:00.000,138,LAS VEGAS,CLARK,CLARK,658038.698499999,4002048.1423
NLPD2107190012211,E CRAIG RD,,E CRAIG RD,LAWRENCE ST,,LAWRENCE ST,2021-07-19T00:00:00.000,1232,NORTH LAS VEGAS,CLARK,CLARK,668837.083899999,4012177.90499999
LVM190300092018,W CHEYENNE AVE,,W CHEYENNE AVE,N RAINBOW BLVD,,N RAINBOW BLVD,2019-03-19T00:00:00.000,1716,LAS VEGAS,CLARK,CLARK,658354.4559,4009552.2914
NLPD1909300019833,E TONOPAH AVE,,E TONOPAH AVE,STATZ ST,,STATZ ST,2019-09-30T00:00:00.000,716,NORTH LAS VEGAS,CLARK,CLARK,670140.893099999,4006920.1708
LVM220500018483,MOUNTAIN VISTA ST,,MOUNTAIN VISTA ST,E ROCHELLE AVE,,E ROCHELLE AVE,2022-05-05T00:00:00.000,1231,LAS VEGAS,CLARK,CLARK,673388.939299999,3998007.88279999
NLPD1903180005622,E CHEYENNE AVE,,E CHEYENNE AVE,FIGLER CT,,FIGLER CT,2019-03-18T00:00:00.000,1229,NORTH LAS VEGAS,CLARK,CLARK,669375.318199999,4009734.7105
LVM211000086126,W FLAMINGO RD,,W FLAMINGO RD,S JONES BLVD,JONES,S JONES BLVD,2021-10-21T00:00:00.000,334,LAS VEGAS,CLARK,CLARK,659753.1551,3998107.525
LVM190800147273,N RAINBOW BLVD,,N RAINBOW BLVD,PEAK DR,,PEAK DR,2019-08-30T00:00:00.000,1154,LAS VEGAS,CLARK,CLARK,658007.1611,4008630.49919999
LVM200300057377,W LAKE MEAD BLVD,,W LAKE MEAD BLVD,SAN SIMEON ST,,SAN SIMEON ST,2020-03-13T00:00:00.000,802,LAS VEGAS,CLARK,CLARK,659454.244599999,4007120.5493
LVM220300002949,E CHARLESTON BLVD,,SR159,OTHER,ARLINGTON,ARLINGTON ST,2022-03-01T00:00:00.000,1621,,CLARK,CLARK,674073.116299999,4003319.58259999
NHP231202008,OTHER,SAHARA,W SAHARA AVE,OTHER,TEDDY,TEDDY DR,2023-12-31T00:00:00.000,1251,LAS VEGAS,CLARK,CLARK,663875.0344,4001493.6882
CLSD22050648,S EL CAPITAN WAY,,S EL CAPITAN WAY,GREAT CREEK TRL,,GREAT CREEK TRL,2022-05-04T00:00:00.000,903,LAS VEGAS,CLARK,CLARK,654206.807,3985482.9604
LVM221200063581,S LAS VEGAS BLVD,,S LAS VEGAS BLVD,E AGATE AVE,,E AGATE AVE,2022-12-16T00:00:00.000,1648,LAS VEGAS,CLARK,CLARK,664682.875,3988230.3526
LVM231000016675,N DECATUR BLVD,,N DECATUR BLVD,VEGAS DR,,VEGAS DR,2023-10-05T00:00:00.000,1953,LAS VEGAS,CLARK,CLARK,661299.384399999,4006315.87079999
LVM230300055583,S LAS VEGAS BLVD,,S LAS VEGAS BLVD,CHARLESTON BLVD,,E CHARLESTON BLVD,2023-03-13T00:00:00.000,1536,LAS VEGAS,CLARK,CLARK,666593.2591,4003063.30419999
SPPD19-2692,YORK WY,,YORK WY,SIMMS CI,,SIMMS CI,2019-03-27T00:00:00.000,1923,SPARKS,WASHOE,WASHOE,263780.7958,4381732.21069999
LVM231200047785,STEWART AVE,,STEWART AVE,20TH ST,,20TH ST,2023-12-14T00:00:00.000,2046,LAS VEGAS,CLARK,CLARK,668909.6407,4004050.2396
RPD19-17765,BRESSON AVE,,BRESSON AVE,LESTER AVE,,LESTER AVE,2019-09-04T00:00:00.000,707,RENO,WASHOE,WASHOE,260002.504599999,4377610.09689999
RPDRP23-4843,IR80W TO SR659 INT10,,IR80W TO SR659 INT10,MCCARRAN BLVD,,SR659,2023-03-17T00:00:00.000,2342,RENO,WASHOE,WASHOE,253947.4844,4378947.0
LVM190900051741,S NELLIS BLVD,,S NELLIS BLVD,VEGAS VALLEY DR,,VEGAS VALLEY DR,2019-09-11T00:00:00.000,1357,LAS VEGAS,CLARK,CLARK,674055.479199999,4000968.8968
LVM191000097272,W CACTUS AVE,,W CACTUS AVE,S TORREY PINES DR,,S TORREY PINES DR,2019-10-21T00:00:00.000,703,LAS VEGAS,CLARK,CLARK,659130.379399999,3985242.1114
NLPD2203250005405,W ANN RD,,ANN RD,BRUCE ST,BRUCE,BRUCE ST,2022-03-25T00:00:00.000,2043,NORTH LAS VEGAS,CLARK,CLARK,668377.6939,4014578.14589999
LVM221100055873,KAREN AVE,,KAREN AVE,S MARYLAND PKWY,,S MARYLAND PKWY,2022-11-15T00:00:00.000,1726,LAS VEGAS,CLARK,CLARK,667849.540699999,4001178.32789999
RPD22-20636,MILL ST,,MILL ST,KIRMAN AVE,,KIRMAN AVE,2022-11-03T00:00:00.000,2201,RENO,WASHOE,WASHOE,259471.411399999,4378836.00929999
CCSO19-2529,W WASHINGTON ST,,W WASHINGTON ST,N NEVADA ST,,N NEVADA ST,2019-04-16T00:00:00.000,1045,CARSON CITY,CARSON CITY,CARSON CITY,260809.3518,4339127.46849999
NHP230100824,W FLAMINGO RD,FLAMINGO,W FLAMINGO RD,W FLAMINGO RD TO CC215S INT21,IR215 SB ON RAMP,W FLAMINGO RD TO CC215S INT21,2023-01-10T00:00:00.000,850,LAS VEGAS,CLARK,CLARK,652644.169999999,3998044.0006
HP20-08846,ZELKOVA FALLS PL,,ZELKOVA FALLS PL,ST ROSE PKWY,,ST ROSE PKWY,2020-05-20T00:00:00.000,750,HENDERSON,CLARK,CLARK,668605.9159,3985127.65269999
LVM200800056120,S BUFFALO DR,,S BUFFALO DR,DEL REY AVE,,DEL REY AVE,2020-08-13T00:00:00.000,2107,LAS VEGAS,CLARK,CLARK,656347.238599999,4002559.8712
NHP220601141,W CHEYENNE AVE,,W CHEYENNE AVE,N TENAYA WAY,TENAYA WAY,N TENAYA WAY,2022-06-17T00:00:00.000,1307,LAS VEGAS,CLARK,CLARK,657175.144299999,4009569.2342
LVM190300027505,DEAN MARTIN DR,,DEAN MARTIN DR,UMBRIA GARDENS AVE,,UMBRIA GARDENS AVE,2019-03-06T00:00:00.000,1812,LAS VEGAS,CLARK,CLARK,663742.2229,3984628.14369999
RPD23-6288,S VIRGINIA ST,,S VIRGINIA ST,GALLIAN LN,,GALLIAN LN,2023-04-09T00:00:00.000,1623,RENO,WASHOE,WASHOE,261232.4444,4370112.8999
LVM230100040224,RANCHO DR,,SR599N,SUNSET DR,,SUNSET DR,2023-01-10T00:00:00.000,2048,LAS VEGAS,CLARK,CLARK,662932.0426,4006627.4462
LVM220200031614,N PECOS RD,,N PECOS RD,E LAKE MEAD BLVD,E LAKE MEAD BLVD,E LAKE MEAD BLVD,2022-02-08T00:00:00.000,1408,LAS VEGAS,CLARK,CLARK,670975.100499999,4007315.37609999
LVM221000016628,LAUREL AVE,,LAUREL AVE,CHARLESTON BLVD,,CHARLESTON BLVD,2022-10-05T00:00:00.000,551,LAS VEGAS,CLARK,CLARK,670868.6491,4003168.10579999
HP22-04056,S VALLE VERDE DR,,S VALLE VERDE DR,PASEO VERDE PKWY,,PASEO VERDE PKWY,2022-03-03T00:00:00.000,1941,HENDERSON,CLARK,CLARK,674601.2587,3988311.59469999
LVM190200035558,W FLAMINGO RD,,W FLAMINGO RD,S FORT APACHE RD,,S FORT APACHE RD,2019-02-08T00:00:00.000,1748,LAS VEGAS,CLARK,CLARK,653316.054499999,3998039.2126
RPD23-9717,W 4TH ST,,W 4TH ST,KEYSTONE AVE,,KEYSTONE AVE,2023-06-03T00:00:00.000,2005,RENO,WASHOE,WASHOE,257040.7615,4379070.52779999
LVM200700010473,N BUFFALO DR,,N BUFFALO DR,W WASHINGTON AVE,,W WASHINGTON AVE,2020-07-03T00:00:00.000,753,LAS VEGAS,CLARK,CLARK,656476.611499999,4005402.8267
RPD19-23597,W 2ND ST,,W 2ND ST,STEVENSON ST,,STEVENSON ST,2019-11-25T00:00:00.000,1950,RENO,WASHOE,WASHOE,257739.489599999,4378936.38489999
LVM220200065202,N BUFFALO DR,,N BUFFALO DR,W LAKE MEAD BLVD,,W LAKE MEAD BLVD,2022-02-16T00:00:00.000,1112,LAS VEGAS,CLARK,CLARK,656415.065799999,4006986.14609999
LVM190600038077,W MCWILLIAMS AVE,,W MCWILLIAMS AVE,H ST,,H ST,2019-06-09T00:00:00.000,2318,LAS VEGAS,CLARK,CLARK,666158.9071,4005401.7015
LVM210200080337,S RAINBOW BLVD,,S RAINBOW BLVD,W RUSSELL RD,,W RUSSELL RD,2021-02-18T00:00:00.000,2046,,CLARK,CLARK,658209.268899999,3994857.57929999
LVM200500093713,E TWAIN AVE,,E TWAIN AVE,SWENSON ST,,SWENSON ST,2020-05-19T00:00:00.000,1457,LAS VEGAS,CLARK,CLARK,666775.843999999,3999020.53669999
LVM190300111721,E CHARLESTON BLVD,,E CHARLESTON BLVD,N 28TH ST,,N 28TH ST,2019-03-23T00:00:00.000,1834,LAS VEGAS,CLARK,CLARK,669872.4632,4003216.9282
SPPD19-3393,I80EB OFF RP,,I80EB OFF RP,SPARKS BL,,SPARKS BL,2019-04-19T00:00:00.000,2245,SPARKS,WASHOE,WASHOE,266635.1875,4378878.5
LVM220400052463,T3 RETURN TO T3 ARRIVALS,,T3 RETURN TO T3 ARRIVALS,T3 RETURN,,T3 RETURN,2022-04-13T00:00:00.000,334,LAS VEGAS,CLARK,CLARK,667246.632699999,4004356.78179999
LVM200600036576,W HARMON AVE,,W HARMON AVE,S JONES BLVD,,S JONES BLVD,2020-06-10T00:00:00.000,1738,LAS VEGAS,CLARK,CLARK,659770.3369,3997292.74459999
LVM211100097812,S MARYLAND PKWY,,S MARYLAND PKWY,E PYLE AVE,,E PYLE AVE,2021-11-23T00:00:00.000,1445,LAS VEGAS,CLARK,CLARK,667907.6753,3986254.09349999
LVM220500053192,N LAMB BLVD,,N LAMB BLVD,DIAMOND HEAD DR,,DIAMOND HEAD DR,2022-05-13T00:00:00.000,1902,LAS VEGAS,CLARK,CLARK,672640.8338,4004507.4439
LVM230900095366,S DECATUR BLVD,,S DECATUR BLVD,OTHER,CHARLESTON BLVD,W CHARLESTON BLVD,2023-09-27T00:00:00.000,1905,LAS VEGAS,CLARK,CLARK,661386.2083,4002999.4418
LVM230800057024,BONANZA DR,,N 28TH ST,28TH ST,,E BONANZA RD,2023-08-16T00:00:00.000,1305,LAS VEGAS,CLARK,CLARK,669820.612499999,4004869.3858
LVM210500131093,SILVER DOLLAR AVE,,SILVER DOLLAR AVE,FOOT ST,,FOOT ST,2021-05-28T00:00:00.000,1644,LAS VEGAS,CLARK,CLARK,662162.105999999,4000783.00799999
RPD21-64,E 4TH ST,,E 4TH ST,SPOKANE ST,,SPOKANE ST,2021-01-01T00:00:00.000,2150,RENO,WASHOE,WASHOE,259330.820799999,4379622.92659999
LVM231100071956,N 15TH ST,,N 15TH ST,FREMONT ST,,FREMONT ST,2023-11-20T00:00:00.000,1527,LAS VEGAS,CLARK,CLARK,668267.1982,4003796.99569999
HP19-24874,OTHER,W WARM SPRINGS RD,OTHER,OTHER,N ARROYO GRANDE BLVD,OTHER,2019-11-09T00:00:00.000,1942,HENDERSON,,,675301.810999999,3991935.39919999
LVM200100120488,MARION DR,,MARION DR,SHERRILL AVE,,SHERRILL AVE,2020-01-26T00:00:00.000,142,LAS VEGAS,CLARK,CLARK,673223.747,4003528.15139999
LVM201000061767,W CHARLESTON BLVD,,W CHARLESTON BLVD,S DURANGO DR,,S DURANGO DR,2020-10-14T00:00:00.000,1914,LAS VEGAS,CLARK,CLARK,654676.4895,4002963.24929999
LVM220700020089,E CHARLESTON BLVD,,E CHARLESTON BLVD,S BRUCE ST,,S BRUCE ST,2022-07-05T00:00:00.000,1914,LAS VEGAS,CLARK,CLARK,668660.1298,4003199.7025
LVM220400115352,WYNN RD,,WYNN RD,OTHER,W FLAMINGO RD,OTHER,2022-04-27T00:00:00.000,2003,LAS VEGAS,CLARK,CLARK,662474.029799999,3998340.925
LVM190500024095,S DURANGO DR,,S DURANGO DR,SPRING MOUNTAIN RD,,SPRING MOUNTAIN RD,2019-05-05T00:00:00.000,2214,LAS VEGAS,CLARK,CLARK,654873.967299999,3999277.4918
LVM210800006908,S LAS VEGAS BLVD,,S LAS VEGAS BLVD,RESORT WORLD DR,,RESORT WORLD DR,2021-08-02T00:00:00.000,1839,LAS VEGAS,CLARK,CLARK,665063.471699999,4000042.36299999
LVM190800018765,SPRING MOUNTAIN RD,,SPRING MOUNTAIN RD,S DECATUR BLVD,,S DECATUR BLVD,2019-08-04T00:00:00.000,2122,LAS VEGAS,CLARK,CLARK,661113.301099999,3999430.52089999
RPD22-1769,S MCCARRAN BLVD,,S MCCARRAN BLVD,KIETZKE LN,,KIETZKE LN,2022-01-27T00:00:00.000,1756,RENO,WASHOE,WASHOE,,
LVM231000025656,BRIGHTON HILL AVE,,BRIGHTON HILL AVE,SHADOW PEAK ST,,SHADOW PEAK ST,2023-10-08T00:00:00.000,1306,LAS VEGAS,CLARK,CLARK,650865.3887,4010039.21639999
LVM230600085610,E HARMON AVE,,E HARMON AVE,OTHER,S KOVAL LN,S KOVAL LN,2023-06-19T00:00:00.000,25,LAS VEGAS,CLARK,CLARK,665272.438099999,3997489.9495
SPPD20-6693,PRATER WY,,PRATER WY,EL RANCHO DR,,EL RANCHO DR,2020-09-09T00:00:00.000,824,SPARKS,WASHOE,WASHOE,261516.675699999,4379944.17799999
RPD22-8126,APPLE ST,,APPLE ST,YORI AVE,,YORI AVE,2022-05-02T00:00:00.000,1545,RENO,WASHOE,WASHOE,259784.3194,4376410.51019999
LVM200100003941,MARION DR,,MARION DR,KELL LN,,KELL LN,2020-01-01T00:00:00.000,1743,LAS VEGAS,CLARK,CLARK,673457.6012,4006990.8925
LVM230200009327,N TONOPAH DR,,N TONOPAH DR,VEGAS DR,,VEGAS DR,2023-02-03T00:00:00.000,740,LAS VEGAS,CLARK,CLARK,664564.3074,4006096.6476
LVM230700100746,S FORT APACHE RD,,S FORT APACHE RD,W MESA VISTA AVE,,W MESA VISTA AVE,2023-07-23T00:00:00.000,2129,LAS VEGAS,CLARK,CLARK,653282.113199999,3995370.2069
LVM190200035514,GREEN JADE DR,,GREEN JADE DR,CREEK RIVER DR,,CREEK RIVER DR,2019-02-08T00:00:00.000,1736,LAS VEGAS,CLARK,CLARK,653538.7915,4010002.6115
LVM200300020875,N HUALAPAI WAY,,N HUALAPAI WAY,W DEER SPRINGS WAY,,W DEER SPRINGS WAY,2020-03-05T00:00:00.000,1430,LAS VEGAS,CLARK,CLARK,651330.1057,4016785.47189999
LVM210100032541,S EASTERN AVE,,S EASTERN AVE,E WINDMILL LN,,E WINDMILL LN,2021-01-07T00:00:00.000,1857,LAS VEGAS,CLARK,CLARK,669518.1036,3990117.5888
RPD19-759,E 6TH ST,,E 6TH ST,VALLEY RD,,VALLEY RD,2019-01-11T00:00:00.000,2139,RENO,WASHOE,WASHOE,258696.3956,4379788.48159999
HP21-02834,W GALLERIA DR,,W GALLERIA DR,BOULDER HWY,,BOULDER HWY,2021-02-15T00:00:00.000,2206,HENDERSON,CLARK,CLARK,678566.735399999,3993641.05309999
LVM230600117355,MT HOOD ST,,MT HOOD ST,CASA LOMA AVE,,CASA LOMA AVE,2023-06-25T00:00:00.000,2109,LAS VEGAS,CLARK,CLARK,676588.076799999,4008514.7573
LVM191100019424,E TROPICANA AVE,,E TROPICANA AVE,DUKE ELLINGTON WAY,,DUKE ELLINGTON WAY,2019-11-05T00:00:00.000,115,LAS VEGAS,CLARK,CLARK,665054.019399999,3996695.1063
LVM230100028504,OTHER,W CHARLESTON BLVD,W CHARLESTON BLVD,OTHER,S FORT APACHE,S FORT APACHE RD,2023-01-07T00:00:00.000,2111,LAS VEGAS,CLARK,CLARK,653766.747999999,4002943.12439999
NLPD1910070020340,E CHEYENNE AVE,,E CHEYENNE AVE,LOSEE RD,,LOSEE RD,2019-10-07T00:00:00.000,537,NORTH LAS VEGAS,CLARK,CLARK,668248.4351,4009722.7397
NLPD1901210001438,W CRAIG RD,,W CRAIG RD,REVERE ST,,REVERE ST,2019-01-21T00:00:00.000,1442,NORTH LAS VEGAS,CLARK,CLARK,666060.682599999,4012085.19079999
NLPD2310310021799,N LAS VEGAS BLVD,,N LAS VEGAS BLVD,E TONOPAH AVE,,E TONOPAH AVE,2023-10-31T00:00:00.000,156,NORTH LAS VEGAS,CLARK,CLARK,667986.693799999,4006996.95119999
LVM231200034553,S RAINBOW BLVD,,S RAINBOW BLVD,W TROPICANA AVE,,W TROPICANA AVE,2023-12-11T00:00:00.000,813,LAS VEGAS,CLARK,CLARK,658156.692999999,3996422.31589999
CCSO23-5779,N CARSON ST,,N CARSON ST,ROBINSON ST,,ROBINSON ST,2023-09-16T00:00:00.000,1936,,CARSON CITY,CARSON CITY,260948.5551,4338973.11639999
RPD21-24557,NORTH HILLS BLVD,,NORTH HILLS BLVD,BUCK DR,,BUCK DR,2021-12-31T00:00:00.000,1652,RENO,WASHOE,WASHOE,255872.132699999,4388021.39379999
LVM190100071191,W FLAMINGO RD,,W FLAMINGO RD,S VALLEY VIEW BLVD,,S VALLEY VIEW BLVD,2019-01-15T00:00:00.000,2044,LAS VEGAS,CLARK,CLARK,662915.7498,3998281.1871
NLPD2302040002448,FORT SUMTER DR,,FORT SUMTER DR,FERGUSON AVE,,FERGUSON AVE,2023-02-04T00:00:00.000,1841,NORTH LAS VEGAS,CLARK,CLARK,668506.6988,4008795.5335
LVM210200021383,W LAKE MEAD BLVD,,W LAKE MEAD BLVD,N BUFFALO DR,,N BUFFALO DR,2021-02-05T00:00:00.000,1910,LAS VEGAS,CLARK,CLARK,656485.9252,4007105.2056
HP20-10486,ANTHEM PKWY,,ANTHEM PKWY,ALEXANDRIA DR,,ALEXANDRIA DR,2020-06-15T00:00:00.000,2024,HENDERSON,CLARK,CLARK,671832.5585,3980914.9471
RPD23-14088,MAE ANNE AVE,,MAE ANNE AVE,OTHER,COIT PLAZA,COIT PLAZA,2023-08-08T00:00:00.000,1009,RENO,WASHOE,WASHOE,,
RPD20-1482,MAPLE ST,,MAPLE ST,N VIRGINIA ST,,N VIRGINIA ST,2020-01-23T00:00:00.000,624,RENO,,,258016.826,4379852.2892
LVM220100021059,BOXERWOOD DR,,BOXERWOOD DR,BOTANICAL AVE,,BOTANICAL AVE,2022-01-05T00:00:00.000,2035,LAS VEGAS,CLARK,CLARK,674829.986499999,4004248.527
LVM191000034410,TREE LINE DR,,TREE LINE DR,E CHARLESTON BLVD,,E CHARLESTON BLVD,2019-10-08T00:00:00.000,752,LAS VEGAS,CLARK,CLARK,676321.475499999,4003413.182
LVM230500105812,EDNA AVE,,EDNA AVE,VAN ALLEN ST,,VAN ALLEN ST,2023-05-21T00:00:00.000,2049,LAS VEGAS,CLARK,CLARK,655257.8497,4000489.45749999
LVM221000092201,OTHER,TORREY PINES,OTHER,OTHER,CHARLESTON,OTHER,2022-10-24T00:00:00.000,1416,LAS VEGAS,CLARK,CLARK,658789.6491,4002885.0076
HP20-11573,LAKE MEAD PKWY E,,LAKE MEAD PKWY E,BOULDER HWY S,,BOULDER HWY S,2020-07-02T00:00:00.000,1110,HENDERSON,CLARK,CLARK,681790.9375,3990207.0
LVM220100104292,N 15TH ST,,N 15TH ST,E OGDEN AVE,,E OGDEN AVE,2022-01-26T00:00:00.000,1757,LAS VEGAS,CLARK,CLARK,668325.8743,4003914.4702
LVM191100089787,S MARYLAND PKWY,,S MARYLAND PKWY,E DESERT INN RD,,E DESERT INN RD,2019-11-19T00:00:00.000,1908,LAS VEGAS,CLARK,CLARK,667646.577899999,4000215.56949999
LVM230100031582,W LAKE MEAD BLVD,,W LAKE MEAD BLVD,PUEBLO VISTA DR,,PUEBLO VISTA DR,2023-01-08T00:00:00.000,1733,LAS VEGAS,CLARK,CLARK,655512.7395,4007185.3034
LVM230500002250,S FORT APACHE RD,,S FORT APACHE RD,OTHER,CHARLESTON,CHARLESTON,2023-05-01T00:00:00.000,1228,LAS VEGAS,CLARK,CLARK,653692.210699999,4002751.6884
LVM231000015212,LINDELL RD,,LINDELL RD,SPRING MOUNTAIN RD,,SPRING MOUNTAIN RD,2023-10-05T00:00:00.000,1249,LAS VEGAS,CLARK,CLARK,660495.191499999,3999382.9778
CLSD21142103,S BUFFALO DR,,S BUFFALO DR,W VIKING RD,,W VIKING RD,2021-12-10T00:00:00.000,649,LAS VEGAS,CLARK,CLARK,656505.393,3998468.30389999
NHP220301171,SR593,,SR593,IR15NCD2 TO SR593 INT37,,IR15NCD2 TO SR593 INT37,2022-03-17T00:00:00.000,958,LAS VEGAS,CLARK,CLARK,663852.9197,3996646.32719999
LVM211000087236,S VALLEY VIEW BLVD,,S VALLEY VIEW BLVD,W FLAMINGO RD,W FLAMINGO RD,W FLAMINGO RD,2021-10-21T00:00:00.000,1015,,CLARK,CLARK,662890.766099999,3998402.6554
LVM230800070824,W TROPICANA AVE,,W TROPICANA AVE,S TORREY PINES DR,,S TORREY PINES DR,2023-08-20T00:00:00.000,1148,LAS VEGAS,CLARK,CLARK,658967.5948,3996461.82569999
LVM220300039175,S MAIN ST,,S MAIN ST,W BONNEVILLE AVE,,W BONNEVILLE AVE,2022-03-10T00:00:00.000,523,LAS VEGAS,CLARK,CLARK,666384.268199999,4003935.58229999
LVM230300118127,UNIVERSITY CIR,,UNIVERSITY CENTER DR,OTHER,TWAIN AVE,TWAIN AVE,2023-03-27T00:00:00.000,1629,LAS VEGAS,CLARK,CLARK,666833.307,3999149.4713
WASO20-1009,TUPELO ST,,TUPELO ST,MATTERHORN BLVD,,MATTERHORN BLVD,2020-03-02T00:00:00.000,1033,,WASHOE,WASHOE,257221.645399999,4395294.28759999
LVM220500028790,E OGDEN AVE,,E OGDEN AVE,N MAIN ST,,N MAIN ST,2022-05-07T00:00:00.000,2144,LAS VEGAS,CLARK,CLARK,666797.7198,4004703.46389999
LVM220400022566,E DESERT INN RD,,E DESERT INN RD,JOE W BROWN DR,,JOE W BROWN DR,2022-04-06T00:00:00.000,610,LAS VEGAS,CLARK,CLARK,666835.5098,3999926.4647
LVM220600022682,W WIGWAM AVE,,W WIGWAM AVE,REDWOOD ST,,REDWOOD ST,2022-06-06T00:00:00.000,1829,LAS VEGAS,CLARK,CLARK,658678.9724,3989179.72839999
LVM221000010204,E ST LOUIS AVE,,E ST LOUIS AVE,MCLEOD ST,,MCLEOD ST,2022-10-03T00:00:00.000,1515,LAS VEGAS,CLARK,CLARK,670037.105499999,4002021.19309999
HP19-22788,N GREEN VALLEY PKWY,,N GREEN VALLEY PKWY,RAMROD AVE,,RAMROD AVE,2019-10-13T00:00:00.000,1600,HENDERSON,CLARK,CLARK,672656.0537,3994214.48509999
LVM210800016983,RANCHO DR N,,RANCHO DR N,RIVERSIDE DR,,RIVERSIDE DR,2021-08-05T00:00:00.000,105,LAS VEGAS,CLARK,CLARK,663398.917999999,4006024.50239999
LVM230100084443,S NELLIS BLVD,,NELLIS BLVD,OTHER,E CHARLESTON,CHARLESTON BLVD,2023-01-21T00:00:00.000,1753,LAS VEGAS,CLARK,CLARK,674282.367499999,4003056.4648
LVM230900054264,W FLAMINGO RD,,SR592,OTHER,CALLE SAN REMO,CALLE SAN REMO,2023-09-16T00:00:00.000,149,LAS VEGAS,CLARK,CLARK,661632.412299999,3998252.5018
NYSO19NY-0649,MAIN ST,MAIN,MAIN ST,CROSS ST,CROSS,CROSS ST,2019-02-25T00:00:00.000,1842,,NYE,NYE,479835.271599999,4213301.01789999
RPD23-9555,W 2ND ST,,2ND ST,LOVERS LN,,LOVERS LN,2023-06-01T00:00:00.000,922,RENO,WASHOE,WASHOE,258361.681499999,4379068.7265
RPD19-599,HARVARD WY,,HARVARD WY,VASSAR ST,,VASSAR ST,2019-01-09T00:00:00.000,1726,RENO,WASHOE,WASHOE,260505.211799999,4377411.37649999
RPD22-9364,MIRA LOMA DR,,MIRA LOMA DR,SR659,,SR659,2022-05-21T00:00:00.000,1558,RENO,WASHOE,WASHOE,263684.521399999,4374325.8737
LVM190200009082,STEWART AVE,,STEWART AVE,N CHRISTY LN,,N CHRISTY LN,2019-02-03T00:00:00.000,47,LAS VEGAS,CLARK,CLARK,675083.491999999,4004211.2803
LVM211200036952,SIRIUS AVE,,SIRIUS AVE,ARVILLE ST,,ARVILLE ST,2021-12-09T00:00:00.000,1701,LAS VEGAS,CLARK,CLARK,662030.216199999,4000273.43789999
LVM220300099812,W WASHINGTON AVE,,W WASHINGTON AVE,N BUFFALO DR,N BUFFALO RD,N BUFFALO DR,2022-03-24T00:00:00.000,1556,LAS VEGAS,CLARK,CLARK,656475.8326,4005475.0295
LVM200100037534,S PECOS RD,,S PECOS RD,E TROPICANA AVE,,E TROPICANA AVE,2020-01-08T00:00:00.000,1759,LAS VEGAS,CLARK,CLARK,670945.399299999,3996571.1708
RPD19-15276,W 4TH ST,,W 4TH ST,STOKER AVE,,STOKER AVE,2019-08-03T00:00:00.000,2151,RENO,WASHOE,WASHOE,255817.190999999,4378558.4644
RPD19-21028,S MCCARRAN BLVD,,S MCCARRAN BLVD,MILL ST,,MILL ST,2019-10-19T00:00:00.000,1942,RENO,WASHOE,WASHOE,264052.9769,4377131.0028
LVM231200016385,N PAVILION CENTER DR,,N PAVILION CENTER DR,REGAL MESA AVE,,REGAL MESA AVE,2023-12-05T00:00:00.000,1827,LAS VEGAS,CLARK,CLARK,649894.1468,4004754.9505
RPD19-13109,S VIRGINIA ST,,S VIRGINIA ST,HUBBARD WY,,HUBBARD WY,2019-07-05T00:00:00.000,2318,RENO,,,259250.662399999,4375880.5164
LVM230200107495,S VALLEY VIEW BLVD,,S VALLEY VIEW BLVD,GRAPHIC CENTER DR,,GRAPHIC CENTER DR,2023-02-26T00:00:00.000,1955,LAS VEGAS,CLARK,CLARK,662948.661999999,3996555.15369999
LVM190200001167,N PECOS RD,,N PECOS RD,STEWART AVE,,STEWART AVE,2019-02-01T00:00:00.000,821,LAS VEGAS,CLARK,CLARK,671053.882899999,4004047.6904
HP20-11586,CARNEGIE ST,,CARNEGIE ST,HARMONY RIDGE WAY,,HARMONY RIDGE WAY,2020-07-02T00:00:00.000,1500,HENDERSON,CLARK,CLARK,671748.0613,3985827.7727
RPD20-1053,HARVARD WY,,HARVARD WY,VASSAR ST,,VASSAR ST,2020-01-16T00:00:00.000,1755,RENO,WASHOE,WASHOE,260505.211799999,4377411.37649999
LVM210500111484,S DECATUR BLVD,,S DECATUR BLVD,W MERANTO AVE,,W MERANTO AVE,2021-05-24T00:00:00.000,1129,,CLARK,CLARK,661491.2339,3987535.35239999
LVM190100121840,E FLAMINGO RD,,E FLAMINGO RD,S SANDHILL RD,,S SANDHILL RD,2019-01-26T00:00:00.000,1313,LAS VEGAS,CLARK,CLARK,671726.6166,3998420.2202
LVM230900058684,T1 DEPARTURES,,T1 DEPARTURES,WAYNE NEWTON BLVD,,WAYNE NEWTON BLVD,2023-09-17T00:00:00.000,1129,LAS VEGAS,CLARK,CLARK,666639.2641,3994881.79089999
NLPD2212050023010,W CHEYENNE AVE,,W CHEYENNE AVE,MARTIN LUTHER KING BLVD,,MARTIN LUTHER KING BLVD,2022-12-05T00:00:00.000,445,NORTH LAS VEGAS,CLARK,CLARK,,
LVM201100081876,S CASINO CENTER BLVD,,S CASINO CENTER BLVD,E CARSON AVE,,E CARSON AVE,2020-11-19T00:00:00.000,1836,LAS VEGAS,CLARK,CLARK,666852.964399999,4004347.00269999
SPPD21-9870,SPARKS BLVD,,SPARKS BLVD,BIG FISH DR,,BIG FISH DR,2021-11-19T00:00:00.000,443,SPARKS,WASHOE,WASHOE,266625.746199999,4379255.93989999
NYSO20NY-1447,N BARNEY ST,,N BARNEY ST,W SHADY LN,,W SHADY LN,2020-05-05T00:00:00.000,2357,,NYE,NYE,583772.699799999,4009902.57379999
LVM230800059604,W AGATE AVE,,W AGATE AVE,S LAS VEGAS BLVD,,S LAS VEGAS BLVD,2023-08-17T00:00:00.000,702,LAS VEGAS,CLARK,CLARK,664450.309799999,3988229.0578
LVM230500015608,W FLAMINGO RD,,W FLAMINGO RD,S DURANGO DR,,S DURANGO DR,2023-05-04T00:00:00.000,740,LAS VEGAS,CLARK,CLARK,654891.994599999,3998063.14039999
SPPD21-10331,EL RANCHO DR,,EL RANCHO DR,G ST,,G ST,2021-12-04T00:00:00.000,2327,SPARKS,WASHOE,WASHOE,261440.2406,4380270.4879
LVM230900013926,E WINDMILL LN,,E WINDMILL LN,PARADISE RD,,PARADISE RD,2023-09-04T00:00:00.000,1923,LAS VEGAS,CLARK,CLARK,667488.150999999,3990271.80279999
LVM230400091193,OTHER,E SAINT LOUIS,ST LOUIS AVE,OTHER,S 11TH ST,11TH ST,2023-04-20T00:00:00.000,1850,LAS VEGAS,CLARK,CLARK,667444.8244,4001956.6565
LVM200400015763,S LAS VEGAS BLVD,,S LAS VEGAS BLVD,E OAKEY BLVD,,E OAKEY BLVD,2020-04-03T00:00:00.000,2255,LAS VEGAS,CLARK,CLARK,666206.2593,4002300.47069999
NHP200600582,US93,,US93,ACE DR,,ACE DR,2020-06-10T00:00:00.000,2056,,ELKO,ELKO,692924.6917,4651088.4351
LVM220800046069,S RAINBOW BLVD,,N SPRING VALLEY PKWY,OTHER,SPRING VALLEY PKWY,SR595,2022-08-11T00:00:00.000,2254,LAS VEGAS,CLARK,CLARK,658142.610399999,3997647.78309999
NLPD1902080002834,W ANN RD,,W ANN RD,SANTA FLORA ST,,SANTA FLORA ST,2019-02-08T00:00:00.000,1800,NORTH LAS VEGAS,CLARK,CLARK,666078.719999999,4014564.7671
LVM221200019853,PARADISE RD,,PARADISE RD,E RUSSELL RD,,E RUSSELL RD,2022-12-06T00:00:00.000,2328,,CLARK,CLARK,666791.405299999,3995803.3254
SPPD22-3763,VISTA BLVD,,VISTA BLVD,SATELLITE DR,,SATELLITE DR,2022-05-13T00:00:00.000,2028,SPARKS,WASHOE,WASHOE,266749.0201,4383386.91159999
LVM220800013701,N RAINBOW BLVD,,N RAINBOW BLVD,W LAKE MEAD BLVD,,W LAKE MEAD BLVD,2022-08-04T00:00:00.000,530,LAS VEGAS,CLARK,CLARK,658059.0997,4007373.78189999
NLPD2101210001329,LAKE MEAD BLVD,,LAKE MEAD BLVD,CIVIC CENTER DR,,CIVIC CENTER DR,2021-01-21T00:00:00.000,1914,NORTH LAS VEGAS,CLARK,CLARK,669359.589999999,4007315.53119999
LVM231100091826,OTHER,RAINBOW RIDGE PLAZA,RAINBOW RIDGE PLAZA,OTHER,N RAINBOW BLVD,N RAINBOW BLVD,2023-11-26T00:00:00.000,1433,LAS VEGAS,CLARK,CLARK,,
NHP200801561,OTHER,IR215,OTHER,OTHER,BUFFALO AVENUE WB OFF RAMP,OTHER,2020-08-24T00:00:00.000,2029,,CLARK,CLARK,656771.939299999,3992717.69109999
LVM201000096148,E CHEYENNE AVE,,E CHEYENNE AVE,N LAS VEGAS BLVD,,N LAS VEGAS BLVD,2020-10-22T00:00:00.000,2004,,CLARK,CLARK,,
SPPD22-4844,ROCK BLVD,,ROCK BLVD,ODDIE BLVD,,ODDIE BLVD,2022-06-20T00:00:00.000,1623,SPARKS,WASHOE,WASHOE,262664.096699999,4380951.93559999
NLPD2012290021401,SIMMONS ST,,SIMMONS ST,W ANN RD,,W ANN RD,2020-12-29T00:00:00.000,1256,NORTH LAS VEGAS,CLARK,CLARK,663501.392599999,4014501.5897
RPD23-23068,W LIBERTY ST,,W LIBERTY ST,FLINT ST,,FLINT ST,2023-12-16T00:00:00.000,1744,RENO,WASHOE,WASHOE,258014.908599999,4378382.28769999
NLPD1902170003481,E LAKE MEAD BLVD,,E LAKE MEAD BLVD,N LAS VEGAS BLVD,,N LAS VEGAS BLVD,2019-02-17T00:00:00.000,1824,NORTH LAS VEGAS,CLARK,CLARK,668209.031299999,4007285.78309999
RPD23-5461,W 7TH ST,,W 7TH ST,SIERRA HIGHLANDS DR,,SIERRA HIGHLANDS DR,2023-03-27T00:00:00.000,2037,RENO,WASHOE,WASHOE,253408.583999999,4380437.15289999
LVM211100085740,S LAS VEGAS BLVD,,S LAS VEGAS BLVD,OTHER,PARK MGM,OTHER,2021-11-20T00:00:00.000,2102,LAS VEGAS,CLARK,CLARK,667236.331,4004316.5962
CLSD22009877,COPPER RD,,COPPER RD,N CHRISTY LN,,N CHRISTY LN,2022-01-27T00:00:00.000,1510,,CLARK,CLARK,674948.444699999,4004406.2137
LVM211100025778,S LAS VEGAS BLVD,,S LAS VEGAS BLVD,OTHER,MGM DRIVE,OTHER,2021-11-07T00:00:00.000,58,LAS VEGAS,CLARK,CLARK,664459.1195,3997022.43109999
LVM190900119099,COBBLESTONE AVE,,COBBLESTONE AVE,ANTELOPE WAY,,ANTELOPE WAY,2019-09-25T00:00:00.000,751,LAS VEGAS,CLARK,CLARK,657313.6802,4004237.31959999
LVM210900033291,W SHELBOURNE AVE,,W SHELBOURNE AVE,S TENAYA WAY,,S TENAYA WAY,2021-09-08T00:00:00.000,1335,LAS VEGAS,CLARK,CLARK,657504.873499999,3989521.0666
LVM211000039787,W WASHINGTON ST,,W WASHINGTON ST,DATE ST,DATE ST,DATE ST,2021-10-10T00:00:00.000,554,LAS VEGAS,CLARK,CLARK,662878.1775,4005568.77319999
LVM230500095510,N CHRISTY LN,,N CHRISTY LN,E OWENS AVE,,E OWENS AVE,2023-05-19T00:00:00.000,2041,LAS VEGAS,CLARK,CLARK,675091.3331,4006670.81739999
NHP191100075,SUNSET RD,,SUNSET RD,OTHER,OLD GIBSON RD,OTHER,2019-11-01T00:00:00.000,1530,,CLARK,CLARK,677541.8081,3992821.62409999
LVM220100023753,E CHARLESTON BLVD,,E CHARLESTON BLVD,HILLSIDE PL,HILLSIDE PLACE,HILLSIDE PL,2022-01-06T00:00:00.000,1356,,CLARK,CLARK,668169.1911,4003187.1894
NYSO20NY-3878,PAHRUMP VALLEY RD,,PAHRUMP VALLEY RD,OTHER,GAMEBIRD,OTHER,2020-11-05T00:00:00.000,1844,,NYE,NYE,598313.756099999,4002622.3383
HP22-17114,JEFFERSON BLVD,,JEFFERSON BLVD,MARGARITA AVE,,MARGARITA AVE,2022-09-01T00:00:00.000,1815,HENDERSON,CLARK,CLARK,679810.1549,3993066.07069999
SPPD23-5164,VICTORIAN AVE,,VICTORIAN AVE,STANFORD WAY,,STANFORD WAY,2023-07-11T00:00:00.000,1652,SPARKS,WASHOE,WASHOE,264228.046099999,4379720.0908
SPPD21-9088,E GLENDALE AVE,,E GLENDALE AVE,S MCCARRAN BLVD,,S MCCARRAN BLVD,2021-10-25T00:00:00.000,1846,SPARKS,WASHOE,WASHOE,,
HP20-09403,SUNSET RD,,SUNSET RD,N STEPHANIE ST,,N STEPHANIE ST,2020-05-29T00:00:00.000,1318,HENDERSON,CLARK,CLARK,675964.051199999,3992780.09239999
NHP210900210,SR160,SR160,SR160,SR372,SR372,SR372,2021-09-03T00:00:00.000,1810,,NYE,NYE,,
HP22-24206,S EASTERN AVE,,S EASTERN AVE,WIGWAM ST,,WIGWAM ST,2022-12-13T00:00:00.000,1045,HENDERSON,CLARK,CLARK,,
LVM220100088658,BERMUDA RD,,BERMUDA RD,E FORD AVE,,E FORD AVE,2022-01-22T00:00:00.000,2245,LAS VEGAS,CLARK,CLARK,666275.6671,3989004.56939999
NHP230401964,OTHER,US95,OTHER,OTHER,SR582 OFF RAMP,OTHER,2023-04-27T00:00:00.000,1702,,CLARK,CLARK,,
LVM191100095768,CAMBRIDGE ST,,CAMBRIDGE ST,E FLAMINGO RD,,E FLAMINGO RD,2019-11-21T00:00:00.000,34,LAS VEGAS,CLARK,CLARK,667202.488199999,3998261.38829999
BCPD23BC0409,FIR ST,,FIR ST,NEVADA WAY,,NEVADA WAY,2023-04-08T00:00:00.000,1429,BOULDER CITY,CLARK,CLARK,694411.505499999,3983263.79729999
NLPD2202230003305,LAKE MEAD BLVD,,LAKE MEAD BLVD,N PECOS AVE,,N PECOS AVE,2022-02-23T00:00:00.000,1718,NORTH LAS VEGAS,CLARK,CLARK,,
LVM220900033533,E UNIVERSITY AVE,,E UNIVERSITY AVE,SPENCER ST,,SPENCER ST,2022-09-08T00:00:00.000,2030,LAMOILLE,ELKO,ELKO,668466.1238,3997691.73279999
LVM200700114220,E DESERT INN RD,,E DESERT INN RD,TOPAZ ST,,TOPAZ ST,2020-07-26T00:00:00.000,2022,LAS VEGAS,CLARK,CLARK,669737.766099999,3999992.2363
RPD23-15926,E PLUMB LN,,E PLUMB LN,KIRMAN AVE,,KIRMAN AVE,2023-09-01T00:00:00.000,1740,RENO,WASHOE,WASHOE,259414.5729,4376647.3857
LVM230600103257,CHARLESTON BLVD,,W CHARLESTON BLVD,OTHER,RAINBOW,RAINBOW BLVD,2023-06-22T00:00:00.000,1736,LAS VEGAS,CLARK,CLARK,657979.3125,4003023.75
LVM190900012448,E SILVERADO RANCH BLVD,,E SILVERADO RANCH BLVD,S LAS VEGAS BLVD,,S LAS VEGAS BLVD,2019-09-03T00:00:00.000,1408,LAS VEGAS,CLARK,CLARK,664698.686599999,3987016.7255
LVM231000025698,S TOWN CENTER DR,,S TOWN CENTER DR,PARK RUN DR,,PARK RUN DR,2023-10-08T00:00:00.000,1331,LAS VEGAS,CLARK,CLARK,650835.1467,4003076.35199999
HP19-31472,COLLEGE DR,,COLLEGE DR,HEATHER DR,,HEATHER DR,2019-12-03T00:00:00.000,1340,HENDERSON,,,683573.584499999,3986486.02649999
BCPD21BC1129,OTHER,BOULDER CITY DRY LAKE BED,OTHER,US95 S,,US95 S,2021-10-10T00:00:00.000,1658,BOULDER CITY,CLARK,CLARK,686936.9391,3971002.39489999
LVM230100098109,FLAMINGO RD,,SR592,OTHER,MARYLAND PKWY,MARYLAND PKWY,2023-01-25T00:00:00.000,821,LAS VEGAS,CLARK,CLARK,667596.5124,3998261.5
LVM220900105649,HALBERT AVE,,HALBERT AVE,N LAMB BLVD,,N LAMB BLVD,2022-09-26T00:00:00.000,1852,LAS VEGAS,CLARK,CLARK,672632.871299999,4005218.67699999
LVM221100011017,N PAVILION CENTER DR,,N PAVILION CENTER DR,REGAL MESA AVE,,REGAL MESA AVE,2022-11-03T00:00:00.000,1851,LAS VEGAS,CLARK,CLARK,649894.165599999,4004756.4744
LVM210300138693,WILSHIRE ST,,WILSHIRE ST,W CHARLESTON BLVD,,W CHARLESTON BLVD,2021-03-30T00:00:00.000,1200,LAS VEGAS,CLARK,CLARK,660802.9226,4003077.7861
NLPD2306230012695,W CHEYENNE AVE,,CHEYENNE AVE,COMMERCE AVE,,COMMERCE ST,2023-06-23T00:00:00.000,1050,NORTH LAS VEGAS,CLARK,CLARK,666753.0948,4009718.01229999
RPD19-24420,E PECKHAM LN,,E PECKHAM LN,FILBERT RD,,FILBERT RD,2019-12-08T00:00:00.000,2353,RENO,WASHOE,WASHOE,261050.632799999,4374075.26779999
LVM190800151118,S LAS VEGAS BLVD,,S LAS VEGAS BLVD,S 4TH ST,,S 4TH ST,2019-08-31T00:00:00.000,303,LAS VEGAS,CLARK,CLARK,666353.262299999,4002579.35549999
LVM211000093515,W SAHARA AVE,,W SAHARA AVE,S DECATUR BLVD,,S DECATUR BLVD,2021-10-22T00:00:00.000,1828,LAS VEGAS,CLARK,CLARK,661222.379499999,4001466.9144
SPPD23-8354,ODDIE BLVD,,ODDIE BLVD,SULLIVAN LN,,SULLIVAN LN,2023-10-30T00:00:00.000,1653,SPARKS,WASHOE,WASHOE,261855.071399999,4380981.1905
NHP190300459,OTHER,US95 NB/ EASTERN OFF RAMP,OTHER,OTHER,EASTERN AVE,OTHER,2019-03-06T00:00:00.000,1825,RENO,CLARK,CLARK,669452.166799999,4004377.82909999
LVM221000003326,W TROPICANA AVE,,W TROPICANA AVE,VALLEY VIEW BLVD,,VALLEY VIEW BLVD,2022-10-01T00:00:00.000,2019,LAS VEGAS,CLARK,CLARK,662983.467799999,3996657.75659999
LVM200100031853,W LAKE MEAD BLVD,,W LAKE MEAD BLVD,OTHER,BEST IN THE WEST,OTHER,2020-01-07T00:00:00.000,1519,LAS VEGAS,CLARK,CLARK,658240.2344,4007114.8736
RPD19-8388,RYLAND ST,,RYLAND ST,S PARK ST,,S PARK ST,2019-05-02T00:00:00.000,2037,RENO,WASHOE,WASHOE,258954.248599999,4378661.07919999
LVM200200047357,E HACIENDA AVE,,E HACIENDA AVE,S NELLIS BLVD,,S NELLIS BLVD,2020-02-10T00:00:00.000,1615,LAS VEGAS,CLARK,CLARK,674296.131199999,3995985.3878
HP20-08864,N STEPHANIE ST,,N STEPHANIE ST,TRAIL CANYON RD,,TRAIL CANYON RD,2020-05-20T00:00:00.000,1146,HENDERSON,CLARK,CLARK,675965.517799999,3990695.0917
LVM210400099696,E TWAIN AVE,,E TWAIN AVE,PALOS VERDES ST,,PALOS VERDES ST,2021-04-22T00:00:00.000,1636,LAS VEGAS,CLARK,CLARK,666344.454699999,3998978.27659999
RPD22-20840,S VIRGINIA ST,,S VIRGINIA ST,ARROWCREEK PKWY,,ARROWCREEK PKWY,2022-11-05T00:00:00.000,2200,RENO,WASHOE,WASHOE,262700.0919,4366895.76479999
NLPD2104300007209,W CRAIG RD,,W CRAIG RD,N DECATUR BLVD,,N DECATUR BLVD,2021-04-30T00:00:00.000,1941,NORTH LAS VEGAS,CLARK,CLARK,661063.8353,4011921.5391
LVM211000063187,W WARM SPRINGS RD,,W WARM SPRINGS RD,OTHER,WIND CHIME RD,OTHER,2021-10-15T00:00:00.000,1719,LAS VEGAS,CLARK,CLARK,669183.093799999,3991918.8826
LVM210400025745,S MOJAVE RD,,S MOJAVE RD,E FLAMINGO RD,,E FLAMINGO RD,2021-04-06T00:00:00.000,1720,LAS VEGAS,CLARK,CLARK,670519.870699999,3998379.7892
NHP220901292,US395,,US395N,SR88,,SR88,2022-09-17T00:00:00.000,2227,MINDEN,DOUGLAS,DOUGLAS,259245.265599999,4316128.5
NLPD1901310002211,E CRAIG RD,,E CRAIG RD,N PECOS RD,,N PECOS RD,2019-01-31T00:00:00.000,1932,NORTH LAS VEGAS,CLARK,CLARK,670972.9654,4012273.6786
HP21-16061,S GREEN VALLEY PKWY,,S GREEN VALLEY PKWY,HIGH VIEW DR,,HIGH VIEW DR,2021-09-01T00:00:00.000,756,HENDERSON,CLARK,CLARK,,
LVM230800102497,MOUNTAIN VISTA DR,,MOUNTAIN VISTA ST,OTHER,RUSSELL RD,RUSSELL RD,2023-08-29T00:00:00.000,1456,LAS VEGAS,CLARK,CLARK,673492.587299999,3995051.2785
LVM200800079561,E FLAMINGO RD,,E FLAMINGO RD,PARADISE RD,,PARADISE RD,2020-08-19T00:00:00.000,917,,CLARK,CLARK,666149.2766,3998206.8014
RPD20-5453,MOUNT BALDY ST,,MOUNT BALDY ST,MOUNT LASSEN ST,,MOUNT LASSEN ST,2020-03-20T00:00:00.000,1831,RENO,WASHOE,WASHOE,252900.9072,4393023.3354
LVM221000025273,BOULDER HWY,E BOULDER  HWY,BOULDER HWY,INDIOS AVE,,INDIOS AVE,2022-10-07T00:00:00.000,953,LAS VEGAS,CLARK,CLARK,673305.7426,3999126.7028
RPD20-9419,GLENDALE AVE,,GLENDALE AVE,IR580,,IR580,2020-06-04T00:00:00.000,452,RENO,WASHOE,WASHOE,260738.717199999,4379016.3756
NHP220901073,OTHER,300 WEST SAHARA AVE,W SAHARA AVE,OTHER,SAHARA AVE,SAHARA AVE,2022-09-16T00:00:00.000,2145,LAS VEGAS,CLARK,CLARK,665482.924499999,4001461.45849999
NLPD1910190021154,DOE SPRINGS PL,,DOE SPRINGS PL,BARREL OAK AVE,,BARREL OAK AVE,2019-10-19T00:00:00.000,1906,NORTH LAS VEGAS,CLARK,CLARK,664506.7609,4014486.46059999
LVM200100041693,W OAKEY BLVD,,W OAKEY BLVD,LOS ALTOS ST,,LOS ALTOS ST,2020-01-09T00:00:00.000,1432,LAS VEGAS,CLARK,CLARK,662269.837199999,4002283.8396
LVM200500112219,E BONNEVILLE AVE,,E BONNEVILLE AVE,S MARYLAND PKWY,,S MARYLAND PKWY,2020-05-23T00:00:00.000,1041,LAS VEGAS,CLARK,CLARK,667626.0312,4003303.38519999
NHP231202011,OTHER,E SAHARA,SAHARA AVE,OTHER,IR15 NB OFF RAMP,IR15N TO SAHARA AVE RAMP,2023-12-31T00:00:00.000,1339,LAS VEGAS,CLARK,CLARK,664605.2103,4001491.4385
MSPD230114027,W MESQUITE AVE,,W MESQUITE AVE,S GRAPEVINE RD,,S GRAPEVINE RD,2023-01-14T00:00:00.000,2108,MESQUITE,CLARK,CLARK,,
LVM231100002765,E CAREY AVE,,E CAREY AVE,NELLIS BLVD,,SR612,2023-11-01T00:00:00.000,1856,LAS VEGAS,CLARK,CLARK,674372.531499999,4008276.52759999
LVM230900019012,N MARTIN L KING BLVD,,N MARTIN L KING BLVD,BALZAR AVE,,BALZAR AVE,2023-09-06T00:00:00.000,812,LAS VEGAS,CLARK,CLARK,665354.4757,4007620.9131
NHP191000037,OTHER,I80,OTHER,OTHER,MILE MARKER WA23,OTHER,2019-10-01T00:00:00.000,1019,RENO,WASHOE,WASHOE,273014.861899999,4377124.3814
LVM230600030784,LUDINGTON AVE,,LUDINGTON AVE,E LAKE MEAD BLVD,,SR147E,2023-06-07T00:00:00.000,1435,LAS VEGAS,CLARK,CLARK,676096.300099999,4007481.62989999
LVM201100036884,S DURANGO DR,,S DURANGO DR,W WARM SPRINGS RD,,W WARM SPRINGS RD,2020-11-09T00:00:00.000,1507,,CLARK,CLARK,654993.866899999,3991477.3562
SPPD19-7280,HENRY ORR PW,,HENRY ORR PW,KILEY LINKS DR,,KILEY LINKS DR,2019-08-17T00:00:00.000,826,SPARKS,,,265976.657999999,4386748.48259999
NLPD1908060016078,WAVING FLOWER DR,,WAVING FLOWER DR,ROAMING BREEZE RD,,ROAMING BREEZE RD,2019-08-06T00:00:00.000,1720,NORTH LAS VEGAS,,,661630.241499999,4013692.55729999
LVM240100000737,E FLAMINGO RD,,E FLAMINGO RD,BOULDER HWY,,BOULDER HWY,2023-12-31T16:00:00.000,319,LAS VEGAS,CLARK,CLARK,674011.75,3998428.75
NYSO22NY-2258,W WILSON RD,,W WILSON RD,LOLA LN,,LOLA LN,2022-07-05T00:00:00.000,2155,PAHRUMP,NYE,NYE,587789.177,4007939.01439999
LVM230200109025,W DIABLO DR,,W DIABLO DR,S GRAND CANYON DR,,S GRAND CANYON DR,2023-02-27T00:00:00.000,719,,CLARK,CLARK,652457.984699999,3995131.94459999
LVM230400069166,E CARSON AVE,,E CARSON AVE,S CASINO CENTER BLVD,,S CASINO CENTER BLVD,2023-04-15T00:00:00.000,2226,LAS VEGAS,CLARK,CLARK,666853.507899999,4004346.7266
NLPD2301010000043,ALIANTE PKWY,,ALIANTE PKWY,NATURE PARK DR,,NATURE PARK DR,2023-01-01T00:00:00.000,1438,NORTH LAS VEGAS,CLARK,CLARK,663624.618499999,4017414.5709
SPPD23-9491,SR668,,SR668,IR80E TO ROCK BLVD INT17,,IR80E TO ROCK BLVD INT17,2023-12-07T00:00:00.000,1725,SPARKS,WASHOE,WASHOE,262308.843799999,4379639.0
LVM210100136630,VEGAS VALLEY DR,,VEGAS VALLEY DR,MOUNTAIN VISTA ST,,MOUNTAIN VISTA ST,2021-01-30T00:00:00.000,1936,LAS VEGAS,CLARK,CLARK,673286.138799999,4000855.7671
NHP200400879,OTHER,SR604,OTHER,OTHER,HOLLYWOOD BOULEVARD,OTHER,2020-04-27T00:00:00.000,2202,,CLARK,CLARK,677602.0783,4014467.91919999
LVM210300102718,S DECATUR BLVD,,S DECATUR BLVD,MEADOWS LN,,MEADOWS LN,2021-03-22T00:00:00.000,1357,LAS VEGAS,CLARK,CLARK,661352.865,4004297.501
WASO23-1013,DANDINI BLVD,,DANDINI BLVD,W LEONESIO DR,,W LEONESIO DR,2023-02-24T00:00:00.000,2039,SUN VALLEY,WASHOE,WASHOE,260679.1907,4383822.6991
RPD23-8711,MCCARRAN BLVD,,SR659,SIERRA HIGHLANDS,,SIERRA HIGHLANDS DR,2023-05-18T00:00:00.000,2009,RENO,WASHOE,WASHOE,253871.396499999,4379345.23919999
LVM220300047739,S RAINBOW BLVD,,S RAINBOW BLVD,W ROBINDALE RD,,W ROBINDALE RD,2022-03-12T00:00:00.000,235,LAS VEGAS,CLARK,CLARK,658245.4659,3990800.8374
LVM211000010524,W DEWEY DR,,W DEWEY DR,SCOTTYBOY DR,,SCOTTYBOY DR,2021-10-03T00:00:00.000,1455,LAS VEGAS,CLARK,CLARK,656995.575299999,3994990.88169999
LVM200600103539,S DECATUR BLVD,,S DECATUR BLVD,OBANNON DR,,OBANNON DR,2020-06-25T00:00:00.000,2053,LAS VEGAS,CLARK,CLARK,661204.426099999,4001726.8737
LVM190900081170,MESA PARK DR,,MESA PARK DR,RUSHWING DR,,RUSHWING DR,2019-09-17T00:00:00.000,1900,LAS VEGAS,CLARK,CLARK,651088.1413,3994870.00129999
LVM200100069650,E BONANZA RD,,E BONANZA RD,N EASTERN AVE,,N EASTERN AVE,2020-01-15T00:00:00.000,1237,LAS VEGAS,CLARK,CLARK,669429.7822,4004885.27449999
RPD20-1555,N VIRGINIA ST,,N VIRGINIA ST,16TH ST,,16TH ST,2020-01-24T00:00:00.000,239,RENO,,,257621.178399999,4381258.13629999
LVM200400087450,N WALNUT RD,,N WALNUT RD,N LAS VEGAS BLVD,,N LAS VEGAS BLVD,2020-04-18T00:00:00.000,1906,LAS VEGAS,CLARK,CLARK,671732.876899999,4010039.62289999
LVM220500064181,S BUFFALO DR,,S BUFFALO DR,W TROPICANA AVE,,W TROPICANA AVE,2022-05-16T00:00:00.000,1349,LAS VEGAS,CLARK,CLARK,656530.1983,3996395.3317
LVM200700120257,VILLAGE CENTER CIR,,VILLAGE CENTER CIR,HILLS DR,,HILLS DR,2020-07-28T00:00:00.000,802,LAS VEGAS,CLARK,CLARK,652931.666699999,4006561.87319999
LVM230500097579,N LAS VEGAS BLVD,,SR604N,CRAIG RD,,SR573,2023-05-20T00:00:00.000,700,LAS VEGAS,CLARK,CLARK,675012.6072,4012520.9558
LVM231200015556,ARVILLE ST,,ARVILLE ST,OTHER,CHARLESTON BLVD,W CHARLESTON BLVD,2023-12-05T00:00:00.000,1425,LAS VEGAS,CLARK,CLARK,661934.560399999,4003086.48189999
NLPD1906030011411,W CRAIG RD,,W CRAIG RD,REVERE ST,,REVERE ST,2019-06-03T00:00:00.000,1323,NORTH LAS VEGAS,CLARK,CLARK,665966.2262,4012081.96059999
LVM190700093152,N RAINBOW BLVD,,N RAINBOW BLVD,W WASHINGTON AVE,,W WASHINGTON AVE,2019-07-19T00:00:00.000,1037,LAS VEGAS,CLARK,CLARK,658065.138299999,4005431.20439999
LVM190600111964,S TENAYA WAY,,S TENAYA WAY,W ROBINDALE RD,,W ROBINDALE RD,2019-06-24T00:00:00.000,603,LAS VEGAS,CLARK,CLARK,657106.4835,3990725.02789999
NLPD2311190023084,W CHEYENNE AVE,,SR574,N REVERE ST,,REVERE ST,2023-11-19T00:00:00.000,253,NORTH LAS VEGAS,CLARK,CLARK,666014.1752,4009689.2802
LVM210500038297,BOULDER HWY,,BOULDER HWY,E FLAMINGO RD,,E FLAMINGO RD,2021-05-09T00:00:00.000,36,,CLARK,CLARK,673831.163999999,3998617.13209999
LVM231100061041,E NEW YORK AVE,,SAMMY DAVIS JR DR,OTHER,INDUSTRIAL,W NEW YORK AVE,2023-11-17T00:00:00.000,1508,LAS VEGAS,CLARK,CLARK,665510.258,4002266.23289999
CCSO19-2714,W COLLEGE PY,,W COLLEGE PY,COLLEGE DR,,COLLEGE DR,2019-04-24T00:00:00.000,1830,CARSON CITY,CARSON CITY,CARSON CITY,259054.8622,4341165.36859999
NLPD2107210012377,N COMMERCE ST,,N COMMERCE ST,W CHEYENNE AVE,,W CHEYENNE AVE,2021-07-21T00:00:00.000,2146,NORTH LAS VEGAS,CLARK,CLARK,666905.401999999,4009723.2221
LVM220400104801,S EASTERN AVE,,S EASTERN AVE,OTHER,E TROPICANA AVE,OTHER,2022-04-25T00:00:00.000,1107,LAS VEGAS,CLARK,CLARK,669330.207,3996679.744
HP23-24173,UPPER MEADOWS PL,,UPPER MEADOWS PL,SILVER SUNRISE LN,,SILVER SWAN CT,2023-12-07T00:00:00.000,1745,HENDERSON,CLARK,CLARK,671745.9088,3984910.2968
SPPD22-7159,PRATER WAY,,PRATER WAY,EL RANCHO DR,,EL RANCHO DR,2022-09-07T00:00:00.000,1734,SPARKS,WASHOE,WASHOE,261495.010099999,4379934.6523
LVM211000043581,E CHARLESTON BLVD,,E CHARLESTON BLVD,FOGG ST,,FOGG ST,2021-10-11T00:00:00.000,711,LAS VEGAS,CLARK,CLARK,676715.997299999,4003423.66819999
NHP221100291,OTHER,BASIN AVENUE,BASIN AVE,SR160N,,SR160N,2022-11-03T00:00:00.000,1908,,NYE,NYE,590406.4044,4008774.391
RPD23-18406,RALSTON ST,,RALSTON ST,4TH ST,,W 4TH ST,2023-10-08T00:00:00.000,1,RENO,WASHOE,WASHOE,257554.5151,4379245.2923
ELPD2022-04405,JENNINGS WAY,,JENNINGS WAY,CLOVER HILLS DR,,CLOVER HILLS DR,2022-03-09T00:00:00.000,1629,ELKO,ELKO,ELKO,601171.260599999,4521187.3955
LVM210300104090,E SAHARA AVE,,E SAHARA AVE,S SANDHILL RD,,S SANDHILL RD,2021-03-22T00:00:00.000,1953,LAS VEGAS,CLARK,CLARK,671647.2887,4001861.25
HP20-05807,W HORIZON RIDGE PKWY,,W HORIZON RIDGE PKWY,CARNEGIE ST,,CARNEGIE ST,2020-03-24T00:00:00.000,1536,,CLARK,CLARK,671633.8539,3986286.7245
NHP220900682,US95AN,US95A,US95AN,OTHER,E. NEWLANDS DR,E NEWLANDS DR,2022-09-09T00:00:00.000,1428,FERNLEY,LYON,LYON,309427.576899999,4386771.91939999
LVM210700009588,E FLAMINGO RD,,E FLAMINGO RD,SPENCER ST,,SPENCER ST,2021-07-02T00:00:00.000,2343,,CLARK,CLARK,668421.269899999,3998282.98289999
RPD22-7534,KEYSTONE AVE,,KEYSTONE AVE,IR80E TO KEYSTONE AVE INT12,,IR80E TO KEYSTONE AVE INT12,2022-04-22T00:00:00.000,1204,RENO,WASHOE,WASHOE,256712.8892,4379342.8683
LVM230100061686,MCLEOD DR,,MCLEOD DR,FLAMINGO RD,,SR592,2023-01-15T00:00:00.000,2305,LAS VEGAS,CLARK,CLARK,670112.6642,3998359.7057
HP19-10898,N STEPHANIE ST,,N STEPHANIE ST,AMERICAN PACIFIC DR,,AMERICAN PACIFIC DR,2019-05-13T00:00:00.000,2110,HENDERSON,CLARK,CLARK,675963.629499999,3990388.1204
RPD19-324,MAJESTIC DR,,MAJESTIC DR,ROYAL DR,,ROYAL DR,2019-01-05T00:00:00.000,1543,RENO,WASHOE,WASHOE,256266.125,4380044.585
LVM221000064783,OTHER,TROPICANA,TROPICANA AVE,OTHER,RAINBOW,RAINBOW BLVD,2022-10-17T00:00:00.000,1350,LAS VEGAS,CLARK,CLARK,658045.946299999,3996442.9429
LVM231100042142,HOTEL RIO DR,,HOTEL RIO DR,FLAMINGO RD,,FLAMINGO RD,2023-11-12T00:00:00.000,2210,LAS VEGAS,CLARK,CLARK,663167.3891,3998261.07699999
HP20-16770,ST ROSE PKWY W,,ST ROSE PKWY W,AMIGO ST,,AMIGO ST,2020-09-25T00:00:00.000,529,HENDERSON,CLARK,CLARK,667269.886099999,3983918.59229999
HP19-32608,W HORIZON RIDGE PKWY,,W HORIZON RIDGE PKWY,PRIVATE DR,,PRIVATE DR,2019-12-19T00:00:00.000,710,HENDERSON,CLARK,CLARK,,
LVM200900081993,BELLAGIO DR,,BELLAGIO DR,S LAS VEGAS BLVD,,S LAS VEGAS BLVD,2020-09-18T00:00:00.000,2045,,CLARK,CLARK,664442.1359,3997825.7595
NLPD1908280017572,W LAKE MEAD BLVD,,W LAKE MEAD BLVD,N RANCHO DR,,N RANCHO DR,2019-08-28T00:00:00.000,1135,NORTH LAS VEGAS,CLARK,CLARK,662694.778199999,4007480.42589999
CLSD22025457,S TORREY PINES DR,,S TORREY PINES DR,CANDLEBERRY RD,,CANDLEBERRY RD,2022-03-04T00:00:00.000,806,LAS VEGAS,CLARK,CLARK,658953.591199999,3997942.8388
LVM191100056257,E FLAMINGO RD,,E FLAMINGO RD,LINQ LN,,LINQ LN,2019-11-12T00:00:00.000,1948,LAS VEGAS,CLARK,CLARK,664904.4846,3998208.85869999
LVM230500112290,N DURANGO DR,,N DURANGO DR,FARM RD,,SKY POINTE DR,2023-05-23T00:00:00.000,19,LAS VEGAS,CLARK,CLARK,654285.865299999,4018846.3559
CLSD22012120,E HACIENDA AVE,,E HACIENDA AVE,CALIENTE ST,,CALIENTE ST,2022-02-02T00:00:00.000,752,LAS VEGAS,CLARK,CLARK,668252.5607,3995946.50459999
LVM221200057519,S JONES BLVD,,S JONES BLVD,W TROPICANA AVE,,W TROPICANA AVE,2022-12-15T00:00:00.000,505,LAS VEGAS,CLARK,CLARK,659779.0345,3996448.354
LVM221100007564,OTHER,W CHARLESTON BLVD,OTHER,OTHER,S BUFFALO BLVD,OTHER,2022-11-02T00:00:00.000,2133,LAS VEGAS,CLARK,CLARK,660918.0246,4003078.9002
HP21-13182,W WARM SPRINGS RD,,WARM SPRINGS RD,N STEPHANIE ST,,N STEPHANIE ST,2021-07-20T00:00:00.000,1624,HENDERSON,CLARK,CLARK,675965.224399999,3991948.01029999
LVM190700048253,S LAS VEGAS BLVD,,S LAS VEGAS BLVD,GARCES AVE,,GARCES AVE,2019-07-10T00:00:00.000,1019,LAS VEGAS,CLARK,CLARK,666832.519199999,4003536.3081
NYSO19NY-3560,S BLAGG RD,621 S. BLAGG,S BLAGG RD,N BLAGG RD,,N BLAGG RD,2019-10-08T00:00:00.000,1009,,NYE,NYE,588605.4056,4007730.561
LVM230200050738,N LAMB BLVD,,N LAMB BLVD,E BONANZA RD,,E BONANZA RD,2023-02-13T00:00:00.000,720,LAS VEGAS,CLARK,CLARK,672637.982699999,4004749.7848
LVM201000071603,N 9TH ST,,N 9TH ST,HARRIS AVE,,HARRIS AVE,2020-10-16T00:00:00.000,2154,LAS VEGAS,CLARK,CLARK,667818.0087,4005177.288
HP21-06581,REEBOK TER,,REEBOK TER,EVAN PICONE DR,,EVAN PICONE DR,2021-04-13T00:00:00.000,1750,HENDERSON,CLARK,CLARK,675891.414599999,3991617.78299999
LVM200700125935,W CHEYENNE AVE,,W CHEYENNE AVE,N RAMPART BLVD,,N RAMPART BLVD,2020-07-29T00:00:00.000,1344,LAS VEGAS,CLARK,CLARK,654738.261199999,4009569.91829999
LVM210600061148,E FLAMINGO RD,,E FLAMINGO RD,S PECOS RD,,S PECOS RD,2021-06-13T00:00:00.000,2234,,CLARK,CLARK,670928.7569,3998399.0525
RPD21-11486,S WELLS AVE,,S WELLS AVE,CHENEY ST,,CHENEY ST,2021-06-28T00:00:00.000,2046,RENO,WASHOE,WASHOE,259030.791899999,4378054.00879999
LVM230200095710,OTHER,MONTECITO POINTE DR,MONTECITO POINTE DR,OTHER,N MALADETA ST,MALAD,2023-02-23T00:00:00.000,1959,LAS VEGAS,CLARK,CLARK,,
NLPD1906270013285,N 5TH ST,,N 5TH ST,ACC N LAS VEGAS BLVD,,ACC N LAS VEGAS BLVD,2019-06-28T00:00:00.000,1918,NORTH LAS VEGAS,CLARK,CLARK,667835.0804,4006721.7827
LVM210900118957,S TORREY PINES DR,,S TORREY PINES DR,NEWVILLE AVE,,NEWVILLE AVE,2021-09-28T00:00:00.000,905,LAS VEGAS,CLARK,CLARK,658957.692599999,3997573.8681
LVM200100107165,WAYNE NEWTON BLVD,,WAYNE NEWTON BLVD,AIRPORT DEPARTURES,,AIRPORT DEPARTURES,2020-01-23T00:00:00.000,1100,LAS VEGAS,CLARK,CLARK,666817.527099999,3994820.2473
HP20-20084,SHOSHONE LN,,SHOSHONE LN,DINKLEDORF RD,,DINKLEDORF RD,2020-11-14T00:00:00.000,1633,HENDERSON,CLARK,CLARK,683202.8084,3992060.205
LVM190600114425,E CHARLESTON BLVD,,E CHARLESTON BLVD,N NELLIS BLVD,,N NELLIS BLVD,2019-06-24T00:00:00.000,1655,LAS VEGAS,CLARK,CLARK,674360.880199999,4003330.29099999
LVM190400111906,W CHARLESTON BLVD,,W CHARLESTON BLVD,S RAINBOW BLVD,,S RAINBOW BLVD,2019-04-23T00:00:00.000,1335,LAS VEGAS,CLARK,CLARK,657981.750599999,4003023.8188
HP21-02960,SOLERA SKY DR,,SOLERA SKY DR,STARLIGHT HILL ST,,STARLIGHT HILL ST,2021-02-17T00:00:00.000,1745,HENDERSON,CLARK,CLARK,671578.0486,3979142.62649999
NLPD2311080022391,N 5TH ST,,N 5TH ST,E TROPICAL PKWY,,E TROPICAL PKWY,2023-11-08T00:00:00.000,1453,NORTH LAS VEGAS,CLARK,CLARK,667537.158699999,4015380.0928
LVM220200052215,N HOLLYWOOD BLVD,,N HOLLYWOOD BLVD,E WASHINGTON AVE,,E WASHINGTON AVE,2022-02-13T00:00:00.000,822,LAS VEGAS,CLARK,CLARK,677544.7784,4005500.0008
RPD20-18633,ARLINGTON AVE,,ARLINGTON AVE,MONROE ST,,MONROE ST,2020-10-18T00:00:00.000,1907,RENO,WASHOE,WASHOE,257810.265399999,4377474.90729999
LVM210800124597,S NELLIS BLVD,,S NELLIS BLVD,E CHARLESTON BLVD,E CHARLESTON BLVD,E CHARLESTON BLVD,2021-08-29T00:00:00.000,1807,LAS VEGAS,CLARK,CLARK,674299.938099999,4003330.68899999
NLPD1906010011295,W LAKE MEAD BLVD,,W LAKE MEAD BLVD,ENGLESTAD ST,,ENGLESTAD ST,2019-06-01T00:00:00.000,2049,NORTH LAS VEGAS,CLARK,CLARK,666555.6374,4007246.9285
LVM231200067391,W LAKE MEAD BLVD,,W LAKE MEAD BLVD,SUN CITY BLVD,,SUN CITY BLVD,2023-12-20T00:00:00.000,1352,LAS VEGAS,CLARK,CLARK,651031.4111,4008007.30849999
LVM210800116771,W TROPICANA AVE,,W TROPICANA AVE,S JONES BLVD,,S JONES BLVD,2021-08-27T00:00:00.000,2110,LAS VEGAS,CLARK,CLARK,659412.694299999,3996474.3102
LVM190400028340,E SERENE AVE,,E SERENE AVE,S EASTERN AVE,,S EASTERN AVE,2019-04-06T00:00:00.000,1631,LAS VEGAS,CLARK,CLARK,669529.9049,3987857.71319999
RPD20-18401,MILL ST,,MILL ST,YORI AVE,,YORI AVE,2020-10-14T00:00:00.000,2024,RENO,WASHOE,WASHOE,259865.221199999,4378604.8208
LVM230900070849,SIRIUS AVE,,S VALLEY VIEW BLVD,S VALLEY VIEW BLVD,,SIRIUS AVE,2023-09-20T00:00:00.000,2010,LAS VEGAS,CLARK,CLARK,662829.3671,4000303.558
RPD22-9840,SUTRO ST,,SUTRO ST,ODDIE BLVD,,ODDIE BLVD,2022-05-28T00:00:00.000,2040,RENO,WASHOE,WASHOE,259517.336099999,4381048.8364
LVM190800129229,S MARYLAND PKWY,,S MARYLAND PKWY,E BRIDGER AVE,,E BRIDGER AVE,2019-08-26T00:00:00.000,1821,LAS VEGAS,CLARK,CLARK,667823.423299999,4003691.8902
HP22-19795,EIGER WAY,,EIGER WAY,BLUFFS DR,,BLUFFS DR,2022-10-10T00:00:00.000,1611,HENDERSON,CLARK,CLARK,674697.630199999,3992480.71169999
LVM231000013094,N MAIN ST,,N MAIN ST,FOREMASTER LN,,FOREMASTER LN,2023-10-04T00:00:00.000,2108,LAS VEGAS,CLARK,CLARK,667567.465099999,4006277.47419999
RPD22-19887,N CENTER ST,,N CENTER ST,5TH ST,,5TH ST,2022-10-22T00:00:00.000,1605,RENO,WASHOE,WASHOE,258200.317499999,4379548.6566
LVM220100037637,E WASHINGTON AVE,,E WASHINGTON AVE,N PECOS RD,,N PECOS RD,2022-01-10T00:00:00.000,729,LAS VEGAS,CLARK,CLARK,671038.9149,4005689.45329999
LVM210200030609,E TROPICANA AVE,,E TROPICANA AVE,DUKE ELLINGTON WAY,,DUKE ELLINGTON WAY,2021-02-07T00:00:00.000,1928,LAS VEGAS,CLARK,CLARK,664968.3014,3996693.2432
RPD19-23560,N VIRGINIA ST,,N VIRGINIA ST,1ST ST,,1ST ST,2019-11-25T00:00:00.000,1215,RENO,WASHOE,WASHOE,258222.1134,4378894.4678
NLPD2008030012616,LOSEE RD,,LOSEE RD,CLARINGTON AVE,,CLARINGTON AVE,2020-08-03T00:00:00.000,2053,NORTH LAS VEGAS,CLARK,CLARK,669159.3841,4014369.57899999
LVM230500032657,PARADISE RD,,PARADISE RD,E FLAMINGO RD,,SR592,2023-05-07T00:00:00.000,1754,LAS VEGAS,CLARK,CLARK,666205.150299999,3997984.198
LVM230200013497,EDMOND ST,,EDMOND ST,EDNA AVE,,EDNA AVE,2023-02-04T00:00:00.000,706,LAS VEGAS,CLARK,CLARK,660843.328099999,4000665.16669999
LVM230100015790,E SAHARA AVE,,E SAHARA AVE,NELLIS BLVD,,NELLIS BLVD,2023-01-04T00:00:00.000,1938,LAS VEGAS,CLARK,CLARK,673996.9061,4001688.11079999
LVM190200091728,E BONANZA RD,,E BONANZA RD,N PECOS RD,,N PECOS RD,2019-02-20T00:00:00.000,1834,LAS VEGAS,CLARK,CLARK,671035.126299999,4004866.42129999
LVM230900075352,LINN LN,,LINN LN,E CHARLESTON BLVD,,E CHARLESTON BLVD,2023-09-22T00:00:00.000,59,LAS VEGAS,CLARK,CLARK,675504.573699999,4003422.671
LVM201100052811,W CHEYENNE AVE,,W CHEYENNE AVE,N MICHAEL WAY,,N MICHAEL WAY,2020-11-13T00:00:00.000,650,LAS VEGAS,CLARK,CLARK,660253.6198,4009488.15909999
LVM231200093939,S MARYLAND PKWY,,S MARYLAND PKWY,E CACTUS AVE,,E CACTUS AVE,2023-12-28T00:00:00.000,1738,LAS VEGAS,CLARK,CLARK,667927.476599999,3985453.7859
LVM220300096113,W CACTUS AVE,,W CACTUS AVE,CASTLE KEEP ST,,CASTLE KEEP ST,2022-03-23T00:00:00.000,1846,LAS VEGAS,CLARK,CLARK,657428.743999999,3985185.92469999
LVM190400124106,E CRAIG RD,,E CRAIG RD,N LAS VEGAS BLVD,,N LAS VEGAS BLVD,2019-04-25T00:00:00.000,2132,LAS VEGAS,CLARK,CLARK,674807.261199999,4012387.6457
SPPD23-10054,NICHOLS BLVD,,NICHOLS BLVD,N MCCARRAN BLVD,,SR659,2023-12-25T00:00:00.000,1709,SPARKS,WASHOE,WASHOE,264820.1649,4379854.2374
LVM190900065241,E DESERT INN RD,,E DESERT INN RD,S SANDHILL RD,,S SANDHILL RD,2019-09-14T00:00:00.000,1038,LAS VEGAS,CLARK,CLARK,671708.1918,4000009.3362
LVM210600040660,S FORT APACHE RD,,S FORT APACHE RD,MARINER COVE DR,,MARINER COVE DR,2021-06-09T00:00:00.000,1511,LAS VEGAS,CLARK,CLARK,653194.375099999,4000550.53179999
LVM231100077722,S MARYLAND PKWY,,S MARYLAND PKWY,E TROPICANA AVE,,E TROPICANA AVE,2023-11-21T16:00:00.000,751,LAS VEGAS,CLARK,CLARK,667715.666,3996595.2081
LVM210100063333,BOULDER HWY,,BOULDER HWY,E TWAIN AVE,,E TWAIN AVE,2021-01-14T00:00:00.000,1747,,CLARK,CLARK,673129.8124,3999311.4625
NHP190501604,OTHER,DECATUR BOULEVARD,OTHER,OTHER,ELDORA AVENUE,OTHER,2019-05-20T00:00:00.000,2216,,CLARK,CLARK,661218.353799999,4001071.7639
LVM200200091911,BOULDER HWY,,BOULDER HWY,E RUSSELL RD,,E RUSSELL RD,2020-02-19T00:00:00.000,1444,LAS VEGAS,CLARK,CLARK,676927.3831,3995364.3585
HP22-19138,BOULDER HWY,,BOULDER HWY,E TEXAS AVE,,E TEXAS AVE,2022-10-01T00:00:00.000,740,HENDERSON,CLARK,CLARK,,
LVM211100119109,E FLAMINGO RD,,E FLAMINGO RD,SPENCER ST,SPENCER,SPENCER ST,2021-11-28T00:00:00.000,1710,LAS VEGAS,CLARK,CLARK,668436.5027,3998283.54399999
LVM190100045833,E DESERT INN RD,,E DESERT INN RD,S MARYLAND PKWY,,S MARYLAND PKWY,2019-01-10T00:00:00.000,826,LAS VEGAS,CLARK,CLARK,667529.285,3999946.798
FAPDTA22-0122,W WILLIAMS AVE,,W WILLIAMS AVE,S CARSON ST,,S CARSON ST,2022-11-22T00:00:00.000,1830,FALLON,CHURCHILL,CHURCHILL,,
LVM231000036984,S EASTERN AVE,,WARM SPRINGS RD,OTHER,E WARM SPRINGS RD,S EASTERN AVE,2023-10-11T00:00:00.000,1656,LAS VEGAS,CLARK,CLARK,669666.3074,3991898.3998
NLPD2301150000953,N REVERE ST,,REVERE ST,W TROPICAL,,TROPICAL PKWY,2023-01-15T00:00:00.000,1005,NORTH LAS VEGAS,CLARK,CLARK,665894.782499999,4015388.8548
LVM231100007151,LINQ LN,,LINQ LN,E FLAMINGO RD,,E FLAMINGO RD,2023-11-02T00:00:00.000,2339,LAS VEGAS,CLARK,CLARK,664893.5098,3998208.97919999
RPD21-5185,KIRMAN AVE,,KIRMAN AVE,E 2ND ST,,E 2ND ST,2021-03-26T00:00:00.000,1957,RENO,WASHOE,WASHOE,259477.5663,4379044.2892
NHP221001245,OTHER,IR15 SB,IR15S,OTHER,FLAMINGO ROAD SB ON RAMP,FLAMINGO RD TO IR15S INT38,2022-10-18T00:00:00.000,310,,CLARK,CLARK,663736.2948,3997744.27319999
LVM190700149424,S DECATUR BLVD,,S DECATUR BLVD,W UNIVERSITY AVE,,W UNIVERSITY AVE,2019-07-30T00:00:00.000,1500,LAS VEGAS,CLARK,CLARK,661290.622299999,3997632.1267
LVM230600122215,SPRING MOUNTAIN RD,,SPRING MOUNTAIN RD,OTHER,ARVILLE,ARVILLE ST,2023-06-26T00:00:00.000,2234,LAS VEGAS,CLARK,CLARK,662056.346499999,3999462.56
HP20-00919,E SUNSET RD,,E SUNSET RD,ANNIE OAKLEY DR,,ANNIE OAKLEY DR,2020-01-14T00:00:00.000,635,HENDERSON,CLARK,CLARK,672262.097199999,3993523.98579999
RPDRP23-5299,ODDIE BLVD,,ODDIE BLVD,MONTELLO ST,,MONTELLO ST,2023-03-06T00:00:00.000,526,RENO,WASHOE,WASHOE,259833.781399999,4381031.75929999
RPD19-14881,E 4TH ST,,E 4TH ST,EVANS AVE,,EVANS AVE,2019-07-29T00:00:00.000,943,RENO,WASHOE,WASHOE,258460.908499999,4379438.5931
LVM210300006574,W LAKE MEAD BLVD,,W LAKE MEAD BLVD,SPRINGFIELD ST,,SPRINGFIELD ST,2021-03-02T00:00:00.000,1202,LAS VEGAS,CLARK,CLARK,654111.582299999,4007719.22589999
LVM190900090630,OAKFORD ST,,OAKFORD ST,CARMICHAEL AVE,,CARMICHAEL AVE,2019-09-19T00:00:00.000,1752,LAS VEGAS,CLARK,CLARK,674016.7366,4004308.20439999
WWPD202300008880,FLORENCE WAY,,FLORENCE WAY,W WENDOVER BLVD,,W WENDOVER BLVD,2023-08-21T00:00:00.000,321,ELKO,ELKO,ELKO,748393.25,4513796.0
SPPD20-7928,ODDIE BL,,ODDIE BL,SULLIVAN LN,,SULLIVAN LN,2020-10-22T00:00:00.000,629,SPARKS,WASHOE,WASHOE,261861.1664,4380981.01659999
LVM221100024868,S LAS VEGAS BLVD,,S LAS VEGAS BLVD,FOUR SEASONS DR,,FOUR SEASONS DR,2022-11-07T00:00:00.000,1412,LAS VEGAS,CLARK,CLARK,664499.1473,3995449.1885
LVM231100013950,OTHER,BOULDER HWY,BOULDER HWY,OTHER,MAYORGA ST,MAYORGA ST,2023-11-04T00:00:00.000,2347,,CLARK,CLARK,672593.0053,3999921.43789999
LVM220900062126,E TWAIN AVE,,E TWAIN AVE,ROYAL CREST ST,,ROYAL CREST ST,2022-09-15T00:00:00.000,2253,LAS VEGAS,CLARK,CLARK,666579.309799999,3998980.17769999
LVM211000111979,E BONANZA RD,,E BONANZA RD,30TH ST,,30TH ST,2021-10-26T00:00:00.000,1834,LAS VEGAS,CLARK,CLARK,670255.075799999,4004872.59249999
LVM190200045498,WAYNE NEWTON LOOP,,WAYNE NEWTON LOOP,WAYNE NEWTON BLVD,,WAYNE NEWTON BLVD,2019-02-10T00:00:00.000,2246,LAS VEGAS,CLARK,CLARK,,
HP23-13083,SR582S,,BOULDER HWY SB,E GALLERIA DR,,W GALLERIA DR,2023-07-08T00:00:00.000,822,HENDERSON,CLARK,CLARK,678519.369599999,3993641.51339999
SPPD22-7626,HYMER AVE,,HYMER AVE,S 15TH ST,,S 15TH ST,2022-09-24T00:00:00.000,2125,SPARKS,WASHOE,WASHOE,262534.1551,4379282.5614
LVM210600072557,E SAHARA AVE,,E SAHARA AVE,COMMERCIAL CENTER DR,,COMMERCIAL CENTER DR,2021-06-16T00:00:00.000,1150,LAS VEGAS,CLARK,CLARK,667094.5136,4001521.50449999
NLPD2307010013202,ALIANTE PKWY,,ALIANTE PKWY,HORSE DR,,HORSE DR,2023-07-01T00:00:00.000,549,NORTH LAS VEGAS,CLARK,CLARK,662572.8552,4020203.22609999
LVM210700141046,E WYOMING AVE,,E WYOMING AVE,PALM ST,,PALM ST,2021-07-31T00:00:00.000,1646,LAS VEGAS,CLARK,CLARK,670835.704699999,4002452.01469999
RPD23-20788,S SIERRA ST,,S SIERRA ST,W LIBERTY ST,,W LIBERTY ST,2023-11-11T00:00:00.000,1019,RENO,WASHOE,WASHOE,258242.674899999,4378439.4845
RPD20-15921,TEXAS AVE,,TEXAS AVE,MARYLAND ST,,MARYLAND ST,2020-09-08T00:00:00.000,1646,RENO,WASHOE,WASHOE,253765.2663,4393848.60139999
NLPD190116001065,W WASHBURN RD,VALLEY,W WASHBURN RD,VALLEY DR,,VALLEY DR,2019-01-16T00:00:00.000,452,NORTH LAS VEGAS,CLARK,CLARK,661897.286299999,4013642.72409999
RPD22-106058,S VIRGINIA ST,,S VIRGINIA ST,,,,2022-07-01T00:00:00.000,630,RENO,WASHOE,WASHOE,,
RPD19-17736,ATLANTIS DW,,ATLANTIS DW,S VIRGINIA ST,,S VIRGINIA ST,2019-09-03T00:00:00.000,2020,RENO,WASHOE,WASHOE,259600.466699999,4374860.5214
RPDRP20-1822,E LIBERTY ST,,E LIBERTY ST,SINCLAIR ST,,SINCLAIR ST,2020-01-28T00:00:00.000,825,RENO,WASHOE,WASHOE,258572.2186,4378539.2752
NHP200301648,US395,,US395,OTHER,22DO,OTHER,2020-03-25T00:00:00.000,2035,,DOUGLAS,DOUGLAS,260943.939,4314688.62849999
LYSO22LY05261,OTHER,VALLEY CIRCLE,VALLEY CIR,NORTHGATE DRIVE,,NORTHGATE DR,2022-12-16T00:00:00.000,1208,,LYON,LYON,277140.536299999,4349748.92239999
LVM220900078839,N DURANGO DR,,N DURANGO DR,W DEER SPRINGS WAY,,W DEER SPRINGS WAY,2022-09-20T00:00:00.000,713,LAS VEGAS,CLARK,CLARK,653764.091799999,4016869.13959999
LVM200200077468,E DESERT INN RD,,E DESERT INN RD,TOPAZ ST,TOPAZ,TOPAZ ST,2020-02-16T00:00:00.000,1428,LAS VEGAS,CLARK,CLARK,669698.439399999,3999991.7891
HP22-10860,CEBOLLA ST,,CEBOLLA ST,WARM SPRINGS RD,,WARM SPRINGS RD,2022-06-04T00:00:00.000,1051,HENDERSON,CLARK,CLARK,674525.497299999,3991912.23929999
LVM191100007745,E CHARLESTON BLVD,,E CHARLESTON BLVD,LUCERNE ST,,LUCERNE ST,2019-11-02T00:00:00.000,1544,LAS VEGAS,CLARK,CLARK,673380.188599999,4003301.7005
DCSO23SO30643,WATERLOO LN,,WATERLOO LN,US395N,,US395N,2023-12-14T00:00:00.000,1459,GARDNERVILLE,DOUGLAS,DOUGLAS,262587.086699999,4313249.80389999
LVM201200067964,N JONES BLVD,,N JONES BLVD,W LAKE MEAD BLVD,,W LAKE MEAD BLVD,2020-12-16T00:00:00.000,1432,LAS VEGAS,CLARK,CLARK,659686.6441,4006998.56729999
CCSO23-6661,FAIRVIEW DR,,FAIRVIEW DR,GORDON ST,,GORDON ST,2023-10-23T00:00:00.000,630,CARSON CITY,CARSON CITY,CARSON CITY,264717.733199999,4340145.3385
NLPD2003220005517,E TROPICAL PKWY,,E TROPICAL PKWY,MT HOOD ST,,MT HOOD ST,2020-03-22T00:00:00.000,2151,,CLARK,CLARK,676604.934299999,4015619.72489999
LVM210700030792,W ALEXANDER RD,,W ALEXANDER RD,N HUALAPAI WAY,,N HUALAPAI WAY,2021-07-07T00:00:00.000,656,LAS VEGAS,CLARK,CLARK,651526.7971,4010979.2356
SPPD20-1859,SYCAMORE GLEN DR,,SYCAMORE GLEN DR,SUNNY SLOPE DR,,SUNNY SLOPE DR,2020-02-28T00:00:00.000,740,SPARKS,,,266386.833499999,4381663.63739999
RPD19-5095,TERMINAL WY,,TERMINAL WY,VILLANOVA DR,,VILLANOVA DR,2019-03-15T00:00:00.000,2009,RENO,WASHOE,WASHOE,261174.638399999,4376919.5447
LVM231100057496,N HUALAPAI WAY,,N HUALAPAI WAY,GOWAN RD,,GOWAN RD,2023-11-16T00:00:00.000,1525,LAS VEGAS,CLARK,CLARK,651388.521999999,4010292.72919999
LVM200200023688,E HARMON AVE,,E HARMON AVE,PARADISE RD,,PARADISE RD,2020-02-05T00:00:00.000,1938,LAS VEGAS,CLARK,CLARK,666334.900399999,3997505.9605
LVM221000039236,E BONANZA RD,,E BONANZA RD,OTHER,PECOS,PECOS RD,2022-10-24T00:00:00.000,1907,LAS VEGAS,CLARK,CLARK,671205.1725,4004869.74829999
HP20-19648,S EASTERN AVE,,S EASTERN AVE,W HORIZON RIDGE PKWY,,W HORIZON RIDGE PKWY,2020-11-07T00:00:00.000,1503,HENDERSON,CLARK,CLARK,670861.6084,3985487.6564
CCSO21-6469,JEWELL AVE,,JEWELL AVE,CORONET WAY,,CORONET WAY,2021-09-25T00:00:00.000,700,CARSON CITY,CARSON CITY,CARSON CITY,262063.1856,4337624.7323
LVM200600098878,N SHAUMBER RD,,N SHAUMBER RD,W CENTENNIAL PKWY,,W CENTENNIAL PKWY,2020-06-24T00:00:00.000,2030,LAS VEGAS,CLARK,CLARK,650090.394399999,4015992.2232
SPPD23-7411,PRATER WAY,,PRATER WAY,I ST,,I ST,2023-09-27T00:00:00.000,905,SPARKS,WASHOE,WASHOE,264740.0267,4380493.69439999
NHP190902115,IR580,IR580,IR580,OTHER,IR580/PLUMB LANE SB OFF RAMP,OTHER,2019-09-25T00:00:00.000,2017,RENO,WASHOE,WASHOE,260871.374699999,4376363.69879999
LVM200200107091,E RENO AVE,,E RENO AVE,S LAS VEGAS BLVD,,S LAS VEGAS BLVD,2020-02-22T00:00:00.000,1803,LAS VEGAS,CLARK,CLARK,664479.595099999,3996290.20759999
RPD23-16068,TALUS WAY,,TALUS WAY,LISA CT,,LISA CT,2023-09-03T00:00:00.000,2132,RENO,WASHOE,WASHOE,256985.6495,4382913.02019999
NHP220800146,US50E,,US50E,OTHER,AFFONSO,Mile Post 2,2022-08-03T00:00:00.000,750,DAYTON,LYON,LYON,271589.535099999,4344595.0899
LVM230100077462,SIERRA VISTA DR,,PARADISE RD,PARADISE RD,,SIERRA VISTA DR,2023-01-19T00:00:00.000,2053,LAS VEGAS,CLARK,CLARK,666034.954699999,3999589.2857
RPD21-13237,W LIBERTY ST,,W LIBERTY ST,HILL ST,,HILL ST,2021-07-23T00:00:00.000,1157,RENO,WASHOE,WASHOE,258120.1078,4378408.55309999
NLPD1911140022928,JUNE AVE,,JUNE AVE,N MARTIN L KING BLVD,,N MARTIN L KING BLVD,2019-11-14T00:00:00.000,2010,NORTH LAS VEGAS,CLARK,CLARK,665320.040599999,4008658.2937
LVM211100032418,N DECATUR BLVD,,N DECATUR BLVD,W WASHINGTON AVE,,W WASHINGTON AVE,2021-11-08T00:00:00.000,1741,LAS VEGAS,CLARK,CLARK,661330.476999999,4005510.17329999
NLPD2203300005747,E CENTENNIAL PKWY,,E CENTENNIAL PKWY,LOSEE RD,,LOSEE RD,2022-03-30T00:00:00.000,1556,NORTH LAS VEGAS,CLARK,CLARK,668886.3073,4016241.11969999
LVM210900113524,E BONANZA DR,,E BONANZA DR,LAS VEGAS BLVD,LAS VEGAS BLVD,LAS VEGAS BLVD,2021-09-26T00:00:00.000,2324,LAS VEGAS,CLARK,CLARK,667240.325,4004344.31359999
WASO21-124,INDIAN LN,,INDIAN LN,ESTATES RD,,ESTATES RD,2021-01-09T00:00:00.000,1806,RENO,WASHOE,WASHOE,257495.268199999,4388799.01429999
SPPD21-3127,PYRAMID WAY,,PYRAMID WAY,HOLMAN WY,,HOLMAN WY,2021-04-19T00:00:00.000,1553,SPARKS,WASHOE,WASHOE,263481.5196,4381444.43319999
LVM220600053777,BALZAR AVE,,BALZAR AVE,N MARTIN L KING BLVD,,N MARTIN L KING BLVD,2022-06-14T00:00:00.000,1905,LAS VEGAS,CLARK,CLARK,665363.479199999,4007629.64039999
SPPD21-10873,GLENDALE AVE,,GLENDALE AVE,S 21ST ST,,S 21ST ST,2021-12-23T00:00:00.000,1719,SPARKS,WASHOE,WASHOE,261706.0953,4379006.54199999
WNPD19-0478,W WINNEMUCCA BLVD,,W WINNEMUCCA BLVD,HANSON ST,,HANSON ST,2019-05-21T00:00:00.000,914,WINNEMUCCA,,,437644.174899999,4535528.20299999
LVM210700096862,N DECATUR BLVD,,N DECATUR BLVD,US95N TO DECATUR BLVD INT79,,US95N TO DECATUR BLVD INT79,2021-07-21T00:00:00.000,2046,LAS VEGAS,CLARK,CLARK,661346.804499999,4004721.15719999
LVM221200110653,4TH ST,,4TH ST,FREMONT ST,,FREMONT ST,2022-12-28T00:00:00.000,1940,LAS VEGAS,CLARK,CLARK,667125.767799999,4004372.47619999
NHP210700367,SPEEDWAY BLVD,SPEEDWAY,FRCL59,N HOLLYWOOD BLVD,HOLLYWOOD,HOLLYWOOD BLVD,2021-07-05T00:00:00.000,700,,CLARK,CLARK,677349.9071,4017022.28289999
NHP221200219,E 2ND AVE,,E 2ND AVE,SUN VALLEY BLVD,E 2ND AVE,SUN VALLEY BLVD,2022-12-03T00:00:00.000,2321,SUN VALLEY,WASHOE,WASHOE,261215.0842,4385051.83599999
LVM200700083750,E FLAMINGO RD,,E FLAMINGO RD,HOSPITALITY CIR,,HOSPITALITY CIR,2020-07-19T00:00:00.000,2143,LAS VEGAS,CLARK,CLARK,665874.014,3998201.4064
LVM201000048416,S MARYLAND PKWY,,S MARYLAND PKWY,E FLAMINGO RD,,E FLAMINGO RD,2020-10-11T00:00:00.000,1820,,CLARK,CLARK,667596.932099999,3998275.21309999
LVM200400096239,N DECATUR BLVD,,N DECATUR BLVD,VEGAS DR,,VEGAS DR,2020-04-20T00:00:00.000,1459,LAS VEGAS,CLARK,CLARK,661299.390499999,4006313.43239999
LVM220300007292,E MESQUITE AVE,,E MESQUITE AVE,N MARYLAND PKWY,,N MARYLAND PKWY,2022-03-02T00:00:00.000,1556,LAS VEGAS,CLARK,CLARK,668139.4577,4004528.2783
LVM200600089324,LINDELL RD,,LINDELL RD,LA COSTA CANYON CT,,LA COSTA CANYON CT,2020-06-22T00:00:00.000,1706,LAS VEGAS,CLARK,CLARK,660662.5568,3988780.2869
NLPD1903140005380,E CHEYENNE AVE,,E CHEYENNE AVE,CIVIC CENTER DR,,CIVIC CENTER DR,2019-03-14T00:00:00.000,2009,NORTH LAS VEGAS,CLARK,CLARK,669034.773299999,4009732.3362
LVM210900074103,E TROPICANA AVE,,E TROPICANA AVE,OTHER,ROLLINGWOOD CIR,OTHER,2021-09-17T00:00:00.000,1831,LAS VEGAS,CLARK,CLARK,672137.2932,3996750.4545
ELPD2021-6316,SILVER ST,,SILVER ST,3RD ST,,3RD ST,2021-04-03T00:00:00.000,5,ELKO,ELKO,ELKO,604311.0771,4520581.27109999
CHSOC20-06977(1),ROBERSON LN,,ROBERSON LN,ZEPHYR LN,,ZEPHYR LN,2020-12-03T00:00:00.000,1759,FALLON,CHURCHILL,CHURCHILL,338718.9493,4373450.1783
LVM201100129146,S VALLEY VIEW BLVD,,S VALLEY VIEW BLVD,SIRIUS AVE,,SIRIUS AVE,2020-11-30T00:00:00.000,1517,LAS VEGAS,CLARK,CLARK,662829.281,4000305.0795
LVM201100015875,BOULDER HWY,,BOULDER HWY,S SANDHILL RD,,S SANDHILL RD,2020-11-04T00:00:00.000,1900,,CLARK,CLARK,671528.850899999,4000997.6826
LVM220800059340,WHITE GATE LN,,WHITE GATE LN,PEACE WAY,,PEACE WAY,2022-08-15T00:00:00.000,841,,CLARK,CLARK,652779.4406,3997211.93759999
LVM210800025818,E LAKE MEAD BLVD,,E LAKE MEAD BLVD,N HOLLYWOOD BLVD,,N HOLLYWOOD BLVD,2021-08-07T00:00:00.000,135,LAS VEGAS,CLARK,CLARK,678997.0096,4007838.4736
NLPD2307290015144,CIVIC CENTER DR,,CIVIC CENTER DR,E LAKE MEAD BLVD,,E LAKE MEAD BLVD,2023-07-29T00:00:00.000,1052,NORTH LAS VEGAS,CLARK,CLARK,669359.296799999,4007316.7146
LVM190900142424,S LAS VEGAS BLVD,,S LAS VEGAS BLVD,E WYOMING AVE,,E WYOMING AVE,2019-09-30T00:00:00.000,408,LAS VEGAS,CLARK,CLARK,666317.104199999,4002511.5996
RPD22-8794,WEDEKIND RD,,WEDEKIND RD,LUND LN,,LUND LN,2022-05-12T00:00:00.000,2130,RENO,WASHOE,WASHOE,261076.131199999,4381795.10649999
LVM230800097423,N NELLIS BLVD,,SR612,STEWART AVE,,STEWART AVE,2023-08-28T00:00:00.000,754,,CLARK,CLARK,674299.788399999,4004238.32069999
NHP230601620,IR580,,IR580S,FAIRVIEW DR,,FAIRVIEW DR,2023-06-23T00:00:00.000,1940,CARSON CITY,CARSON CITY,CARSON CITY,262662.573099999,4336720.3076
LVM190900100962,W CHARLESTON BLVD,,W CHARLESTON BLVD,S RANCHO DR,,S RANCHO DR,2019-09-21T00:00:00.000,1648,LAS VEGAS,CLARK,CLARK,664380.375199999,4003117.15479999
LVM230600037100,S VALLEY VIEW BLVD,,S VALLEY VIEW BLVD,PENNWOOD AVE,,PENNWOOD AVE,2023-06-08T00:00:00.000,1929,LAS VEGAS,CLARK,CLARK,662805.6347,4000771.85869999
LVM220400070233,S 4TH ST,,S 4TH ST,E BONNEVILLE AVE,,E BONNEVILLE AVE,2022-04-17T00:00:00.000,517,LAS VEGAS,CLARK,CLARK,666764.9084,4003659.73139999
NHP231200999,SPARKS BLVD,,SPARKS BLVD,BARING BLVD,,BARING BLVD,2023-12-14T16:00:00.000,1907,SPARKS,WASHOE,WASHOE,265939.4696,4382221.0566
LVM221100012961,E TROPICANA AVE,,E TROPICANA AVE,KOVAL LN,,KOVAL LN,2022-11-04T00:00:00.000,814,LAS VEGAS,CLARK,CLARK,665294.5684,3996697.0
LVM191000137854,E HARMON AVE,,E HARMON AVE,KOVAL LN,,KOVAL LN,2019-10-29T00:00:00.000,1651,LAS VEGAS,CLARK,CLARK,665262.934799999,3997490.2203
NLPD21030200000006,BROADWING DR,,BROADWING DR,,,,2021-03-02T00:00:00.000,14,NORTH LAS VEGAS,CLARK,CLARK,,
LVM190100127367,W WIGWAM AVE,,W WIGWAM AVE,S JONES BLVD,,S JONES BLVD,2019-01-27T00:00:00.000,1920,LAS VEGAS,CLARK,CLARK,659849.069899999,3989279.388
LVM200500112879,E SAHARA AVE,,E SAHARA AVE,ABARTH ST,,ABARTH ST,2020-05-23T00:00:00.000,1426,LAS VEGAS,CLARK,CLARK,675063.3765,4001919.8945
LVM190100042579,E DESERT INN RD,,E DESERT INN RD,S EASTERN AVE,,S EASTERN AVE,2019-01-09T00:00:00.000,1605,LAS VEGAS,CLARK,CLARK,669357.958999999,3999988.5446
LVM200700114228,S MARYLAND PKWY,,S MARYLAND PKWY,VEGAS VALLEY DR,,VEGAS VALLEY DR,2020-07-26T00:00:00.000,2027,LAS VEGAS,CLARK,CLARK,667637.8777,4000712.72859999
LVM231100033684,N 28TH ST,,SR159,CHARLESTON BLVD,,N 28TH ST,2023-11-09T16:00:00.000,1800,LAS VEGAS,CLARK,CLARK,669927.317699999,4003217.95409999
LVM230800089684,E FREMONT ST,,FREMONT ST,OTHER,14TH ST,N 14TH ST,2023-08-25T00:00:00.000,2248,LAS VEGAS,CLARK,CLARK,668159.007,4003851.00219999
LVM230800070923,WAYNE NEWTON BLVD,,WAYNE NEWTON BLVD,KITTY HAWK WAY,,KITTY HAWK WAY,2023-08-20T00:00:00.000,1234,LAS VEGAS,CLARK,CLARK,666887.280299999,3995249.09469999
RPD20-1009,SIERRA HIGHLANDS DR,,SIERRA HIGHLANDS DR,N MCCARRAN BLVD,,N MCCARRAN BLVD,2020-01-15T00:00:00.000,2037,RENO,WASHOE,WASHOE,253895.4018,4379257.00689999
LVM191100026387,CLIFF SHADOWS PKWY,,CLIFF SHADOWS PKWY,W ALEXANDER RD,,W ALEXANDER RD,2019-11-06T00:00:00.000,1443,LAS VEGAS,CLARK,CLARK,649997.507,4011020.84799999
NLPD2001110000697,CANDLECREEK LN,,CANDLECREEK LN,NEWBURG AVE,,NEWBURG AVE,2020-01-11T00:00:00.000,1656,NORTH LAS VEGAS,CLARK,CLARK,667109.500199999,4011884.1106
LVM210100116515,KAREN AVE,,KAREN AVE,S MARYLAND PKWY,,S MARYLAND PKWY,2021-01-26T00:00:00.000,1440,LAS VEGAS,CLARK,CLARK,667629.739199999,4001165.80599999
NLPD2105260008840,W ALEXANDER RD,,W ALEXANDER RD,N MARTIN L KING BLVD,,N MARTIN L KING BLVD,2021-05-26T00:00:00.000,2040,NORTH LAS VEGAS,CLARK,CLARK,665177.3425,4011248.5581
LVM210100039705,KAREN AVE,,KAREN AVE,S MARYLAND PKWY,,S MARYLAND PKWY,2021-01-09T00:00:00.000,945,LAS VEGAS,CLARK,CLARK,667629.739199999,4001165.80599999
LVM190900090983,TREE LINE DR,,TREE LINE DR,AMERICAN BEAUTY AVE,,AMERICAN BEAUTY AVE,2019-09-19T00:00:00.000,1919,LAS VEGAS,CLARK,CLARK,676803.1239,4002540.4328
NLPD2309090018113,E LAKE MEAD BLVD,,LAKE MEAD BLVD,HOOVER SR,,HOOVER ST,2023-09-09T00:00:00.000,1747,NORTH LAS VEGAS,CLARK,CLARK,668361.390499999,4007286.39949999
NHP230201189,SR443,,SR443,OTHER,FIFTH AVE,5TH AVE,2023-02-17T00:00:00.000,1644,,WASHOE,WASHOE,261230.224399999,4386245.7071
SPPD23-9460,VICTORIAN AVE,,SR445,PYRAMID WAY,,VICTORIAN AVE,2023-12-06T00:00:00.000,2350,SPARKS,WASHOE,WASHOE,263405.2959,4379750.47969999
RPD23-12356,N SIERRA ST,,N SIERRA ST,PUTNAM DR,,PUTNAM DR,2023-07-14T00:00:00.000,2056,RENO,WASHOE,WASHOE,257561.842,4381014.9941
LVM201100066313,E ROCHELLE AVE,,E ROCHELLE AVE,KOVAL LN,,KOVAL LN,2020-11-16T00:00:00.000,839,,CLARK,CLARK,665389.4687,3997877.8219
SPPD22-5504,WILLIAM MORBY DR,,WILLIAM MORBY DR,E YORK WAY,,E YORK WAY,2022-07-13T00:00:00.000,1820,SPARKS,WASHOE,WASHOE,265567.5202,4381762.61859999
NHP200601586,SR445,,SR445,DAVID JAMES BLVD,DAVID JAMES BOULEVARD,DAVID JAMES BLVD,2020-06-27T00:00:00.000,2113,,WASHOE,WASHOE,266529.1857,4389990.62189999
LVM220100099987,S PECOS RD,,S PECOS RD,E TOMPKINS AVE,,E TOMPKINS AVE,2022-01-25T00:00:00.000,1821,LAS VEGAS,CLARK,CLARK,670949.988599999,3997130.4922
HP21-16687,DONNER PASS DR,,DONNER PASS DR,W WARM SPRINGS RD,,W WARM SPRINGS RD,2021-09-10T00:00:00.000,737,HENDERSON,CLARK,CLARK,,
LVM230100019119,HARRISON AVE,,HARRISON AVE,B ST,,B ST,2023-01-05T00:00:00.000,1537,LAS VEGAS,CLARK,CLARK,666870.689399999,4006430.66559999
HP23-17737,E MISSION DR,,E MISSION DR,BAYBERRY COVE ST,,BAYBERRY COVE ST,2023-09-08T00:00:00.000,2128,HENDERSON,CLARK,CLARK,683180.532599999,3985651.9887
RPD22-19812,E PLAZA ST,,E PLAZA ST,LAKE ST,,LAKE ST,2022-10-21T00:00:00.000,1351,RENO,WASHOE,WASHOE,258372.523199999,4379296.91719999
LVM201200082903,E CRAIG RD,,E CRAIG RD,PUEBLA ST,,PUEBLA ST,2020-12-19T00:00:00.000,2210,,CLARK,CLARK,673374.557,4012334.92009999
NHP210102045,US50,,US50,OTHER,1DO,OTHER,2021-01-31T00:00:00.000,2313,,DOUGLAS,DOUGLAS,245684.440499999,4318084.9528
RPD22-15565,N VIRGINIA ST,,N VIRGINIA ST,15TH ST,,15TH ST,2022-08-20T00:00:00.000,1938,RENO,WASHOE,WASHOE,,
NHP190302098,OTHER,US95/CHEYENNE AVE SB OFF RAMP,OTHER,OTHER,CHEYENNE AVE,OTHER,2019-03-27T00:00:00.000,1745,RENO,CLARK,CLARK,657456.5,4009577.0
SPPD22-2472,VISTA BLVD,,VISTA BLVD,SALOMON CIR,,SALOMON CIR,2022-03-29T00:00:00.000,1458,SPARKS,WASHOE,WASHOE,267843.4493,4378903.79659999
HP22-04352,E PARADISE HILLS DR,,E PARADISE HILLS DR,SKYLINE RD,,SKYLINE RD,2022-03-07T00:00:00.000,1719,HENDERSON,CLARK,CLARK,681993.834699999,3984821.4513
HP23-17742,SR582N,,BOULDER HWY NB,WARM SPRINGS RD,,WARM SPRINGS RD,2023-09-08T00:00:00.000,2249,HENDERSON,CLARK,CLARK,680681.6627,3991416.2749
LVM201100119260,W OAKEY BLVD,,W OAKEY BLVD,S RANCHO DR,,S RANCHO DR,2020-11-28T00:00:00.000,731,LAS VEGAS,CLARK,CLARK,664538.035299999,4002306.8089
NLPD2301310002107,DAVIS PL,,DAVIS PL,,,,2023-01-30T00:00:00.000,2000,NORTH LAS VEGAS,CLARK,CLARK,,
RPD20-1862,S VIRGINIA ST,,S VIRGINIA ST,S MCCARRAN BLVD,,S MCCARRAN BLVD,2020-01-28T00:00:00.000,1820,RENO,WASHOE,WASHOE,260153.4446,4373271.5228
RPD23-17714,SUTRO ST,,SUTRO ST,ODDIE BLVD,,ODDIE BLVD,2023-09-27T00:00:00.000,1046,RENO,WASHOE,WASHOE,259516.6983,4381036.6611
LVM230900086216,E DESERT INN RD,,E DESERT INN RD,S SANDHILL RD,,S SANDHILL RD,2023-09-25T00:00:00.000,754,LAS VEGAS,CLARK,CLARK,671966.888399999,4000015.0808
LVM220800055210,S VALLEY VIEW BLVD,,S VALLEY VIEW BLVD,W TWAIN AVE,,W TWAIN AVE,2022-08-14T00:00:00.000,532,LAS VEGAS,CLARK,CLARK,662872.148699999,3999081.47509999
LVM220300018369,E FLAMINGO RD,,E FLAMINGO RD,S LAS VEGAS BLVD,,S LAS VEGAS BLVD,2022-03-05T00:00:00.000,515,LAS VEGAS,CLARK,CLARK,664533.933899999,3998216.22169999
LVM230500027886,E FLAMINGO RD,,SR592,OTHER,UNIVERSITY CENTER,UNIVERSITY CENTER DR,2023-05-06T00:00:00.000,1809,LAS VEGAS,CLARK,CLARK,666829.417999999,3998260.7659
HP19-30212,N ARROYO GRANDE BLVD,,N ARROYO GRANDE BLVD,DESERT DAWN LN,,DESERT DAWN LN,2019-11-14T00:00:00.000,1841,HENDERSON,CLARK,CLARK,675068.299599999,3989098.7487
LVM210700081342,SPRING MOUNTAIN RD,,SPRING MOUNTAIN RD,WYNN RD,,WYNN RD,2021-07-18T00:00:00.000,631,LAS VEGAS,CLARK,CLARK,662330.610999999,3999474.00029999
SPPD22-2914,18TH ST,,18TH ST,F ST,,F ST,2022-04-14T00:00:00.000,221,SPARKS,WASHOE,WASHOE,262203.549599999,4380237.03669999
LVM220700120556,W CHARLESTON BLVD,,W CHARLESTON BLVD,ESSEX EAST DR,,ESSEX EAST DR,2022-07-29T17:00:00.000,2140,LAS VEGAS,CLARK,CLARK,661712.4682,4003087.33339999
LVM231100105801,S MARYLAND PKWY,,S MARYLAND PKWY,E TROPICANA AVE,,E TROPICANA AVE,2023-11-30T00:00:00.000,1501,LAS VEGAS,CLARK,CLARK,667713.355,3996686.87429999
LVM210400078292,STEWART AVE,,STEWART AVE,N 23RD ST,,N 23RD ST,2021-04-18T00:00:00.000,302,LAS VEGAS,CLARK,CLARK,669253.1271,4004061.39929999
RPD23-16526,MILITARY RD,,MILITARY RD,THOLL DR,,THOLL DR,2023-09-09T00:00:00.000,2108,RENO,WASHOE,WASHOE,255109.2696,4390741.50879999
NLPD2205060008321,CIVIC CENTER DR,,CIVIC CENTER DR,E BROOKS AVE,,E BROOKS AVE,2022-05-06T00:00:00.000,2241,NORTH LAS VEGAS,CLARK,CLARK,668907.6149,4009331.5974
FAPDTA21-0021,W WILLIAMS AVE,,W WILLIAMS AVE,N ADA ST,,N ADA ST,2021-02-24T00:00:00.000,1848,FALLON,CHURCHILL,CHURCHILL,346876.137299999,4370983.82179999
NLPD1910200021226,E LAKE MEAD BLVD,,E LAKE MEAD BLVD,N LAS VEGAS BLVD,,N LAS VEGAS BLVD,2019-10-20T00:00:00.000,2100,NORTH LAS VEGAS,CLARK,CLARK,668245.604799999,4007285.3026
LVM201200089371,S MARYLAND PKWY,,S MARYLAND PKWY,E FLAMINGO RD,,E FLAMINGO RD,2020-12-21T00:00:00.000,1411,LAS VEGAS,CLARK,CLARK,667601.223199999,3998418.1357
ELPD2021-00707,SPRUCE RD,,SPRUCE RD,MITTRY AVE,,MITTRY AVE,2021-01-11T00:00:00.000,801,ELKO,ELKO,ELKO,603146.833999999,4522462.7168
NHP210300605,IR15 S TO SR593,IR15 S TO W FLAMINGO,IR15 S TO SR593,SR593,,SR593,2021-03-10T00:00:00.000,1315,,CLARK,CLARK,664097.309899999,3996666.73359999
NLPD2103280005182,REVERE ST,,REVERE ST,ROSSMOYNE AVE,,ROSSMOYNE AVE,2021-03-28T00:00:00.000,42,NORTH LAS VEGAS,CLARK,CLARK,,
RPD22-21002,W LIBERTY ST,,W LIBERTY ST,S VIRGINIA ST,,S VIRGINIA ST,2022-11-09T00:00:00.000,1133,RENO,WASHOE,WASHOE,258283.2854,4378449.7331
LVM230600106926,N EASTERN AVE,,N EASTERN AVE,HINKLE DR,,HINKLE DR,2023-06-23T00:00:00.000,1439,LAS VEGAS,CLARK,CLARK,669400.6117,4006297.20989999
LVM190700141121,E LAKE MEAD BLVD,,E LAKE MEAD BLVD,MT RAINIER AVE,,MT RAINIER AVE,2019-07-28T00:00:00.000,2312,LAS VEGAS,CLARK,CLARK,676305.4642,4007476.72059999
RPD19-19746,MONTELLO ST,,MONTELLO ST,ODDIE BLVD,,ODDIE BLVD,2019-10-01T00:00:00.000,812,RENO,WASHOE,WASHOE,259833.781399999,4381031.75929999
LVM190900059906,W ARBY AVE,,W ARBY AVE,OTHER,S HIGHLAND PONY ST,HIGHLAND PONY ST,2019-09-13T00:00:00.000,715,LAS VEGAS,CLARK,CLARK,,
LVM231100040111,W FLAMINGO RD,,W FLAMINGO RD,S TENAYA WAY,,S TENAYA WAY,2023-11-11T16:00:00.000,1046,LAS VEGAS,CLARK,CLARK,657328.467299999,3998068.82059999
LVM230200111743,S LAMB BLVD,,LAMB BLVD,CHARLESTON BLVD,,SR159,2023-02-27T00:00:00.000,2023,LAS VEGAS,CLARK,CLARK,672689.352699999,4003288.8651
LVM231200013190,S DECATUR BLVD,,S DECATUR BLVD,W UNIVERSITY AVE,,W UNIVERSITY AVE,2023-12-04T00:00:00.000,2218,LAS VEGAS,CLARK,CLARK,661290.622299999,3997632.1267
RPD21-2161,E 6TH ST,,E 6TH ST,SPOKANE ST,,SPOKANE ST,2021-02-05T00:00:00.000,1830,RENO,WASHOE,WASHOE,259307.710799999,4379861.3758
LVM220500101697,BALLINGER DR,,BALLINGER DR,S SLOAN LN,,S SLOAN LN,2022-05-25T00:00:00.000,1234,LAS VEGAS,CLARK,CLARK,675663.323099999,4002375.0537
NHP210501319,OTHER,IR80 EB SPARKS BLVD OFF RAMP,IR80E TO FRWA53 INT20,OTHER,SPARKS BLVD,FRWA53,2021-05-19T00:00:00.000,32,,WASHOE,WASHOE,266484.963399999,4378904.16269999
LVM220100031185,S DECATUR BLVD,,S DECATUR BLVD,HAYES PL,,HAYES PL,2022-01-08T00:00:00.000,1252,LAS VEGAS,CLARK,CLARK,661368.4276,4003703.71
RPD20-6715,MOYA BLVD,,MOYA BLVD,RED BARON BLVD,,RED BARON BLVD,2020-04-17T00:00:00.000,1533,RENO,WASHOE,WASHOE,251392.3969,4391663.3749
LVM190700015657,S RAINBOW BLVD,,S RAINBOW BLVD,W WINDMILL LN,,W WINDMILL LN,2019-07-03T00:00:00.000,2319,LAS VEGAS,CLARK,CLARK,658243.0405,3989952.13179999
LVM230600088437,S RAINBOW BLVD,,SR595,SPRING MOUNTAIN RD,,SPRING MOUNTAIN RD,2023-06-19T00:00:00.000,1624,LAS VEGAS,CLARK,CLARK,658112.112099999,3999322.70289999
LVM200400076036,S MARYLAND PKWY,,S MARYLAND PKWY,E DESERT INN RD,,E DESERT INN RD,2020-04-16T00:00:00.000,1303,LAS VEGAS,CLARK,CLARK,667647.707399999,4000150.6403
LVM210100054791,E SAHARA AVE,,E SAHARA AVE,PARADISE RD,,PARADISE RD,2021-02-13T00:00:00.000,139,LAS VEGAS,CLARK,CLARK,666080.4616,4001458.4757
RPDRP23-7120,N SIERRA ST,,N SIERRA ST,W 3RD ST,,W 3RD ST,2023-04-23T00:00:00.000,2215,RENO,WASHOE,WASHOE,258037.7092,4379196.86119999
LVM190100124012,E FLAMINGO RD,,E FLAMINGO RD,KOVAL LN,,KOVAL LN,2019-01-27T00:00:00.000,2334,LAS VEGAS,CLARK,CLARK,665358.6993,3998208.53879999
LVM210100027790,BERMUDA RD,,BERMUDA RD,HIDDEN WELL RD,,HIDDEN WELL RD,2021-01-06T00:00:00.000,1745,,CLARK,CLARK,666201.899199999,3992753.38389999
NHP220300593,RENO HWY,US50,US50,OTHER,MM CH 18,MM CH 18,2022-03-09T00:00:00.000,458,,CHURCHILL,CHURCHILL,342863.580599999,4371961.3451
NHP190302209,OTHER,IR15,OTHER,OTHER,MILE MARKER 27,OTHER,2019-03-28T00:00:00.000,2254,,CLARK,CLARK,663910.924999999,3979663.843
LVM211200070932,E FLAMINGO RD,,E FLAMINGO RD,OTHER,SHEPPARD DR,OTHER,2021-12-17T00:00:00.000,2101,LAS VEGAS,CLARK,CLARK,673854.563799999,3998425.2026
LVM230400085268,S MARYLAND PKWY,,S MARYLAND PKWY,UNIVERSITY RD,,UNIVERSITY RD,2023-04-19T00:00:00.000,1308,,CLARK,CLARK,667681.6529,3997139.187
LVM221000050536,W ALEXANDER RD,,W ALEXANDER RD,THOM BLVD,,THOM BLVD,2022-10-13T00:00:00.000,1432,LAS VEGAS,CLARK,CLARK,660663.9307,4011130.4666
HP23-04047,SUNRIDGE HEIGHTS PKWY,,SUNRIDGE HEIGHTS PKWY,JEFFREYS ST,,JEFFREYS ST,2023-03-02T00:00:00.000,813,HENDERSON,CLARK,CLARK,669595.650999999,3984658.2683
FAPDTA22-0006,W CENTER ST,,W CENTER ST,S TAYLOR ST,,US95N,2022-01-09T00:00:00.000,2210,FALLON,CHURCHILL,CHURCHILL,346760.6819,4370784.1129
LVM220600104923,W ANN RD,,W ANN RD,DREXEL RD,,DREXEL RD,2022-06-27T00:00:00.000,1253,LAS VEGAS,CLARK,CLARK,657256.7399,4014552.71639999
LVM211000061220,HILLPOINTE RD,,HILLPOINTE RD,BROADLEAF DR,,BROADLEAF DR,2021-10-15T00:00:00.000,756,LAS VEGAS,CLARK,CLARK,653058.297899999,4007299.95399999
LVM210700088808,SANDS AVE,,SANDS AVE,KOVAL LN,,KOVAL LN,2021-07-20T00:00:00.000,22,LAS VEGAS,CLARK,CLARK,665197.390599999,3999081.02749999
RPD21-16386,4TH ST,,4TH ST,SUTRO ST,,SUTRO ST,2021-09-04T00:00:00.000,227,RENO,WASHOE,WASHOE,259534.087799999,4379666.56259999
LVM191100026582,W OAKEY BLVD,,W OAKEY BLVD,WESTWIND RD,,WESTWIND RD,2019-11-06T00:00:00.000,1526,LAS VEGAS,CLARK,CLARK,660217.021499999,4002250.4392
LVM191200019196,W OWENS AVE,,W OWENS AVE,H ST,,H ST,2019-12-04T00:00:00.000,2124,LAS VEGAS,CLARK,CLARK,666184.2828,4006429.5752
LVM200100012280,WAYNE NEWTON BLVD,,WAYNE NEWTON BLVD,KITTY HAWK WAY,,KITTY HAWK WAY,2020-01-03T00:00:00.000,1121,LAS VEGAS,CLARK,CLARK,666577.456899999,3994949.54419999
NLPD2211110021558,E CRAIG RD,,E CRAIG RD,OTHER,PECOS RD.,OTHER,2022-11-11T00:00:00.000,750,NORTH LAS VEGAS,CLARK,CLARK,,
WASO21-2659,LAKESHORE BLVD,,LAKESHORE BLVD,COUNTRY CLUB DR,,COUNTRY CLUB DR,2021-06-07T00:00:00.000,1100,,WASHOE,WASHOE,245992.483799999,4347455.64959999
LVM200900083304,N LAS VEGAS BLVD,,N LAS VEGAS BLVD,N LAMB BLVD,,N LAMB BLVD,2020-09-19T00:00:00.000,233,,CLARK,CLARK,672551.0103,4010654.83129999
RPD19-18175,KIETZKE LN,,KIETZKE LN,GALLETTI WY,,GALLETTI WY,2019-09-09T00:00:00.000,1557,RENO,WASHOE,WASHOE,261025.822499999,4379480.8802
LVM231000006841,N MAIN ST,,N MAIN ST,BONANZA RD,,SR579,2023-10-02T17:00:00.000,556,LAS VEGAS,CLARK,CLARK,666980.7729,4005115.8857
LVM200500148763,S RAINBOW BLVD,,S RAINBOW BLVD,W TROPICANA AVE,,W TROPICANA AVE,2020-05-31T00:00:00.000,134,LAS VEGAS,CLARK,CLARK,658156.0743,3996432.3515
RPD21-15091,N VIRGINIA ST,,N VIRGINIA ST,E 5TH ST,,E 5TH ST,2021-08-16T00:00:00.000,1837,RENO,WASHOE,WASHOE,258093.296,4379493.67229999
LVM210100042386,W FLAMINGO RD,,W FLAMINGO RD,S RAINBOW BLVD,,S RAINBOW BLVD,2021-01-09T00:00:00.000,2310,,CLARK,CLARK,658081.870299999,3998077.1345
LVM210200099391,N TENAYA WAY,,N TENAYA WAY,OLD MISSION DR,,OLD MISSION DR,2021-02-22T00:00:00.000,1833,LAS VEGAS,CLARK,CLARK,657233.610299999,4006835.10759999
LVM220500018574,S LAS VEGAS BLVD,,S LAS VEGAS BLVD,OTHER,E PALAZZO DR,OTHER,2022-05-05T00:00:00.000,1303,LAS VEGAS,CLARK,CLARK,667246.3901,4004356.3023
RPD22-2259,KIETZKE LN,,KIETZKE LN,GENTRY WAY,,GENTRY WAY,2022-02-03T00:00:00.000,2123,RENO,WASHOE,WASHOE,260173.419999999,4375646.07059999
NHP221201917,N VIRGINIA ST,,N VIRGINIA ST,MORAINE WAY,MORAINE WAY,MORAINE WAY,2022-12-26T00:00:00.000,52,,WASHOE,WASHOE,257159.4702,4382493.88819999
SPPD21-1953,12TH ST,,12TH ST,PRATER WY,,PRATER WY,2021-03-11T00:00:00.000,2137,SPARKS,WASHOE,WASHOE,262982.235799999,4380259.6513
LVM230400013847,OTHER,W CHARLESTON BLVD,W CHARLESTON BLVD,OTHER,S CIMARRON RD,S CIMARRON RD,2023-04-04T00:00:00.000,721,LAS VEGAS,CLARK,CLARK,655571.9807,4002981.9482
LVM190600001981,N EASTERN AVE,,N EASTERN AVE,SUNRISE AVE,,SUNRISE AVE,2019-06-01T00:00:00.000,1140,LAS VEGAS,CLARK,CLARK,669464.204599999,4003582.85359999
SPPD23-1865,E PRATER WAY,,PRATER WAY,SHRIVER BLVD,,SHRIVER BLVD,2023-03-11T00:00:00.000,1953,SPARKS,WASHOE,WASHOE,264081.495,4380493.46539999
LVM220600024260,S EASTERN AVE,,S EASTERN AVE,E WINDMILL LN,,E WINDMILL LN,2022-06-07T00:00:00.000,710,,CLARK,CLARK,669516.709699999,3990281.6457
RPD21-18020,E 4TH ST,,E 4TH ST,THRELKEL ST,,THRELKEL ST,2021-09-25T00:00:00.000,722,RENO,WASHOE,WASHOE,260214.6555,4379734.45399999
LVM211100115581,W TROPICANA AVE,,W TROPICANA AVE,S DECATUR BLVD,,S DECATUR BLVD,2021-11-27T00:00:00.000,1908,LAS VEGAS,CLARK,CLARK,661117.184999999,3996606.7707
NLPD1907030013686,N COMMERCE ST,,N COMMERCE ST,W PIPER AVE,,W PIPER AVE,2019-07-03T00:00:00.000,13,NORTH LAS VEGAS,,,666927.001899999,4009217.7477
NLPD2307190014474,W ANN RD,,W ANN RD,ALLEN LN,,ALLEN LN,2023-07-19T00:00:00.000,1147,NORTH LAS VEGAS,CLARK,CLARK,662599.013199999,4014473.15909999
LVM190600106305,KAREN AVE,,KAREN AVE,MALIBU ST,,MALIBU ST,2019-06-22T00:00:00.000,2151,LAS VEGAS,CLARK,CLARK,667975.185499999,4001181.75479999
LVM211000018946,E TROPICANA AVE,,E TROPICANA AVE,OTHER,SANDHILL,OTHER,2021-10-05T00:00:00.000,1426,LAS VEGAS,CLARK,CLARK,667832.775899999,3996756.02529999
UNR20-16,N SIERRA ST,,N SIERRA ST,W 11TH ST,,W 11TH ST,2020-01-10T00:00:00.000,1410,RENO,WASHOE,WASHOE,257775.9368,4380298.34789999
HP21-00081,BOULDER HWY S,,BOULDER HWY S,S MAJOR AVE,,S MAJOR AVE,2021-01-02T00:00:00.000,1856,HENDERSON,CLARK,CLARK,682792.817499999,3989188.8976
LVM191100114540,S EASTERN AVE,,S EASTERN AVE,KAREN AVE,,KAREN AVE,2019-11-24T00:00:00.000,2257,LAS VEGAS,CLARK,CLARK,669264.515999999,4001195.6664
LVM200700089749,DEAN MARTIN DR,,DEAN MARTIN DR,W PATRICK LN,,W PATRICK LN,2020-07-21T00:00:00.000,1005,LAS VEGAS,CLARK,CLARK,663761.3086,3994008.00479999
RPD20-3538,S MCCARRAN BLVD,,S MCCARRAN BLVD,TALBOT LN,,TALBOT LN,2020-02-21T00:00:00.000,959,RENO,WASHOE,WASHOE,259069.1797,4373425.93139999
NHP210500081,METZLER RD,,METZLER RD,SR227,,SR227,2021-05-06T00:00:00.000,2341,,ELKO,ELKO,606214.485199999,4521084.8354
LVM190600045988,N WALNUT RD,,N WALNUT RD,E LAKE MEAD BLVD,,E LAKE MEAD BLVD,2019-06-10T00:00:00.000,1654,LAS VEGAS,CLARK,CLARK,671800.603799999,4007348.09469999
LVM230200103630,S VALLEY VIEW BLVD,,S VALLEY VIEW BLVD,TARA AVE,,TARA AVE,2023-02-25T00:00:00.000,1904,LAS VEGAS,CLARK,CLARK,662799.257799999,4000896.97389999
SPPD22-9568,LOS ALTOS PKWY,,LOS ALTOS PKWY,SANTA BARBARA AVE,,SANTA BARBARA AVE,2022-12-05T00:00:00.000,935,SPARKS,WASHOE,WASHOE,267121.497899999,4385302.6577
NHP210800355,IR80 E,,IR80E,SR445,SR-445,SR445,2021-08-06T00:00:00.000,255,,WASHOE,WASHOE,263309.836,4379641.08119999
LVM221200115357,OTHER,EASTERN,S EASTERN AVE,OTHER,FLAMINGO,SR592,2022-12-29T00:00:00.000,2126,LAS VEGAS,CLARK,CLARK,669275.281299999,3998304.13609999
LVM220400110804,BOB STUPAK AVE,,BOB STUPAK AVE,S LAS VEGAS BLVD,,S LAS VEGAS BLVD,2022-04-26T00:00:00.000,1924,LAS VEGAS,CLARK,CLARK,665378.2158,3983824.87519999
SPPD21-8982,BATTLE BORN DR,,BATTLE BORN DR,VICTORIAN AVE,,VICTORIAN AVE,2021-10-22T00:00:00.000,520,SPARKS,WASHOE,WASHOE,261475.474399999,4379821.5974
LVM191200016706,W SAHARA AVE,,W SAHARA AVE,S FORT APACHE RD,,S FORT APACHE RD,2019-12-04T00:00:00.000,1101,LAS VEGAS,CLARK,CLARK,653153.8015,4001307.90269999
NHP220700257,OTHER,PINTO LN TO IR15S,S MARTIN L KING BLVD TO IR15SCD3,IR15SCD3,,IR15SCD3,2022-07-05T00:00:00.000,348,,CLARK,CLARK,665359.328499999,4003714.1052
NHP190400880,US95 S,,US95 S,OTHER,FLAMINGO W TO GO US95 S ON RAMP,OTHER,2019-04-11T00:00:00.000,2312,RENO,CLARK,CLARK,672536.3492,3998466.39699999
LVM190800052561,S LAS VEGAS BLVD,,S LAS VEGAS BLVD,BELLAGIO DR,,BELLAGIO DR,2019-08-11T00:00:00.000,1124,LAS VEGAS,CLARK,CLARK,664442.1359,3997825.7595
NLPD2305130009573,N Bruce St,,N BRUCE ST,E CRAIG RD,,E CRAIG RD,2023-05-13T00:00:00.000,1841,North Las Vegas,CLARK,CARSON CITY,668450.1912,4012165.0521
LVM230700033044,W LAKE MEAD BLVD,,W LAKE MEAD BLVD,H ST,,H ST,2023-07-07T17:00:00.000,135,LAS VEGAS,CLARK,CLARK,666164.8562,4007236.28839999
LVM230100107911,PENNWOOD AVE,,PENNWOOD AVE,ARVILLE ST,,ARVILLE ST,2023-01-27T00:00:00.000,1540,LAS VEGAS,CLARK,CLARK,661865.599299999,4000673.81929999
NHP191101480,SR427,,SR427,,,,2019-11-17T00:00:00.000,1840,RENO,LYON,LYON,305174.786199999,4388573.7791
LVM191100115524,E TWAIN AVE,,E TWAIN AVE,CAMBRIDGE ST,,CAMBRIDGE ST,2019-11-25T00:00:00.000,535,LAS VEGAS,CLARK,CLARK,667228.2361,3999097.34579999
LVM231000106896,E BONANZA RD,,E BONANZA RD,N HONOLULU ST,,N HONOLULU ST,2023-10-31T00:00:00.000,2110,LAS VEGAS,CLARK,CLARK,671519.275799999,4004876.21189999
LVM190100123524,S LAS VEGAS BLVD,,S LAS VEGAS BLVD,WYNN DR,,WYNN DR,2019-01-26T00:00:00.000,2119,LAS VEGAS,CLARK,CLARK,665064.201999999,4000043.70109999
RPD22-18871,W 4TH ST,,W 4TH ST,WEST ST,,WEST ST,2022-10-07T00:00:00.000,2016,RENO,WASHOE,WASHOE,257893.622999999,4379318.44749999
RPD21-17951,KIETZKE LN,,KIETZKE LN,E MOANA LN,,E MOANA LN,2021-09-24T00:00:00.000,1257,RENO,WASHOE,WASHOE,260152.443199999,4375224.10539999
LVM230400055149,W WASHINGTON AVE,,W WASHINGTON AVE,OTHER,N J ST,J ST,2023-04-12T00:00:00.000,2024,LAS VEGAS,CLARK,CLARK,665797.881099999,4005581.14699999
LVM221200032884,E HARMON AVE,,E HARMON AVE,OTHER,PLANET HOLLYWOOD WAY,PLANET HOLLYWOOD WAY,2022-12-09T00:00:00.000,40,LAS VEGAS,CLARK,CLARK,664720.001799999,3997480.56629999
LVM220700028275,S COMMERCE ST,,S COMMERCE ST,W CHICAGO AVE,,W CHICAGO AVE,2022-07-07T00:00:00.000,1819,LAS VEGAS,CLARK,CLARK,665923.5124,4002194.0852
NHP190501044,US95 S,,US95 S,OTHER,HORIZON SB OFF RAMP RP PHYSICAL GORE,OTHER,2019-05-14T00:00:00.000,1103,RENO,CLARK,CLARK,680189.724,3988148.2795
RPD19-10409,E 4TH ST,,E 4TH ST,VALLEY RD,,VALLEY RD,2019-06-01T00:00:00.000,2134,RENO,WASHOE,WASHOE,258683.0641,4379487.5214
LVM220600000321,S JONES BLVD,,S JONES BLVD,W UNIVERSITY AVE,W UNIVERSITY AVE,W UNIVERSITY AVE,2022-06-01T00:00:00.000,225,LAS VEGAS,CLARK,CLARK,659769.3008,3997403.34899999
LVM190600130253,S LAMB BLVD,,S LAMB BLVD,KAREN AVE,,KAREN AVE,2019-06-27T00:00:00.000,2128,LAS VEGAS,CLARK,CLARK,672483.615799999,4001268.69119999
HP23-14994,PASEO VERDE PKWY,,PASEO VERDE PKWY,S VALLE VERDE DR,,S VALLE VERDE DR,2023-08-03T00:00:00.000,1719,HENDERSON,CLARK,CLARK,674601.2587,3988311.59469999
HP21-23547,E HORIZON DR,,E HORIZON DR,E PACIFIC AVE,,E PACIFIC AVE,2021-12-18T00:00:00.000,925,HENDERSON,CLARK,CLARK,,
LVM221200003560,VEGAS VALLEY DR,,VEGAS VALLEY DR,NELLIS BLVD,,NELLIS BLVD,2022-12-01T00:00:00.000,1956,LAS VEGAS,CLARK,CLARK,673851.491499999,4000867.8431
LVM220800108521,W OAKEY BLVD,,W OAKEY BLVD,MARCUS DR,,MARCUS DR,2022-08-26T00:00:00.000,2235,LAS VEGAS,CLARK,CLARK,661426.938799999,4002272.03979999
LVM211100057564,E OWENS AVE,,E OWENS AVE,SANDY LN,,SANDY LN,2021-11-13T00:00:00.000,1830,LAS VEGAS,CLARK,CLARK,671173.092899999,4006501.18539999
STSO20-870,C STREET,,C STREET,OTHER,CARSON STREET,OTHER,2020-10-31T00:00:00.000,1950,,STOREY,STOREY,271702.395499999,4355064.3069
SPPD23-7287,GLENDALE AVE,,GLENDALE AVE,S 21ST ST,,S 21ST ST,2023-09-22T00:00:00.000,538,SPARKS,WASHOE,WASHOE,261782.219899999,4379002.7376
LVM220900025385,E HARMON AVE,,E HARMON AVE,OTHER,PLANET HOLLYWOOD WAY,OTHER,2022-09-06T00:00:00.000,2229,LAS VEGAS,CLARK,CLARK,664719.5728,3997480.5569
LVM210200024954,WEAVER DR,,WEAVER DR,SILVERMAN WAY,,SILVERMAN WAY,2021-02-06T00:00:00.000,1441,LAS VEGAS,CLARK,CLARK,665948.690799999,4006616.3613
LVM210100033119,COMMERCIAL CENTER DR,,COMMERCIAL CENTER DR,E SAHARA AVE,,E SAHARA AVE,2021-01-07T00:00:00.000,2205,LAS VEGAS,CLARK,CLARK,667121.899899999,4001523.20509999
LVM220300002901,N RAINBOW BLVD,,N RAINBOW BLVD,LIGHT BREEZE DR,,LIGHT BREEZE DR,2022-03-01T00:00:00.000,1611,LAS VEGAS,CLARK,CLARK,657994.603799999,4009319.9789
SPPD23-7181,E PRATER WAY,,E PRATER WAY,PULLMAN DR,,PULLMAN DR,2023-09-18T00:00:00.000,1239,SPARKS,WASHOE,WASHOE,266514.945399999,4380439.2332
NLPD2106190010280,E CHEYENNE AVE,,E CHEYENNE AVE,MARY DEE AVE,,MARY DEE AVE,2021-06-19T00:00:00.000,1442,NORTH LAS VEGAS,CLARK,CLARK,669284.871799999,4009735.0
WASO23-5994,ARROWCREEK PKWY,,ARROWCREEK PKWY,CROSSBOW CT,,CROSSBOW CT,2023-11-17T00:00:00.000,1129,RENO,WASHOE,WASHOE,258965.410899999,4365428.63819999
NYSO23NY-3148,TELLER DR,,TELLER DR,DUNN ST,DUNN,DUNN ST,2023-09-10T00:00:00.000,1448,PAHRUMP,NYE,NYE,595376.9582,3999693.23259999
SPPD20-4176,EL RANCHO DR,,EL RANCHO DR,G ST,,G ST,2020-06-15T00:00:00.000,2129,SPARKS,WASHOE,WASHOE,261473.738499999,4380121.775
LVM230200099229,PARADISE RD,,PARADISE RD,CONVENTION CENTER DR,,CONVENTION CENTER DR,2023-02-24T00:00:00.000,1706,LAS VEGAS,CLARK,CLARK,666031.415,4000356.0883
LVM191200044317,PARADISE RD,,PARADISE RD,CONVENTION CENTER DR,,CONVENTION CENTER DR,2019-12-10T00:00:00.000,817,LAS VEGAS,CLARK,CLARK,666033.854299999,4000196.3913
NYSO23NY-2181,OTHER,N LESLIE ST,LESLIE ST,OTHER,IRENE ST,IRENE ST,2023-06-24T00:00:00.000,2111,PAHRUMP,NYE,NYE,585309.7275,4010479.20549999
NLPD2201230001359,W ANN RD,,W ANN RD,N DECATUR BLVD,,N DECATUR BLVD,2022-01-23T00:00:00.000,1459,NORTH LAS VEGAS,CLARK,CLARK,661054.492499999,4014453.58589999
LVM190500029149,SWENSON ST,,SWENSON ST,E FLAMINGO RD,,E FLAMINGO RD,2019-05-06T00:00:00.000,2237,LAS VEGAS,CLARK,CLARK,666829.2581,3998284.54529999
NLPD1905030009187,W RED COACH AVE,,W RED COACH AVE,ALLEN LN,,ALLEN LN,2019-05-03T00:00:00.000,2029,NORTH LAS VEGAS,CLARK,CLARK,662689.434299999,4012436.48359999
LVM210700118136,E NAPLES DR,,E NAPLES DR,PARADISE RD,,PARADISE RD,2021-07-26T00:00:00.000,1608,LAS VEGAS,CLARK,CLARK,666400.029799999,3997255.7937
LVM200800102003,S FORT APACHE RD,,S FORT APACHE RD,MARINER COVE DR,,MARINER COVE DR,2020-08-24T00:00:00.000,743,LAS VEGAS,CLARK,CLARK,653194.376299999,4000552.36109999
NHP231201368,RUBY VISTA DR,,RUBY VISTA DR,JOSHUA CIR,,JOSHUA CIR,2023-12-20T00:00:00.000,2130,ELKO,ELKO,ELKO,605047.045099999,4522832.0975
LVM231000001234,W OQUENDO RD,,W OQUENDO RD,CAMERON ST,,CAMERON ST,2023-10-01T17:00:00.000,1000,LAS VEGAS,CLARK,CLARK,661787.398199999,3994614.56069999
LVMLLV190700011732,NEEDLES HWY,,NEEDLES HWY,EL MIRAGE WAY,,EL MIRAGE WAY,2019-07-03T00:00:00.000,820,,CLARK,CLARK,716475.865399999,3891362.92899999
LVM221000092547,W TROPICANA AVE,,W TROPICANA AVE,S GRAND CANYON DR,,S GRAND CANYON DR,2022-10-24T00:00:00.000,1539,LAS VEGAS,CLARK,CLARK,652457.7981,3996379.1629
RPD23-3737,NORTHTOWNE LN,,NORTHTOWNE LN,N MCCARRAN BLVD,,MCCARRAN BLVD,2023-03-01T00:00:00.000,721,RENO,WASHOE,WASHOE,260979.6928,4382250.69189999
NLPD2107280012788,E OWENS AVE,,E OWENS AVE,N MAIN ST,,N MAIN ST,2021-07-28T00:00:00.000,1503,NORTH LAS VEGAS,CLARK,CLARK,667661.399,4006460.5219
LVM221200067616,W ANN RD,,W ANN RD,N CHIEFTAIN ST,,N CHIEFTAIN ST,2022-12-17T00:00:00.000,1750,LAS VEGAS,CLARK,CLARK,652767.945799999,4014424.9337
LVM191100142184,E DESERT INN RD,,E DESERT INN RD,S NELLIS BLVD,,S NELLIS BLVD,2019-11-30T00:00:00.000,1808,LAS VEGAS,CLARK,CLARK,674089.911799999,4000058.90059999
LVM211200067137,E LAKE MEAD BLVD,,E LAKE MEAD BLVD,N CHRISTY LN,CHRISTY,N CHRISTY LN,2021-12-16T00:00:00.000,2147,LAS VEGAS,CLARK,CLARK,675069.4455,4007465.79289999
HP21-24005,ST ROSE PKWY,,ST ROSE PKWY,ST ROSE PKWY E,,ST ROSE PKWY E,2021-12-25T00:00:00.000,1750,HENDERSON,CLARK,CLARK,,
RPD23-23007,WRONDEL WAY,,WRONDEL WAY,HUBBARD WAY,,HUBBARD WAY,2023-12-14T16:00:00.000,1834,RENO,WASHOE,WASHOE,259557.1809,4375871.50439999
RPD21-17724,VASSAR ST,,VASSAR ST,TERMINAL WAY,,TERMINAL WAY,2021-09-21T00:00:00.000,1516,RENO,WASHOE,WASHOE,261227.0064,4377395.5526
LVM210200119548,PARADISE RD,,PARADISE RD,E SAHARA AVE,,E SAHARA AVE,2021-02-26T00:00:00.000,1750,LAS VEGAS,CLARK,CLARK,666012.855899999,4001455.4163
RPD19-3127,E 9TH ST,,E 9TH ST,MONTELLO ST,,MONTELLO ST,2019-02-13T00:00:00.000,2026,RENO,WASHOE,WASHOE,259787.633299999,4380268.97299999
LVM230100104528,S LAS VEGAS BLVD,,S LAS VEGAS BLVD,E SAHARA AVE,,E SAHARA AVE,2023-01-26T00:00:00.000,1809,LAS VEGAS,CLARK,CLARK,665780.8956,4001461.0285
HP21-02090,ST ROSE PKWY,,ST ROSE PKWY,ALPER CENTER DR,,ALPER CENTER DR,2021-02-04T00:00:00.000,215,HENDERSON,CLARK,CLARK,668408.0021,3984994.11879999
LVM220300046344,E HARMON AVE,,E HARMON AVE,AUDRIE ST,AUDRIE,AUDRIE ST,2022-03-11T00:00:00.000,2048,LAS VEGAS,CLARK,CLARK,664925.3528,3997484.3517
NLPD1907200014915,E CAREY AVE,,E CAREY AVE,N LAS VEGAS BLVD,,N LAS VEGAS BLVD,2019-07-20T00:00:00.000,1050,NORTH LAS VEGAS,CLARK,CLARK,669188.5296,4008121.55179999
SPPD22-8044,C ST,,C ST,20TH ST,,20TH ST,2022-10-08T00:00:00.000,2234,SPARKS,WASHOE,WASHOE,261958.881699999,4379942.37759999
NLPD2203290005653,SIMMONS ST,,SIMMONS ST,W LONE MOUNTAIN RD,,W LONE MOUNTAIN RD,2022-03-29T00:00:00.000,1222,NORTH LAS VEGAS,CLARK,CLARK,663520.834699999,4012855.84899999
